game_id,id,year,region,round,high_bracket_seed,high_bracket_team,low_bracket_seed,low_bracket_team,high_bracket_score,low_bracket_score,point_diff,point_total,win,ovr_rating_bpi,ovr_rating_kenpom,ovr_rating_torvik,wab,off_rating_bpi,off_rating_kenpom,off_rating_torvik,def_rating_bpi,def_rating_kenpom,def_rating_torvik,efg%_off,ftr_off,reb%_off,to%_off,efg%_def,ftr_def,reb%_def,to%_def,2p%_off,3p%_off,eff_off,ft%_off,2p%_def,3p%_def,eff_def,ft%_def,height_eff,size,bench,adj_tempo,s_s,s_a,s_b,s_c,s_d,s_f,a_s,a_a,a_b,a_c,a_d,a_f,b_s,b_a,b_b,b_c,b_d,b_f,c_s,c_a,c_b,c_c,c_d,c_f,d_s,d_a,d_b,d_c,d_d,d_f,f_s,f_a,f_b,f_c,f_d,f_f
20083113,3113,2008,East,Sweet 16,1,2008 North Carolina,4,2008 Washington St.,68,47,21,115,1,5.9,4.2402,0.031319504,6.988816481,6,12.4229294,11.18756821,-0.1,-8.212372698,-5.245987009,4.7,10.3,12.3,-3.2,-6.4,-14.3,0.6,4,4.9,4.1,20.4858,3,-5.9,-4.9,-17.1199,-6.8,-1.96,-0.4,8.98,16.6,0,0,0,1,0,0,0,0,0,0,0,0,0,0,0,0,0,0,0,0,0,0,0,0,0,0,0,0,0,0,0,0,0,0,0,0
20084115,4115,2008,East,Elite Eight,1,2008 North Carolina,3,2008 Louisville,83,73,10,156,1,4.1,4.9466,0.021480865,7.155627336,10.1,7.857259361,5.838781356,-6.1,-3.768372698,-1.363971109,8.6,5.9,11.7,-2.4,-4,-10.9,-4.7,1.6,8.9,6.8,24.2197,7.2,-5.5,-1,-11.7709,1,-0.63,0.57,-2.34,8.9,0,0,0,1,0,0,0,0,0,0,0,0,0,0,0,0,0,0,0,0,0,0,0,0,0,0,0,0,0,0,0,0,0,0,0,0
20083113,3113,2008,East,Sweet 16,3,2008 Louisville,2,2008 Tennessee,79,60,19,139,1,0,0.8608,0.000440184,-4.453270017,4.3,7.060447768,1.867069336,-4.2,-4.958259361,-1.895481956,2.8,-3,-0.9,-5,-9,-3.6,-6.3,3.7,1.7,3.2,8.8067,-1.9,-9.4,-5.4,-22.0997,2.8,-0.21,-0.25,-1.12,-5.8,0,0,0,0,0,0,0,0,0,0,0,0,0,0,0,0,0,0,0,0,1,0,0,0,0,0,0,0,0,0,0,0,0,0,0,0
20083213,3213,2008,Midwest,Sweet 16,1,2008 Kansas,12,2008 Villanova,72,57,15,129,1,12.9,20.9836,0.172373466,9.584398582,9,17.18119436,15.65860836,4,5.424394787,9.139747511,5,-8.4,6.6,-5.2,-4.2,-7.6,-7.9,2.5,6.4,2.9,17.386,2.4,-6.8,-0.2,-15.6889,-4.6,2.14,-0.12,-7.91,-0.2,0,0,0,1,0,0,0,0,0,0,0,0,0,0,0,0,0,0,0,0,0,0,0,0,0,0,0,0,0,0,0,0,0,0,0,0
20084215,4215,2008,Midwest,Elite Eight,1,2008 Kansas,10,2008 Davidson,59,57,2,116,1,7.1,13.4115,0.086792364,8.418376936,7.1,14.4842167,12.21971112,0.1,0.271394787,6.041598811,7.9,-0.2,10.4,-5.4,-9.6,5.4,-3.6,5.2,8.4,5.4,25.0719,6.7,-13.7,-2.1,-23.9979,-5.2,1.35,-0.21,-1.43,0.1,0,0,1,0,0,0,0,0,0,0,0,0,0,0,0,0,0,0,0,0,0,0,0,0,0,0,0,0,0,0,0,0,0,0,0,0
20083214,3214,2008,Midwest,Sweet 16,3,2008 Wisconsin,10,2008 Davidson,56,73,-17,129,0,1.7,6.8575,0.06613215,6.759635708,-3.2,6.670216703,3.463285022,4.9,1.942380663,6.964354393,2.2,1.6,8.6,-4.7,-11.3,0,-4.1,4.5,2.8,1.4,16.0369,6.8,-13.3,-5,-26.7547,-4.8,2.22,0.23,-8.06,-6.5,0,0,1,0,0,0,0,0,0,0,0,0,0,0,0,0,0,0,0,0,0,0,0,0,0,0,0,0,0,0,0,0,0,0,0,0
20083313,3313,2008,South,Sweet 16,1,2008 Memphis,5,2008 Michigan St.,92,74,18,166,1,5.7,8.4965,0.052455918,3.816909176,3.5,8.944834765,5.130554053,2.2,1.766072096,5.344547492,6.9,6.4,6.4,-2.1,-10,-1.4,-10.5,2.1,8.1,3.3,16.0937,-6.1,-9.8,-7.5,-24.9715,-5.8,-0.54,1.1,1.47,6.2,0,1,0,0,0,0,0,0,0,0,0,0,0,0,0,0,0,0,0,0,0,0,0,0,0,0,0,0,0,0,0,0,0,0,0,0
20084315,4315,2008,South,Elite Eight,1,2008 Memphis,2,2008 Texas,85,67,18,152,1,5.6,4.5266,0.027803305,0.522484447,7,9.327694843,7.075673158,-1.4,-2.546927904,-0.645156208,6.9,8.9,4.1,-1.3,-8.9,0.1,-6.8,9.2,9.7,1.8,14.4154,-7.5,-7.1,-7.9,-28.3095,-1.6,0.24,2.37,15.21,5.4,0,1,0,0,0,0,0,0,0,0,0,0,0,0,0,0,0,0,0,0,0,0,0,0,0,0,0,0,0,0,0,0,0,0,0,0
20083314,3314,2008,South,Sweet 16,3,2008 Stanford,2,2008 Texas,62,82,-20,144,0,0.4,-0.9152,-0.008518162,-1.668257404,1.2,7.960694843,5.307634658,-0.8,-7.890666844,-7.152807195,3.7,10.7,5.5,0.4,-7.4,1.4,-7.3,4,4.6,2.8,10.4354,2.5,-7.1,-4.2,-20.7657,-2.6,3.46,2.54,18.52,-1,0,0,0,0,0,0,0,1,0,0,0,0,0,0,0,0,0,0,0,0,0,0,0,0,0,0,0,0,0,0,0,0,0,0,0,0
20083413,3413,2008,West,Sweet 16,1,2008 UCLA,12,2008 Western Kentucky,88,78,10,166,1,10.7,16.5107,0.15176468,10.54738055,7.3,15.6539061,11.66400037,3.4,2.354127042,6.461426608,5.4,-9.7,6.4,-6.4,-5.6,-10.5,-11.1,2.5,6.9,1.3,19.2072,3.7,-4.8,-4.4,-19.2706,-2.5,2.92,1.16,-17.78,-3.7,0,0,0,1,0,0,0,0,0,0,0,0,0,0,0,0,0,0,0,0,0,0,0,0,0,0,0,0,0,0,0,0,0,0,0,0
20084415,4415,2008,West,Elite Eight,1,2008 UCLA,3,2008 Xavier,76,57,19,133,1,4.6,8.23,0.039267145,6.104426252,1.5,12.42892354,8.042594441,3,-2.982872958,-0.077911892,5.5,6.5,9.7,-1.2,-7,-16,-10.6,2.4,8.3,0.3,17.7919,6.3,-6,-5,-23.5706,-6.9,1.32,1.09,-7.6,-0.2,0,0,0,1,0,0,0,0,0,0,0,0,0,0,0,0,0,0,0,0,0,0,0,0,0,0,0,0,0,0,0,0,0,0,0,0
20083414,3414,2008,West,Sweet 16,3,2008 Xavier,7,2008 West Virginia,79,75,4,154,1,-2.3,2.2053,0.014128666,2.014548567,0.2,9.381226548,6.72444052,-2.5,-7.263923545,-4.804236341,7.3,2.8,5.1,-3,-4.8,-5.6,-4.6,3.7,7.7,3.8,20.0931,10.2,-6,-2.3,-15.4829,-0.6,-0.58,-1.44,7.04,-0.9,0,0,0,0,0,0,0,0,0,0,0,0,0,0,0,0,0,0,0,0,0,1,0,0,0,0,0,0,0,0,0,0,0,0,0,0
20093113,3113,2009,Midwest,Sweet 16,1,2009 Louisville,12,2009 Arizona,103,64,39,167,1,10.6,9.3543,0.098820387,7.341753848,8,10.41936719,9.613141412,2.6,2.032006703,1.892136765,1.1,6.7,0.6,1.4,-9.2,-5.6,-4.3,4.2,1.4,0.5,-0.004,-3.9,-7.5,-9.1,-22.9574,-5.5,0.52,0.2,13.4,4.7,0,0,0,1,0,0,0,0,0,0,0,0,0,0,0,0,0,0,0,0,0,0,0,0,0,0,0,0,0,0,0,0,0,0,0,0
20094115,4115,2009,Midwest,Elite Eight,1,2009 Louisville,2,2009 Michigan St.,52,64,-12,116,0,3.4,2.5847,0.025753123,0.688650643,1.7,-1.956615388,-1.475292007,1.8,6.530006703,6.165765365,4.3,-3.2,8.6,-1.1,-6.1,-10.4,-9.1,2.5,3.2,4,11.2866,-5.4,-5.9,-4.9,-19.6874,-0.7,0.76,0.38,-5.26,2.6,0,1,0,0,0,0,0,0,0,0,0,0,0,0,0,0,0,0,0,0,0,0,0,0,0,0,0,0,0,0,0,0,0,0,0,0
20093113,3113,2009,Midwest,Sweet 16,3,2009 Kansas,2,2009 Michigan St.,62,67,-5,129,0,0.9,0.348,0.008961782,-1.926821087,2.7,3.633384612,3.098646393,-1.7,-3.652792133,-1.692177461,6,4.8,10.9,0.1,-5.5,-5.2,-11.8,-1.4,4.8,6,16.1876,3.1,-7.5,-1.8,-13.6801,3.1,0.22,-0.05,-10.86,2.9,0,0,0,0,0,0,0,1,0,0,0,0,0,0,0,0,0,0,0,0,0,0,0,0,0,0,0,0,0,0,0,0,0,0,0,0
20093213,3213,2009,West,Sweet 16,1,2009 Connecticut,5,2009 Purdue,72,60,12,132,1,5.1,6.0764,0.030988375,4.856854591,4.3,1.233096201,-0.05174918,0.8,5.355672816,5.876370338,7.2,14.1,8.5,-4.6,-8.2,-14.1,1.9,-0.3,9.2,1.9,21.494,1,-9.2,-3.8,-13.6623,0.9,3.37,1.49,-4.48,2.2,0,0,0,1,0,0,0,0,0,0,0,0,0,0,0,0,0,0,0,0,0,0,0,0,0,0,0,0,0,0,0,0,0,0,0,0
20094215,4215,2009,West,Elite Eight,1,2009 Connecticut,3,2009 Missouri,82,75,7,157,1,2.8,4.5561,0.019639119,2.653387121,9.4,4.762410891,3.839257682,-6.5,1.000672816,0.231983438,4.9,5.8,5.7,-7.8,-10.3,-17.3,-3.7,0.3,4.5,3.9,19.9715,1,-11.9,-4.5,-19.7513,4.1,3.67,0.35,-11.26,-4.9,0,1,0,0,0,0,0,0,0,0,0,0,0,0,0,0,0,0,0,0,0,0,0,0,0,0,0,0,0,0,0,0,0,0,0,0
20093214,3214,2009,West,Sweet 16,3,2009 Missouri,2,2009 Memphis,102,91,11,193,1,-2.7,-5.9558,-0.026305937,-0.936792796,2.6,-8.442944722,-7.771828597,-5.2,-0.924410891,1.478316718,12.4,2.3,4.7,-6,-3.1,-0.4,-4,7.8,13.4,6.5,27.7447,-2.1,-3.6,-1.2,-17.6195,-2.9,-0.88,-0.85,10.29,4.8,0,0,0,0,0,0,1,0,0,0,0,0,0,0,0,0,0,0,0,0,0,0,0,0,0,0,0,0,0,0,0,0,0,0,0,0
20093313,3313,2009,East,Sweet 16,1,2009 Pittsburgh,4,2009 Xavier,60,55,5,115,1,4.6,10.3826,0.06269125,5.711568621,3.7,12.85813985,10.57847451,0.9,-2.464710724,-0.279762385,9.3,-1.5,15.1,-0.2,-5.7,-15.9,-7.8,-1.8,11.6,2.7,24.0008,1,-3.9,-6.5,-11.4397,1.8,-3.82,-1.7,-2.01,-0.2,0,0,0,1,0,0,0,0,0,0,0,0,0,0,0,0,0,0,0,0,0,0,0,0,0,0,0,0,0,0,0,0,0,0,0,0
20094315,4315,2009,East,Elite Eight,1,2009 Pittsburgh,3,2009 Villanova,76,78,-2,154,0,2.2,7.7696,0.041769829,2.582700628,5.7,12.70193662,11.09216615,-3.5,-4.944710724,-3.237162985,6,-6,12.3,-4.2,-4.5,-12.1,-6.2,0.5,8.3,1.8,20.7212,-0.8,-4.5,-3.3,-14.0207,-5,-0.74,-0.68,0.25,-2.4,0,1,0,0,0,0,0,0,0,0,0,0,0,0,0,0,0,0,0,0,0,0,0,0,0,0,0,0,0,0,0,0,0,0,0,0
20093314,3314,2009,East,Sweet 16,3,2009 Villanova,2,2009 Duke,77,54,23,131,1,-2.5,-3.6203,-0.029607473,-1.856762172,3.5,5.57778885,1.975795359,-6,-9.090936619,-6.80314035,4.1,11.8,2.4,-4.4,-3.5,-3.2,-7,4.5,3.7,2.7,15.6268,5.2,-5.2,-1,-15.9782,-4.2,-2.01,-0.54,-2.84,0,0,0,0,0,0,0,1,0,0,0,0,0,0,0,0,0,0,0,0,0,0,0,0,0,0,0,0,0,0,0,0,0,0,0,0,0
20093413,3413,2009,South,Sweet 16,1,2009 North Carolina,4,2009 Gonzaga,98,77,21,175,1,6.1,2.604,0.007289,3.219244471,17.7,12.644406,9.273467383,-11.6,-10.577617,-7.223874014,9.9,10,10,-5,-7.9,-9.5,0.5,4.2,12.9,3.6,27.6056,6.6,-8.2,-4.9,-18.6854,-1.4,-3.12,-1.23,0.41,7.1,0,0,1,0,0,0,0,0,0,0,0,0,0,0,0,0,0,0,0,0,0,0,0,0,0,0,0,0,0,0,0,0,0,0,0,0
20094415,4415,2009,South,Elite Eight,1,2009 North Carolina,2,2009 Oklahoma,72,60,12,132,1,7,5.2692,0.026992286,0.297425338,16.6,16.98176774,15.41187788,-9.6,-11.643617,-10.22302701,6.9,9.4,8.9,-1.1,-7.8,-21.7,-4.7,0.9,8.6,3.2,20.0694,8.5,-11.1,-0.8,-17.5204,1.3,-0.26,-0.44,7.42,6.4,0,1,0,0,0,0,0,0,0,0,0,0,0,0,0,0,0,0,0,0,0,0,0,0,0,0,0,0,0,0,0,0,0,0,0,0
20093414,3414,2009,South,Sweet 16,3,2009 Syracuse,2,2009 Oklahoma,71,84,-13,155,0,-0.7,-1.5952,-0.009242339,-1.500146958,9.7,11.29976774,9.308292879,-10.4,-12.96294287,-10.70749316,8.6,10.3,4.5,2.3,-8.2,-20.7,-0.7,-0.4,12.2,1.3,11.9914,-4.1,-7.4,-6.3,-15.1559,-4.4,-1.41,-0.6,3.71,2.1,0,0,0,0,0,0,0,0,0,0,0,0,0,1,0,0,0,0,0,0,0,0,0,0,0,0,0,0,0,0,0,0,0,0,0,0
20103113,3113,2010,Midwest,Sweet 16,9,2010 Northern Iowa,5,2010 Michigan St.,52,59,-7,111,0,-1.9,-2.0327,-0.014905156,0.380169078,-8.6,-0.701871521,-1.583896029,6.6,-0.864516636,0.11839199,3.2,6.5,2.3,-1.7,-5.3,-7.7,-14.6,-0.4,2.4,2.8,11.482,3.9,-7.8,-0.1,-16.9663,0.9,1.36,0.1,2.02,-7.1,0,0,0,0,0,0,0,0,0,0,0,0,0,0,0,0,0,0,0,0,0,1,0,0,0,0,0,0,0,0,0,0,0,0,0,0
20103113,3113,2010,Midwest,Sweet 16,6,2010 Tennessee,2,2010 Ohio St.,76,73,3,149,1,-2.7,-8.0785,-0.057491826,-1.733067491,-0.9,-2.141178511,-2.552195242,-1.8,-5.335828156,-4.561384463,2.8,9.2,4,-3,-11.5,5.2,2.4,6.4,6.7,-3,9.0159,-3.7,-10,-9.5,-21.8371,0.7,3.05,0.22,22.64,5.6,0,0,0,0,0,0,0,0,0,0,0,0,0,0,0,0,0,0,1,0,0,0,0,0,0,0,0,0,0,0,0,0,0,0,0,0
20103213,3213,2010,West,Sweet 16,1,2010 Syracuse,5,2010 Butler,59,63,-4,122,0,6.3,7.5591,0.058088883,2.889129634,4,7.932133594,6.332939487,2.4,-0.343281266,2.16985958,11,1.6,10.1,0,-5.9,-22.4,3.8,3.5,10.9,7.6,21.4933,-2,-6.6,-3.2,-14.505,-11,3.71,2.1,3.18,7,0,0,1,0,0,0,0,0,0,0,0,0,0,0,0,0,0,0,0,0,0,0,0,0,0,0,0,0,0,0,0,0,0,0,0,0
20103214,3214,2010,West,Sweet 16,6,2010 Xavier,2,2010 Kansas St.,96,101,-5,197,0,-1.1,-5.1111,-0.048245881,-3.850557097,8.6,4.257719561,3.275325575,-9.7,-10.09942284,-9.83705094,5.6,-4.9,1.8,-5.3,-4.9,-18.9,-11.6,-2,5.4,4.1,15.1214,2,-2.8,-6.3,-13.8806,-0.9,1.73,0.43,-0.27,-1.5,0,0,0,0,0,0,0,0,0,0,0,0,0,0,0,0,0,0,0,1,0,0,0,0,0,0,0,0,0,0,0,0,0,0,0,0
20104215,4215,2010,West,Elite Eight,5,2010 Butler,2,2010 Kansas St.,63,56,7,119,1,-2,-4.9072,-0.050904514,-2.091412842,-0.2,0.233719561,-1.867514625,-1.9,-5.190133594,-5.135121087,5.1,0.4,-2,-4.4,-4.3,-16.3,-13.9,0.9,6.9,1.1,13.2194,5.5,-2.9,-4.8,-16.7383,2.6,-2.55,-0.47,-6.02,-7.2,0,0,0,0,0,0,0,0,0,0,0,0,0,1,0,0,0,0,0,0,0,0,0,0,0,0,0,0,0,0,0,0,0,0,0,0
20103313,3313,2010,East,Sweet 16,1,2010 Kentucky,12,2010 Cornell,62,45,17,107,1,6.7,11.3577,0.141770183,6.659411493,8.1,16.23990484,14.85128555,-1.4,-3.679063317,-1.724028866,5.4,4.6,11.1,-0.4,-12.9,-1.2,0,1.4,8.6,-1.2,13.8631,-4,-8.9,-12,-21.887,-3.1,-0.2,1.6,-1.65,4.7,0,0,0,0,0,0,0,0,0,1,0,0,0,0,0,0,0,0,0,0,0,0,0,0,0,0,0,0,0,0,0,0,0,0,0,0
20104315,4315,2010,East,Elite Eight,1,2010 Kentucky,2,2010 West Virginia,66,73,-7,139,0,0.7,-0.8225,0.007817315,0.653256225,3,5.209642,5.712352395,-2.3,-5.565063317,-4.492002366,5.3,2.9,9.6,-0.4,-5.8,-10.5,-10.4,1.8,7.2,0.8,14.1201,-1.1,-7.4,-1.9,-19.756,0.5,1.87,0.28,2.41,6.4,0,0,0,0,0,0,1,0,0,0,0,0,0,0,0,0,0,0,0,0,0,0,0,0,0,0,0,0,0,0,0,0,0,0,0,0
20103314,3314,2010,East,Sweet 16,11,2010 Washington,2,2010 West Virginia,56,69,-13,125,0,-5.1,-7.8215,-0.052657994,-6.822809224,2.1,2.338642,3.009379395,-7.3,-10.49379011,-9.515218332,1.7,1.4,6.2,-3.4,-3.1,8.2,-10.8,3.9,3,-0.8,10.6201,3.7,-2.8,-2.4,-16.219,-1.3,-1.17,-2.61,8.48,9.3,0,0,0,0,0,0,0,0,0,0,0,0,0,0,0,0,0,0,1,0,0,0,0,0,0,0,0,0,0,0,0,0,0,0,0,0
20103413,3413,2010,South,Sweet 16,1,2010 Duke,4,2010 Purdue,70,57,13,127,1,7.6,8.953,0.036459696,1.875916877,3.5,5.874235498,4.546094707,4,3.202399801,3.76865416,4.9,0.5,9,-7.4,-5.5,-5.3,1.8,5.6,4.6,2.5,22.9112,5.3,-5.7,-3.7,-15.5395,-4.1,4.61,1.98,-7.9,1,0,0,1,0,0,0,0,0,0,0,0,0,0,0,0,0,0,0,0,0,0,0,0,0,0,0,0,0,0,0,0,0,0,0,0,0
20104415,4415,2010,South,Elite Eight,1,2010 Duke,3,2010 Baylor,78,71,7,149,1,7.1,8.1482,0.04891437,2.866336525,6.8,14.01477806,14.13375138,0.1,-4.419600199,-4.34438524,5.7,3.2,7.4,-1.4,-10.7,-2.8,-5.8,1.3,5.3,4.4,16.4112,8.7,-8.7,-10.4,-21.6115,-4.8,-1.32,1.04,0.06,0.2,0,1,0,0,0,0,0,0,0,0,0,0,0,0,0,0,0,0,0,0,0,0,0,0,0,0,0,0,0,0,0,0,0,0,0,0
20103414,3414,2010,South,Sweet 16,3,2010 Baylor,10,2010 Saint Mary's,72,49,23,121,1,6.2,3.9949,0.045981738,3.516073586,8.6,15.32988835,15.15185676,-2.3,-11.16077806,-10.24174208,8.8,5.9,7.4,4.3,-11.1,2.6,-0.9,0.8,6.4,10.3,15.1667,8.7,-10.8,-7.3,-18.0192,-8.9,2.06,0.02,5.38,0,0,0,0,0,0,0,0,0,0,1,0,0,0,0,0,0,0,0,0,0,0,0,0,0,0,0,0,0,0,0,0,0,0,0,0,0
20104115,4115,2010,Midwest,Elite Eight,5,2010 Michigan St.,6,2010 Tennessee,70,69,1,139,1,-1.6,2.9047,0.01872017,-0.383915829,-0.4,0.174828156,-0.108012837,-1.2,2.126871521,1.919812429,6.6,-4.7,8.7,-2.7,-3.7,-6.1,-4.1,0.7,6.6,4,16.4861,-1.5,-6.4,1.2,-7.801,4.6,-2.57,-1.52,-7.23,-3.9,0,0,0,0,0,0,0,0,0,0,0,0,0,0,0,0,0,0,0,0,0,1,0,0,0,0,0,0,0,0,0,0,0,0,0,0
20113113,3113,2011,East,Sweet 16,1,2011 Ohio St.,4,2011 Kentucky,60,62,-2,122,0,5.3,6.9605,0.02704527,6.522726492,3.6,15.52191736,14.78030718,1.7,-8.364573823,-7.308001713,12,7.1,4.5,-2.5,-4,-16.2,-7.1,7.4,11.6,8.1,24.4417,-1.2,-1.9,-5.8,-20.0156,1,-1.53,-0.77,-2.04,-2.5,1,0,0,0,0,0,0,0,0,0,0,0,0,0,0,0,0,0,0,0,0,0,0,0,0,0,0,0,0,0,0,0,0,0,0,0
20113113,3113,2011,East,Sweet 16,11,2011 Marquette,2,2011 North Carolina,63,81,-18,144,0,-4.3,-3.413,-0.04240895,-6.692216387,3.9,3.400512185,3.081330183,-8.2,-8.080217702,-7.247660538,5.3,19.9,6.4,-2.1,0.8,-8.7,-4.3,1.8,6.4,2.5,17.2643,4.1,-1.3,3,-4.119,-0.6,-4.77,-1.64,-2.51,-3.8,0,0,0,0,0,0,0,0,0,0,0,0,0,0,0,0,0,0,0,1,0,0,0,0,0,0,0,0,0,0,0,0,0,0,0,0
20114115,4115,2011,East,Elite Eight,4,2011 Kentucky,2,2011 North Carolina,76,69,7,145,1,1.1,3.7284,0.027072813,-2.11829469,4.5,5.537512185,6.232733383,-3.4,-2.530917362,-1.72557798,6.3,12.3,5.4,-3.7,-5.2,-7.2,-6.4,-0.4,4.5,7,20.2643,6.8,-7.3,-0.1,-10.4017,5.4,-3.17,-0.25,-10.99,-5.2,0,1,0,0,0,0,0,0,0,0,0,0,0,0,0,0,0,0,0,0,0,0,0,0,0,0,0,0,0,0,0,0,0,0,0,0
20113213,3213,2011,West,Sweet 16,1,2011 Duke,5,2011 Arizona,77,93,-16,170,0,6.3,10.6641,0.065397871,4.664765393,10.7,15.59966545,13.87809189,-4.4,-3.688822736,-3.284811986,5.2,1.1,6.4,-1.4,-10.6,-13.9,0.2,2.4,1.6,8.7,15.543,8.4,-8.6,-8.3,-21.9043,-10.3,3.99,0.56,-6.7,3.6,0,0,0,1,0,0,0,0,0,0,0,0,0,0,0,0,0,0,0,0,0,0,0,0,0,0,0,0,0,0,0,0,0,0,0,0
20113214,3214,2011,West,Sweet 16,3,2011 Connecticut,2,2011 San Diego St.,74,67,7,141,1,-3.8,-3.9066,-0.028318842,-1.971591781,-2.2,1.456415097,2.47521978,-1.6,-6.423306621,-5.887443954,4.2,5.4,9.5,-2.4,-5.5,-5.3,-2.9,0.9,4.3,2.7,16.8619,3.6,-8,-0.1,-12.062,-1.2,0.58,-0.05,3.8,1.8,0,0,0,0,0,0,1,0,0,0,0,0,0,0,0,0,0,0,0,0,0,0,0,0,0,0,0,0,0,0,0,0,0,0,0,0
20113313,3313,2011,Southwest,Sweet 16,1,2011 Kansas,12,2011 Richmond,77,57,20,134,1,9.6,13.1289,0.132733558,8.384308248,5.9,14.71592992,15.52068273,3.7,-0.874358734,1.622370705,13.1,11.4,3.6,-0.7,-8.9,-0.6,-0.2,3.7,13.1,8.6,21.9679,-0.8,-5.1,-10.6,-16.3736,3.8,-1.54,-0.28,4.78,6.5,0,0,0,1,0,0,0,0,0,0,0,0,0,0,0,0,0,0,0,0,0,0,0,0,0,0,0,0,0,0,0,0,0,0,0,0
20114315,4315,2011,Southwest,Elite Eight,1,2011 Kansas,11,2011 VCU,61,71,-10,132,0,11.6,19.95183,0.255037095,12.14721291,11.7,20.31144361,20.51119573,-0.1,0.565641266,3.032931605,7.3,6.6,0.1,-3.4,-6.2,-4.2,-3.6,2.8,8.3,3.2,15.165,0.2,-3.9,-6.5,-15.0196,1,1.05,0.79,5.05,4.7,0,0,0,0,1,0,0,0,0,0,0,0,0,0,0,0,0,0,0,0,0,0,0,0,0,0,0,0,0,0,0,0,0,0,0,0
20113314,3314,2011,Southwest,Sweet 16,11,2011 VCU,10,2011 Florida St.,72,71,1,143,1,-2.3,-6.22013,-0.13700105,-3.040995016,-1.7,-3.831884076,-5.983688084,-0.7,-3.963443613,-1.795501032,8.7,0.6,0.7,-4.7,1.3,-4,0.7,-0.6,8.5,5.8,17.7401,1.2,0.3,2.5,2.3067,1.6,-2.36,-2.36,-7.83,-4.4,0,0,0,0,0,0,0,0,0,0,0,0,0,0,0,0,0,0,0,0,0,0,0,0,0,0,0,1,0,0,0,0,0,0,0,0
20113413,3413,2011,Southeast,Sweet 16,8,2011 Butler,4,2011 Wisconsin,61,54,7,115,1,-5.8,-10.6042,-0.099907925,-6.013255611,-7.2,8.481573629,6.911483443,1.5,-19.14783392,-18.01149458,2.7,7,5.4,0.3,-3.2,11.5,-6.8,6.3,3.9,-1.3,7.944,-2.2,-0.8,-4.4,-20.5736,-16.3,-2.15,-1.5,5.61,8.3,0,0,0,0,0,0,0,0,0,0,0,0,0,0,0,0,0,0,1,0,0,0,0,0,0,0,0,0,0,0,0,0,0,0,0,0
20114415,4415,2011,Southeast,Elite Eight,8,2011 Butler,2,2011 Florida,74,71,3,145,1,-4.9,-4.531,-0.052468747,-5.611278707,-1.5,7.04251554,5.399485397,-3.4,-11.75683392,-9.736001084,3.4,11.8,2.5,-2.2,-2.9,3.6,-11,0,1.5,4.3,12.5617,5.9,-2.2,-2.9,-11.7436,-0.6,-3.4,-0.76,-0.02,1.6,0,0,0,0,0,0,0,0,0,0,0,0,0,0,0,0,0,0,0,1,0,0,0,0,0,0,0,0,0,0,0,0,0,0,0,0
20113414,3414,2011,Southeast,Sweet 16,3,2011 BYU,2,2011 Florida,74,83,-9,157,0,-1.1,3.9412,0.027643826,2.007394608,6.7,12.50051554,10.5136074,-7.8,-8.469737153,-7.177783191,4.2,12.4,1.6,-4,-5.2,-2.7,-9.7,1.2,2.9,4.2,15.7537,8.7,-6.2,-1.7,-15.0517,2.3,-3.92,0.45,-1.51,7.4,0,0,0,0,0,0,0,0,0,0,0,0,0,1,0,0,0,0,0,0,0,0,0,0,0,0,0,0,0,0,0,0,0,0,0,0
20114215,4215,2011,West,Elite Eight,5,2011 Arizona,3,2011 Connecticut,63,65,-2,128,0,0.9,-2.8196,-0.002059368,-2.141419992,4.7,8.525306621,9.264490654,-3.8,-11.76666545,-9.314581795,9.1,16.7,-1.4,0.8,0.3,2,-10.5,1.2,8.1,6.4,14.301,5.9,3,-4.4,-9.697,-8.9,-3.35,-0.33,7.07,1.1,0,0,0,0,0,0,0,0,0,0,0,0,0,0,0,0,0,0,0,1,0,0,0,0,0,0,0,0,0,0,0,0,0,0,0,0
20123113,3113,2012,South,Sweet 16,1,2012 Kentucky,4,2012 Indiana,102,90,12,192,1,4.9,9.1889,0.0517146,5.517298468,8.7,17.48182455,16.10818335,-3.9,-6.982810271,-6.069323487,5.7,5.8,7.2,-3.1,-13.1,-21,-4.5,-1,7,2.2,18.3223,2.9,-12,-11.2,-24.7586,-7.4,-0.62,0.74,-9.09,-1,0,0,1,0,0,0,0,0,0,0,0,0,0,0,0,0,0,0,0,0,0,0,0,0,0,0,0,0,0,0,0,0,0,0,0,0
20124115,4115,2012,South,Elite Eight,1,2012 Kentucky,3,2012 Baylor,82,70,12,152,1,7.4,10.3084,0.061115299,4.291290276,8.1,14.449892,12.91619508,-0.7,-3.091810271,-1.316956987,6.2,8.3,5.5,-4.1,-11,-10.9,-6.6,-2.5,7,3.2,19.4658,3.3,-12,-5.6,-20.2176,-6.4,-0.33,1.74,-8.47,-1.2,0,0,1,0,0,0,0,0,0,0,0,0,0,0,0,0,0,0,0,0,0,0,0,0,0,0,0,0,0,0,0,0,0,0,0,0
20123113,3113,2012,South,Sweet 16,3,2012 Baylor,10,2012 Xavier,75,70,5,145,1,4.7,9.8134,0.117071222,6.262614077,6.1,11.47023261,8.725482868,-1.4,-1.471891999,0.485538016,7.3,0.1,7.5,2,-2.4,-9.1,1.3,2.7,5.9,7.1,11.4633,0.7,-3.2,-1,-6.3588,-0.5,1.87,0.6,0.03,-0.6,0,0,0,0,0,0,0,0,0,0,0,0,0,0,0,1,0,0,0,0,0,0,0,0,0,0,0,0,0,0,0,0,0,0,0,0
20123213,3213,2012,West,Sweet 16,1,2012 Michigan St.,4,2012 Louisville,44,57,-13,101,0,5.4,10.0022,0.055746369,3.064444703,-1.2,-0.663994407,-3.7549584,6.5,10.7085532,11.62636719,9.8,4.2,2.9,-3.4,-4.6,-2.8,-8.7,-1.7,10.6,5.7,20.0912,3.7,-5.5,-1.9,-9.9875,1.9,-0.24,0.69,14.07,-2.3,0,0,1,0,0,0,0,0,0,0,0,0,0,0,0,0,0,0,0,0,0,0,0,0,0,0,0,0,0,0,0,0,0,0,0,0
20123214,3214,2012,West,Sweet 16,3,2012 Marquette,7,2012 Florida,58,68,-10,126,0,-1.6,-0.9544,-0.017864413,3.02760499,7,12.401996,9.007960816,-8.6,-12.84253661,-11.78377463,1.8,10.8,3.4,-0.9,-8.9,-1.9,2.4,7,4.1,-1.9,6.7195,3.1,-7,-6.9,-21.1567,-3.5,-1.15,0.46,2.64,5.4,0,0,0,0,0,0,0,0,0,0,0,0,0,0,0,0,0,0,0,0,1,0,0,0,0,0,0,0,0,0,0,0,0,0,0,0
20124215,4215,2012,West,Elite Eight,4,2012 Louisville,7,2012 Florida,72,68,4,140,1,-3.1,-1.4752,-0.016676662,2.46701669,-0.1,5.186995999,1.801045016,-2.9,-4.519005593,-4.0950086,-1.4,6.3,5.2,1.7,-11.8,1.8,0.5,6.6,1.2,-4.5,-0.1569,-0.4,-10.4,-8.2,-25.5912,-5.1,-0.14,0.48,-7.01,2.5,0,0,0,0,0,0,0,0,0,0,0,0,0,0,1,0,0,0,0,0,0,0,0,0,0,0,0,0,0,0,0,0,0,0,0,0
20123313,3313,2012,East,Sweet 16,1,2012 Syracuse,4,2012 Wisconsin,64,63,1,127,1,2.1,2.2094,0.006977308,5.992899123,-6,3.238108908,0.904351107,8.1,-1.48488107,0.347722321,10.1,1.9,8.5,-2.5,-5.7,-1.3,8.9,10.1,10.7,5.6,23.2259,0.8,-3.7,-5.5,-15.8383,-7.4,4.23,1.97,12.55,6.7,0,0,0,1,0,0,0,0,0,0,0,0,0,0,0,0,0,0,0,0,0,0,0,0,0,0,0,0,0,0,0,0,0,0,0,0
20124315,4315,2012,East,Elite Eight,1,2012 Syracuse,2,2012 Ohio St.,70,77,-7,147,0,-2,-4.3931,-0.024592714,3.097513804,0.4,2.134934526,-1.559743667,-2.4,-7.22888107,-4.549953079,5.6,3.2,11.7,-6.5,-8.5,-7.2,3.6,7.8,6.7,2.3,23.1026,0.2,-10.9,-2,-20.1703,-3.1,2.69,0.96,10.47,-1,1,0,0,0,0,0,0,0,0,0,0,0,0,0,0,0,0,0,0,0,0,0,0,0,0,0,0,0,0,0,0,0,0,0,0,0
20123314,3314,2012,East,Sweet 16,6,2012 Cincinnati,2,2012 Ohio St.,66,81,-15,147,0,-10.3,-14.7593,-0.100105729,-4.724411306,-6.3,-4.633065474,-8.244964467,-4,-11.45223743,-7.02741366,1.7,0.8,11.2,-6.1,-6.4,-11.4,-1,4.3,0.8,2.1,15.9076,-4.8,-8.3,-0.9,-17.3692,-2.3,-3.08,-1.37,1.5,-2.7,0,0,0,0,0,0,0,0,0,0,0,0,0,0,0,0,0,0,1,0,0,0,0,0,0,0,0,0,0,0,0,0,0,0,0,0
20123413,3413,2012,Midwest,Sweet 16,1,2012 North Carolina,13,2012 Ohio,73,65,8,138,1,10.2,15.4898,0.170626925,7.902198591,9.1,11.79440603,8.744839271,1.1,4.351420421,7.33608472,2.8,-5.4,6.9,-10.3,-3.9,-14.6,-7.4,-1.1,1.4,3.7,18.6712,-3.4,-4.9,-1.4,-12.3052,-0.8,4.7,3.22,-3.64,5.8,0,0,0,0,1,0,0,0,0,0,0,0,0,0,0,0,0,0,0,0,0,0,0,0,0,0,0,0,0,0,0,0,0,0,0,0
20124415,4415,2012,Midwest,Elite Eight,1,2012 North Carolina,2,2012 Kansas,67,80,-13,147,0,1,-0.6453,-0.004014256,0.133388347,5.9,4.936858513,2.338826006,-4.8,-5.978579579,-3.17529238,6.1,3.8,11.9,-4.5,-8.9,-19.1,-7.2,-1.1,9.6,-0.7,20.6977,-3.9,-10.6,-3.9,-18.6662,-2.3,2.9,1.02,4.59,5.3,1,0,0,0,0,0,0,0,0,0,0,0,0,0,0,0,0,0,0,0,0,0,0,0,0,0,0,0,0,0,0,0,0,0,0,0
20123414,3414,2012,Midwest,Sweet 16,11,2012 NC St.,2,2012 Kansas,57,60,-3,117,0,-7.3,-13.7774,-0.120397132,-7.770300087,-0.5,-0.326141487,-2.063173394,-6.7,-14.75554932,-11.48054196,7,1.7,7.2,-1.9,-6.6,-8.7,-4.1,-1.2,10.1,0.8,16.2937,-1.3,-8.4,-2,-11.1581,1.5,-1.13,-0.46,-1.93,0.4,0,0,0,0,0,0,0,0,0,0,0,0,0,0,0,0,0,0,1,0,0,0,0,0,0,0,0,0,0,0,0,0,0,0,0,0
20133113,3113,2013,Midwest,Sweet 16,1,2013 Louisville,12,2013 Oregon,77,69,8,146,1,12.2,16.2798,0.117818108,6.070687012,8.3,4.019652784,0.456577266,3.9,14.70420432,15.92975093,3.2,6.1,10.6,-3.6,-5.1,-5.3,-2.4,6.3,5.3,-1.2,18.2923,2.9,-6.7,-1.1,-17.0546,-6.2,-1.06,-0.43,-1.11,-2.2,0,0,0,1,0,0,0,0,0,0,0,0,0,0,0,0,0,0,0,0,0,0,0,0,0,0,0,0,0,0,0,0,0,0,0,0
20134115,4115,2013,Midwest,Elite Eight,1,2013 Louisville,2,2013 Duke,85,63,22,148,1,3.4,4.4171,0.018472153,1.368438914,5.3,6.696206184,3.072945512,-1.9,0.587204323,1.695543628,3.8,7.4,5.5,-2.2,-10.4,-4,4.3,12,3.2,3.8,13.4953,-0.5,-8.4,-9.4,-29.1866,-8.4,-2.25,-0.38,7.39,-2,1,0,0,0,0,0,0,0,0,0,0,0,0,0,0,0,0,0,0,0,0,0,0,0,0,0,0,0,0,0,0,0,0,0,0,0
20133113,3113,2013,Midwest,Sweet 16,3,2013 Michigan St.,2,2013 Duke,61,71,-10,132,0,-3.7,-3.4847,-0.028403888,-0.912292886,-1.5,5.045206184,0.891639212,-2.2,-7.817946815,-5.75115179,5,5.3,2.6,-0.4,-9.4,-5.1,-1.1,4.1,4.1,5.1,10.1553,-0.6,-6.3,-10.4,-21.6211,-7,-1.55,0.38,4.96,-4.6,0,0,0,0,0,0,1,0,0,0,0,0,0,0,0,0,0,0,0,0,0,0,0,0,0,0,0,0,0,0,0,0,0,0,0,0
20133213,3213,2013,West,Sweet 16,9,2013 Wichita St.,13,2013 La Salle,72,58,14,130,1,3.4,4.0877,0.033095965,1.859475429,2.1,7.13252647,3.085857663,1.3,-2.527109656,-0.696555561,1,7.2,5.1,-2.2,-5.5,5.9,-4.3,3.1,-0.5,3.8,9.282,-0.7,-5.1,-4.1,-13.6547,-2.5,3.98,0.66,12.76,-2.3,0,0,0,0,0,0,0,0,0,0,0,0,0,0,0,0,0,0,0,0,0,1,0,0,0,0,0,0,0,0,0,0,0,0,0,0
20134215,4215,2013,West,Elite Eight,9,2013 Wichita St.,2,2013 Ohio St.,70,66,4,136,1,-4.1,-7.7787,-0.072985902,-4.82122879,-4.1,-1.992136614,-4.169366905,0,-6.468109656,-4.237829461,5,7.4,10.4,-0.9,-4.8,3.2,-6.9,3.8,6.5,1.7,15.9487,-1,-6,-2.1,-14.9317,2,1.39,-1.07,9.86,1.2,0,0,0,0,0,0,0,0,0,0,0,0,0,0,0,0,0,0,1,0,0,0,0,0,0,0,0,0,0,0,0,0,0,0,0,0
20133214,3214,2013,West,Sweet 16,6,2013 Arizona,2,2013 Ohio St.,70,73,-3,143,0,-1.4,-4.6377,-0.030001977,-2.573130642,0.7,2.304863386,1.013053395,-2.2,-7.800532325,-5.201643028,6.7,9,7.8,-1.2,-3.8,-2.1,-5,3.9,6.7,4.3,17.7577,5,-6,0.9,-13.8748,1.1,2.21,0.51,2.72,3.4,0,0,0,0,0,0,0,0,0,0,0,0,0,0,0,0,0,0,1,0,0,0,0,0,0,0,0,0,0,0,0,0,0,0,0,0
20133313,3313,2013,South,Sweet 16,1,2013 Kansas,4,2013 Michigan,85,87,-2,172,0,0.7,0.4304,0.016917477,1.336657172,4.8,8.953242497,6.9997949,-4.1,-7.013501495,-4.125180955,5.5,16.8,4.7,1,-12.9,4.4,-3.7,4.4,5.8,3.5,12.0257,5.2,-14.5,-6.8,-26.299,-2,1.85,0.97,1.75,3.8,0,1,0,0,0,0,0,0,0,0,0,0,0,0,0,0,0,0,0,0,0,0,0,0,0,0,0,0,0,0,0,0,0,0,0,0
20133314,3314,2013,South,Sweet 16,3,2013 Florida,15,2013 Florida Gulf Coast,62,50,12,112,1,17.9,28.63017,0.346104335,8.068764849,8.2,18.11317617,14.89670018,9.6,12.73328046,14.94878067,8.7,-3.8,1.3,-4.7,-8.7,-4.3,-4.6,1.5,7.9,6.5,18.6185,-1.7,-10.8,-3,-17.9032,-2.3,1.57,0.09,-4.36,-6.5,0,0,0,0,0,0,0,0,0,0,0,0,0,0,0,0,0,1,0,0,0,0,0,0,0,0,0,0,0,0,0,0,0,0,0,0
20133413,3413,2013,East,Sweet 16,1,2013 Indiana,4,2013 Syracuse,50,61,-11,111,0,5.2,7.359,0.036337713,2.605769758,5.8,13.76342239,11.19038281,-0.6,-6.505869574,-2.236431256,11.6,10.5,5.3,-4.3,-5.2,-7.6,-8.3,2.1,9.3,11.3,25.4114,6.7,-5.8,-2.8,-15.4208,2.9,0.46,-1.58,0.61,1.9,0,1,0,0,0,0,0,0,0,0,0,0,0,0,0,0,0,0,0,0,0,0,0,0,0,0,0,0,0,0,0,0,0,0,0,0
20133414,3414,2013,East,Sweet 16,3,2013 Marquette,2,2013 Miami FL,71,61,10,132,1,-2.5,-3.6303,-0.022470925,-1.893042992,-3.2,3.811725463,2.217503028,0.6,-8.154689689,-4.638175738,5.1,12.6,9.9,2.6,-6.1,-3.7,2.4,3,9,-2.5,12.3683,7.3,-6.2,-4,-11.2456,0.7,-3.91,-0.93,9.82,-0.6,0,0,0,0,0,0,0,0,0,0,0,0,0,1,0,0,0,0,0,0,0,0,0,0,0,0,0,0,0,0,0,0,0,0,0,0
20134315,4315,2013,South,Elite Eight,4,2013 Michigan,3,2013 Florida,79,59,20,138,1,-5.1,-6.9924,-0.036384841,1.99008163,-2.7,4.830719543,3.517953229,-2.5,-13.8622425,-12.3345583,11.7,-1.5,3.9,-8.1,-7.9,-6.2,-4.4,1.2,12,7.4,29.9192,6.3,-8,-4.8,-16.8537,0,-0.77,0.15,-4.98,1.1,0,0,0,0,0,0,0,0,1,0,0,0,0,0,0,0,0,0,0,0,0,0,0,0,0,0,0,0,0,0,0,0,0,0,0,0
20134415,4415,2013,East,Elite Eight,4,2013 Syracuse,3,2013 Marquette,55,39,16,94,1,3.5,3.9103,0.041500933,0.662734942,1.7,9.656689689,7.130804538,1.9,-5.275422387,-1.979751012,3,3.8,6.6,-0.8,-7.1,-5.9,-3.4,2.4,3.5,1.6,10.7506,-0.9,-9.9,-0.3,-14.2784,-4.5,2.54,1.94,-8.72,1.9,0,0,0,0,0,0,0,0,1,0,0,0,0,0,0,0,0,0,0,0,0,0,0,0,0,0,0,0,0,0,0,0,0,0,0,0
20143113,3113,2014,South,Sweet 16,1,2014 Florida,4,2014 UCLA,79,68,11,147,1,5.4,5.5531,0.046061933,7.195157673,3.4,11.92179021,12.72593989,2,-5.024993711,-5.806738814,2.6,7,7.3,-2.7,-9.3,-6.4,-1.4,7,2.5,2.2,11.6242,-1,-9.9,-5.8,-23.9528,-6,-2.67,-1.27,-1.9,-7.2,0,0,1,0,0,0,0,0,0,0,0,0,0,0,0,0,0,0,0,0,0,0,0,0,0,0,0,0,0,0,0,0,0,0,0,0
20144115,4115,2014,South,Elite Eight,1,2014 Florida,11,2014 Dayton,62,52,10,114,1,10.6,14.8268,0.16048575,11.06811143,1.1,16.92099454,16.50700949,9.5,-0.578993711,-0.550715914,3.3,0.2,7,-1.3,-7.5,-8.7,-6.1,3.8,2.8,2.5,9.64,-4.5,-7.8,-4.5,-19.2908,0.8,0.36,0.5,-6.5,-2.5,0,0,0,1,0,0,0,0,0,0,0,0,0,0,0,0,0,0,0,0,0,0,0,0,0,0,0,0,0,0,0,0,0,0,0,0
20143113,3113,2014,South,Sweet 16,11,2014 Dayton,10,2014 Stanford,82,72,10,154,1,1.2,-3.0121,-0.039399286,-0.456669858,1.5,11.06589961,10.93454805,-0.4,-14.13999454,-13.15716029,4.3,4.3,6.9,1.1,-2.5,-1.4,-0.9,2.3,4.9,2.3,9.034,-3.8,-1.8,-2.8,-7.033,0.3,-3.59,-1.62,17.35,-1.4,0,0,0,0,0,0,0,0,0,0,0,0,0,0,0,0,0,0,0,0,0,1,0,0,0,0,0,0,0,0,0,0,0,0,0,0
20143213,3213,2014,East,Sweet 16,1,2014 Virginia,4,2014 Michigan St.,59,61,-2,120,0,1,2.6399,0.017656999,1.283072992,-6.7,7.933841113,7.782429907,7.6,-3.815055574,-5.239759899,4.4,3.3,7.1,-1.5,-10.6,-1.2,-7.1,1.7,4.9,3.3,10.6717,-5.5,-10.3,-7.2,-22.2886,-2.4,0.62,1.27,-4.81,-5.6,0,1,0,0,0,0,0,0,0,0,0,0,0,0,0,0,0,0,0,0,0,0,0,0,0,0,0,0,0,0,0,0,0,0,0,0
20143214,3214,2014,East,Sweet 16,3,2014 Iowa St.,7,2014 Connecticut,76,81,-5,157,0,0.2,1.8353,0.000507451,2.69527629,4.3,8.34940089,8.78313045,-4.3,-6.984048941,-8.362034212,9.9,1.7,-5.3,-5.1,-4.3,-7.5,-2.9,-1.4,13.2,2.2,18.0242,2.9,-2.6,-5.1,-7.239,-3.4,-6.35,-0.87,-6.38,6.1,0,0,0,0,0,0,0,0,0,0,0,0,0,0,1,0,0,0,0,0,0,0,0,0,0,0,0,0,0,0,0,0,0,0,0,0
20144215,4215,2014,East,Elite Eight,4,2014 Michigan St.,7,2014 Connecticut,54,60,-6,114,0,2.7,4.6724,0.03361338,2.150139873,0,9.78840089,10.58277825,2.6,-5.438841113,-6.213336407,10.6,-2,0.1,-2.4,-5.2,0.5,-3.5,0.7,10.7,6.2,17.9522,2.8,-4,-5.5,-10.2137,-4.3,-2.31,-0.46,5.98,0.2,0,0,0,0,0,0,0,0,1,0,0,0,0,0,0,0,0,0,0,0,0,0,0,0,0,0,0,0,0,0,0,0,0,0,0,0
20143313,3313,2014,West,Sweet 16,1,2014 Arizona,4,2014 San Diego St.,70,64,6,134,1,4.4,10.5728,0.075071029,3.41447876,-5.6,3.124575503,4.583199955,10,8.874534744,6.915287403,7.2,9.9,7.7,-5.1,-4.6,-10.4,-10.1,3.7,7.3,4.8,21.4545,-2.7,-4.9,-2.5,-18.1191,3.9,2.14,-0.74,-3.09,0.8,0,0,1,0,0,0,0,0,0,0,0,0,0,0,0,0,0,0,0,0,0,0,0,0,0,0,0,0,0,0,0,0,0,0,0,0
20144315,4315,2014,West,Elite Eight,1,2014 Arizona,2,2014 Wisconsin,63,64,-1,127,0,1.9,6.5702,0.026966242,1.517275956,-2.1,11.94289314,11.41179045,4,-2.748465256,-6.527237297,4.1,15.8,9.5,0.4,-10.9,-9.6,-1.9,6.4,4.7,1.3,11.182,-6.3,-10.8,-5.9,-26.4291,-4.1,1.53,0.87,3.83,0.7,0,1,0,0,0,0,0,0,0,0,0,0,0,0,0,0,0,0,0,0,0,0,0,0,0,0,0,0,0,0,0,0,0,0,0,0
20143314,3314,2014,West,Sweet 16,6,2014 Baylor,2,2014 Wisconsin,52,69,-17,121,0,-4.8,-5.9408,-0.078484306,-4.829320544,-2.2,15.43389314,14.55476375,-2.6,-21.47066659,-22.9177061,3.9,17.8,13.4,2.6,-4.5,-11.4,5,3.3,2,4.1,13.016,-4.5,-5.7,-0.6,-9.558,-6.9,2.24,0.71,9.24,0.1,0,0,0,0,0,0,0,0,0,0,0,0,0,0,0,0,0,0,0,1,0,0,0,0,0,0,0,0,0,0,0,0,0,0,0,0
20143413,3413,2014,Midwest,Sweet 16,8,2014 Kentucky,4,2014 Louisville,74,69,5,143,1,-5.2,-9.4172,-0.069262538,-1.42905538,-0.5,3.251681198,2.493686395,-4.7,-13.89554285,-14.71056166,5.9,15.6,9.3,-7.1,-9,-2.6,-7.4,1.4,6.1,3.4,24.2221,0.5,-9,-5.4,-19.943,2.6,3.67,3.04,-10.3,-2.3,0,0,0,0,0,0,0,0,0,0,0,0,0,0,0,0,0,0,1,0,0,0,0,0,0,0,0,0,0,0,0,0,0,0,0,0
20144415,4415,2014,Midwest,Elite Eight,8,2014 Kentucky,2,2014 Michigan,75,72,3,147,1,-0.8,-1.6252,-0.0171549,-3.787010676,1.9,15.79384083,15.58323827,-2.7,-17.16254285,-18.44970806,0.1,26.2,13.3,0.8,-10.5,1.9,1,1.5,-0.4,0.4,9.287,-5.1,-9.1,-7.7,-18.392,-7.6,5.48,2.01,-1.4,3.7,0,0,0,0,0,0,0,0,0,0,0,0,0,0,0,0,0,0,0,0,1,0,0,0,0,0,0,0,0,0,0,0,0,0,0,0
20143414,3414,2014,Midwest,Sweet 16,11,2014 Tennessee,2,2014 Michigan,71,73,-2,144,0,-1.2,-1.0319,0.005515915,-7.334203727,-1.9,14.77684083,15.88045387,0.7,-15.35005551,-16.11696106,-0.3,13.7,10.8,-0.1,-9.6,-2.8,-1.3,2.4,-1.2,0.9,8.664,-2.5,-9.2,-5.4,-20.0925,-6.7,0.96,0.74,-0.98,-0.2,0,0,0,0,0,0,0,0,0,0,0,0,0,0,0,0,0,0,0,0,1,0,0,0,0,0,0,0,0,0,0,0,0,0,0,0
20153113,3113,2015,Midwest,Sweet 16,1,2015 Kentucky,5,2015 West Virginia,78,39,39,117,1,12.4,18.6802,0.10307926,9.010267102,6.8,15.44911032,11.35406252,5.6,6.027504084,9.33212017,-0.8,-12.1,9.3,-11.8,-6.9,-8.8,-9.3,3.1,-0.1,-1.5,19.58,3.5,-6.8,-4.5,-22.7694,-1,5.87,2.79,-1.89,-5.2,0,0,0,1,0,0,0,0,0,0,0,0,0,0,0,0,0,0,0,0,0,0,0,0,0,0,0,0,0,0,0,0,0,0,0,0
20154115,4115,2015,Midwest,Elite Eight,1,2015 Kentucky,3,2015 Notre Dame,68,66,2,134,1,8.1,13.363,0.057428816,4.516254404,7.5,21.81896969,18.86869803,0.6,-5.343495916,-4.56358223,3.7,20.5,8.8,-1,-18.9,-5.5,3.5,7.4,4.1,2.1,14.503,2,-19.3,-11.8,-37.5994,-9,7.55,1.99,20.34,-0.2,0,0,1,0,0,0,0,0,0,0,0,0,0,0,0,0,0,0,0,0,0,0,0,0,0,0,0,0,0,0,0,0,0,0,0,0
20153113,3113,2015,Midwest,Sweet 16,3,2015 Notre Dame,7,2015 Wichita St.,81,70,11,151,1,2.1,2.4148,0.000853163,4.020501752,4.4,17.44933043,15.29206052,-2.3,-15.51096969,-13.92320303,13.4,0.3,1.1,-7.2,-2.6,-12.1,-3.2,2.2,15.9,4.8,30.3099,5.9,-1.5,-3,-10.536,1,1.09,1.1,-10.83,3.2,0,0,0,0,0,0,0,0,0,0,0,0,0,0,0,1,0,0,0,0,0,0,0,0,0,0,0,0,0,0,0,0,0,0,0,0
20153213,3213,2015,West,Sweet 16,1,2015 Wisconsin,4,2015 North Carolina,79,72,7,151,1,3.9,9.7292,0.024763867,4.876392735,7.5,20.57318726,17.30597928,-3.6,-10.72883446,-9.793241428,9.3,-2,1.4,-5.4,-4.7,-13.6,-16.2,-1.5,9.4,5.9,22.341,7.6,-7.3,1.5,-16.7754,-2,2.99,1.34,-10.84,-10.2,0,1,0,0,0,0,0,0,0,0,0,0,0,0,0,0,0,0,0,0,0,0,0,0,0,0,0,0,0,0,0,0,0,0,0,0
20154215,4215,2015,West,Elite Eight,1,2015 Wisconsin,2,2015 Arizona,85,78,7,163,1,2.1,1.2108,0.008964146,2.31548153,1.5,10.41723158,10.69607405,0.6,-11.03483446,-6.900190428,10.3,-0.7,9.6,-8.7,-6.9,-26,-10.4,0,13.1,2.9,33.081,7.1,-9.4,0,-19.1604,-1.8,1.68,1.3,-8.17,-7.6,1,0,0,0,0,0,0,0,0,0,0,0,0,0,0,0,0,0,0,0,0,0,0,0,0,0,0,0,0,0,0,0,0,0,0,0
20153214,3214,2015,West,Sweet 16,6,2015 Xavier,2,2015 Arizona,60,68,-8,128,0,-10.1,-13.6626,-0.079227835,-7.675433325,-0.5,-1.114768422,-0.70514115,-9.6,-14.74086249,-11.48899517,8.7,1.8,9,-3.1,-3.4,-12.7,-7,2.5,11.4,2.1,21.919,3.3,-4.5,-1,-13.115,-2.8,-0.66,-0.58,0.89,-0.9,0,0,0,0,0,0,0,0,0,0,0,0,0,0,0,0,0,0,1,0,0,0,0,0,0,0,0,0,0,0,0,0,0,0,0,0
20153313,3313,2015,East,Sweet 16,8,2015 NC St.,4,2015 Louisville,65,75,-10,140,0,-4.4,-5.0616,-0.073740582,-4.627135616,-3.4,0.591455453,-2.162408599,-1.1,-7.219885071,-5.085868694,6.2,1.4,3.2,-5.6,-2.3,-4.7,-4.6,-2.4,4.1,6.8,18.2238,3.3,-5.3,2.8,-2.422,4.3,-1.73,0.81,2.1,-1.7,0,0,0,0,0,0,0,0,0,0,0,0,0,0,0,0,0,0,0,0,1,0,0,0,0,0,0,0,0,0,0,0,0,0,0,0
20153314,3314,2015,East,Sweet 16,3,2015 Oklahoma,7,2015 Michigan St.,58,62,-4,120,0,0.2,3.1788,0.012498195,1.27583778,1.2,6.579428313,1.959140599,-1,-1.928928809,-0.178749899,3.7,-5,4.9,0.7,-10.1,-3,-3.1,2.3,4.3,2,6.916,1.8,-9.2,-7.7,-19.5016,2.1,1.4,0.67,-9.44,5,0,0,0,0,0,0,0,0,0,0,0,0,0,0,0,0,0,0,0,0,0,1,0,0,0,0,0,0,0,0,0,0,0,0,0,0
20154315,4315,2015,East,Elite Eight,4,2015 Louisville,7,2015 Michigan St.,70,76,-6,146,0,1.1,-0.4968,0.003504613,2.687386423,-1.1,3.395428313,-0.171892001,2.2,-2.563455453,0.683023599,2.1,1.1,9.1,0.8,-10.4,2.8,-3.7,3.9,4.8,-1.9,5.568,-5.7,-8.3,-9.3,-20.9258,1.9,3.64,0.67,-1.69,3,0,0,0,0,0,0,0,0,0,0,0,0,0,0,0,1,0,0,0,0,0,0,0,0,0,0,0,0,0,0,0,0,0,0,0,0
20153413,3413,2015,South,Sweet 16,1,2015 Duke,5,2015 Utah,63,57,6,120,1,6.2,2.4039,0.014782173,6.902285076,5.1,12.55847113,12.06718635,1,-11.10919777,-7.664293548,14.2,5.7,9.3,-1.5,-8.2,-17.9,-1.2,0.9,15.4,7,29.4152,1.8,-5.7,-8.2,-15.8721,-0.6,-0.56,-0.2,-11.9,3.9,0,0,1,0,0,0,0,0,0,0,0,0,0,0,0,0,0,0,0,0,0,0,0,0,0,0,0,0,0,0,0,0,0,0,0,0
20154415,4415,2015,South,Elite Eight,1,2015 Duke,2,2015 Gonzaga,66,52,14,118,1,6,0.3835,0.014479248,2.684300082,11.5,16.72126201,16.91625148,-5.5,-16.59619777,-12.91729925,13.3,8.6,8.8,-0.8,-11,-14.2,-3.8,2.4,14.9,6.3,26.8679,3,-10,-8.8,-22.2291,0.7,-2.7,-0.7,-3.97,1.6,1,0,0,0,0,0,0,0,0,0,0,0,0,0,0,0,0,0,0,0,0,0,0,0,0,0,0,0,0,0,0,0,0,0,0,0
20153414,3414,2015,South,Sweet 16,11,2015 UCLA,2,2015 Gonzaga,62,74,-12,136,0,-11.6,-14.7893,-0.139184604,-7.921659592,0.9,4.734262008,2.448784283,-12.5,-20.01592231,-17.21553268,5.8,4.7,5.2,-0.1,-9.7,-6.4,-5.8,2.2,5.8,4,11.8589,1.5,-11.4,-5.3,-19.651,1.1,-2.02,0.03,-8.43,2.5,0,0,0,0,0,0,0,0,0,0,0,0,0,0,0,0,0,0,1,0,0,0,0,0,0,0,0,0,0,0,0,0,0,0,0,0
20163113,3113,2016,South,Sweet 16,1,2016 Kansas,5,2016 Maryland,79,63,16,142,1,5.2,9.0904,0.076139792,7.430839301,4.8,15.75525836,16.83361363,0.3,-5.888258901,-5.56132463,9.2,12.1,2.7,1.3,-10.3,1.5,-1.4,0,6.5,9.9,15.2837,0.6,-11.9,-4.6,-16.3744,-4,-3.07,-1.68,2.07,2.2,0,0,1,0,0,0,0,0,0,0,0,0,0,0,0,0,0,0,0,0,0,0,0,0,0,0,0,0,0,0,0,0,0,0,0,0
20164115,4115,2016,South,Elite Eight,1,2016 Kansas,2,2016 Villanova,59,64,-5,123,0,-1.4,3.0569,0.001639968,2.491549521,0.8,11.15145718,9.895483435,-2.3,-7.893258901,-9.35695263,9.6,7.6,3.5,-2.6,-9,2.9,0.2,2.7,8.3,8.7,20.516,4.3,-13.1,-1.4,-17.4674,-5.8,1.39,-0.09,-2.68,1.5,1,0,0,0,0,0,0,0,0,0,0,0,0,0,0,0,0,0,0,0,0,0,0,0,0,0,0,0,0,0,0,0,0,0,0,0
20163113,3113,2016,South,Sweet 16,3,2016 Miami FL,2,2016 Villanova,69,92,-23,161,0,-6.4,-3.8991,-0.033489,-2.086692778,-4.3,9.620457183,8.154252835,-2.1,-14.1317908,-14.0981536,7.6,8.6,1.8,-4.4,-6.3,-5.5,0.6,1.1,9.5,3.1,19.914,8.8,-9.5,-0.8,-12.602,-7,3.02,0.39,-2.68,-1.5,0,0,0,0,0,0,1,0,0,0,0,0,0,0,0,0,0,0,0,0,0,0,0,0,0,0,0,0,0,0,0,0,0,0,0,0
20163213,3213,2016,West,Sweet 16,1,2016 Oregon,4,2016 Duke,82,68,14,150,1,-2.6,0.7315,-0.014514699,2.50349169,4.8,19.36208413,16.1691564,-7.4,-18.52875005,-18.31313317,2.9,14.8,0.1,-1.4,-4.7,-7.9,-2.7,6.3,3.3,1.2,7.67,3.1,-4.5,-2.3,-18.459,-1.9,-3.38,-0.56,5.16,1.1,0,0,0,0,0,0,0,0,0,0,0,0,0,0,1,0,0,0,0,0,0,0,0,0,0,0,0,0,0,0,0,0,0,0,0,0
20164215,4215,2016,West,Elite Eight,1,2016 Oregon,2,2016 Oklahoma,68,80,-12,148,0,-1.9,-2.0643,-0.034587122,-1.160816802,3.5,11.44668987,9.970225902,-5.4,-14.02775005,-14.38738107,5.9,12.9,4.8,-1.3,-5.5,-1.3,0.8,2.6,8.2,1.1,15.0179,3.7,-1.9,-6.2,-11.663,-2.5,0.15,1.12,1.97,-1.8,0,0,0,0,0,0,0,0,0,0,0,0,0,1,0,0,0,0,0,0,0,0,0,0,0,0,0,0,0,0,0,0,0,0,0,0
20163214,3214,2016,West,Sweet 16,3,2016 Texas A&M,2,2016 Oklahoma,63,77,-14,140,0,-1.9,-3.0433,-0.020797742,-2.728460615,0.7,5.975689872,5.911968302,-2.6,-9.004579699,-9.112044638,5,10.2,5.2,-0.4,-7.4,-1.2,-0.5,2.9,6.7,1,12.3919,-0.5,-2.5,-9.7,-15.8355,-7.1,0.55,1.16,11.12,-3,0,0,0,0,0,0,0,1,0,0,0,0,0,0,0,0,0,0,0,0,0,0,0,0,0,0,0,0,0,0,0,0,0,0,0,0
20163313,3313,2016,East,Sweet 16,1,2016 North Carolina,5,2016 Indiana,101,86,15,187,1,2.9,5.2422,0.030265556,5.232848397,9.5,19.15947545,18.10892685,-6.7,-13.44465273,-14.01627137,2.6,2.9,11.1,-3.5,-11.2,-3.6,-7.8,-1.2,5.2,-2.9,16.119,7.2,-12.4,-5.5,-20.5223,-2.4,2.76,0.43,-3.01,1.9,0,0,1,0,0,0,0,0,0,0,0,0,0,0,0,0,0,0,0,0,0,0,0,0,0,0,0,0,0,0,0,0,0,0,0,0
20164315,4315,2016,East,Elite Eight,1,2016 North Carolina,6,2016 Notre Dame,88,74,14,162,1,7.7,12.0566,0.116810975,6.210389582,9.4,24.71535306,23.47989051,-1.8,-12.27965273,-12.35157577,2.9,5.3,8.5,0.6,-6.1,-3.5,-2.9,3.8,8.4,-6.2,8.488,1.8,-8.8,-0.9,-16.4253,-3.6,1.66,0.08,12.2,5.3,0,0,0,1,0,0,0,0,0,0,0,0,0,0,0,0,0,0,0,0,0,0,0,0,0,0,0,0,0,0,0,0,0,0,0,0
20163314,3314,2016,East,Sweet 16,6,2016 Notre Dame,7,2016 Wisconsin,61,56,5,117,1,1.2,-0.3838,-0.010879044,1.83506565,-3.7,14.87237219,13.83485603,5,-15.34535306,-13.52136171,5,-1.1,4.6,-4,0.2,-12.8,-2.3,-2.2,7.4,-1.1,15.1273,2.8,-1.1,1.8,1.134,1.3,0.66,-0.33,-0.91,1.3,0,0,0,0,0,0,0,0,0,0,0,0,0,0,0,0,0,0,0,0,0,1,0,0,0,0,0,0,0,0,0,0,0,0,0,0
20163413,3413,2016,Midwest,Sweet 16,1,2016 Virginia,4,2016 Iowa St.,84,71,13,155,1,5.8,8.0198,0.047197066,5.128391691,2.9,20.18158201,18.32294169,2.9,-11.29820705,-11.60620764,4.9,8.2,-0.1,-1.8,-8.1,8.2,-1.4,3.7,2.9,6.9,11.148,6.9,-10.2,-3.1,-15.6965,-1,1.44,0.44,12.87,-10.5,0,0,1,0,0,0,0,0,0,0,0,0,0,0,0,0,0,0,0,0,0,0,0,0,0,0,0,0,0,0,0,0,0,0,0,0
20164415,4415,2016,Midwest,Elite Eight,1,2016 Virginia,10,2016 Syracuse,62,68,-6,130,0,7.6,13.2451,0.092967117,8.945943664,-6.1,15.51963278,13.7867991,13.7,-1.622207048,-2.030662739,6.9,3,-4.7,-5.3,-1.7,-1.8,-7.1,1.4,3.2,10.1,15.0745,8.7,-1.1,-1.2,-9.5515,1.3,0.79,-0.67,15.91,-4,0,0,0,1,0,0,0,0,0,0,0,0,0,0,0,0,0,0,0,0,0,0,0,0,0,0,0,0,0,0,0,0,0,0,0,0
20163414,3414,2016,Midwest,Sweet 16,11,2016 Gonzaga,10,2016 Syracuse,60,63,-3,123,0,1.5,3.4255,0.042795248,2.496048766,-3.1,11.73563278,11.2850879,4.6,-8.438647188,-7.017828549,7.8,6.5,-3.4,-4.1,-5.3,-7.2,-7.1,-3.4,5.9,7.2,16.4535,9.3,-2.7,-5.8,-8.9494,2.4,4.66,0.06,6.66,3.1,0,0,0,0,0,0,0,0,0,0,0,0,0,0,0,0,0,0,0,0,0,1,0,0,0,0,0,0,0,0,0,0,0,0,0,0
20173113,3113,2017,East,Sweet 16,8,2017 Wisconsin,4,2017 Florida,83,84,-1,167,0,-3.1,-4.0965,-0.028464338,-1.213268442,-2.9,1.809447163,1.076628417,-0.2,-6.317535884,-6.035640065,6.1,-1.9,6.3,-4.3,-4.2,-14,-6.5,3.3,5.3,4.8,16.5539,-6.3,-7.3,1.4,-15.8199,1.2,-0.04,0.27,-6.1,-5.9,0,0,0,0,0,0,1,0,0,0,0,0,0,0,0,0,0,0,0,0,0,0,0,0,0,0,0,0,0,0,0,0,0,0,0,0
20173113,3113,2017,East,Sweet 16,3,2017 Baylor,7,2017 South Carolina,50,70,-20,120,0,3.7,7.9776,0.050002949,6.240391403,-1.5,4.315457274,2.699874227,5.1,2.818668783,3.330687496,7.7,-12.5,8.4,-3.8,-1.5,-9.5,-4.1,-2.1,7.2,5.7,19.5402,0.1,-0.8,-2,-3.7805,3,1.4,0.67,-1.56,-4.8,0,0,0,1,0,0,0,0,0,0,0,0,0,0,0,0,0,0,0,0,0,0,0,0,0,0,0,0,0,0,0,0,0,0,0,0
20174115,4115,2017,East,Elite Eight,4,2017 Florida,7,2017 South Carolina,70,77,-7,147,0,6.7,9.3589,0.067874585,4.681930798,-0.9,2.877457274,2.097765827,7.6,6.233552837,7.199907583,6.5,-6.3,0.3,-7.9,-1.1,-6,-4.6,2.1,4.6,6.7,18.6282,1.5,0.5,-2.7,-7.6229,1.4,0.1,0.15,3.52,1,0,0,0,1,0,0,0,0,0,0,0,0,0,0,0,0,0,0,0,0,0,0,0,0,0,0,0,0,0,0,0,0,0,0,0,0
20173213,3213,2017,West,Sweet 16,1,2017 Gonzaga,4,2017 West Virginia,61,58,3,119,1,2.8,6.2547,0.020083991,1.291564446,1.4,9.194837405,7.925552186,1.3,-2.391109804,-2.185127722,9.3,-4,-2.5,-12.2,-10.2,-12.2,-12.3,0.8,11.8,3.3,27.647,6.3,-10.6,-6.1,-26.0633,-2,2.33,0.89,-5.48,-0.6,1,0,0,0,0,0,0,0,0,0,0,0,0,0,0,0,0,0,0,0,0,0,0,0,0,0,0,0,0,0,0,0,0,0,0,0
20174215,4215,2017,West,Elite Eight,1,2017 Gonzaga,11,2017 Xavier,83,59,24,142,1,10,17.7349,0.10162637,6.108877271,7.2,20.13318043,16.57265599,2.7,-0.663109804,-0.561534722,6.2,4.5,4.9,-1.9,-10,-15.2,-9.8,-0.9,5.9,4.4,15.31,3.9,-12,-4,-22.4873,-3,2.81,0.02,0.29,2.6,0,0,0,1,0,0,0,0,0,0,0,0,0,0,0,0,0,0,0,0,0,0,0,0,0,0,0,0,0,0,0,0,0,0,0,0
20173214,3214,2017,West,Sweet 16,11,2017 Xavier,2,2017 Arizona,73,71,2,144,1,-4.3,-7.4238,-0.048345037,-6.263354573,0.9,9.305258854,8.166542819,-5.2,-17.00718043,-13.08791389,4.5,12,9,0.9,-1.9,-7.3,-8.3,0.8,4.1,3.4,11.4366,-0.2,1.5,-6,-9.086,-5.9,-3.21,-0.25,-2.28,1,0,0,0,0,0,0,0,0,0,0,0,0,0,0,0,0,0,0,0,1,0,0,0,0,0,0,0,0,0,0,0,0,0,0,0,0
20173313,3313,2017,Midwest,Sweet 16,1,2017 Kansas,4,2017 Purdue,98,66,32,164,1,2.3,1.7514,0.009726726,5.441768144,4.9,12.94521624,11.70968724,-2.6,-11.49182152,-9.696298181,9.2,14.1,9.8,1.1,-7.8,-3.5,-0.5,0.2,7.4,8.2,19.7971,-4.6,-7.5,-4.9,-12.907,-5.3,-0.9,0.17,-4.36,1.3,0,1,0,0,0,0,0,0,0,0,0,0,0,0,0,0,0,0,0,0,0,0,0,0,0,0,0,0,0,0,0,0,0,0,0,0
20174315,4315,2017,Midwest,Elite Eight,1,2017 Kansas,3,2017 Oregon,60,74,-14,134,0,1,2.1474,0.022405014,5.047304523,5.3,14.3369542,13.41182277,-4.4,-12.30782152,-9.588514881,9.8,10.2,4.5,-2,-7.7,-3.6,-1.6,1.6,7.4,9.4,19.463,-4.9,-9.8,-2.2,-13.664,0.5,-0.07,-0.26,-4.76,2.6,0,1,0,0,0,0,0,0,0,0,0,0,0,0,0,0,0,0,0,0,0,0,0,0,0,0,0,0,0,0,0,0,0,0,0,0
20173314,3314,2017,Midwest,Sweet 16,3,2017 Oregon,7,2017 Michigan,69,68,1,137,1,1.8,1.2096,-0.003439278,2.183876959,6.8,16.69156828,13.51484415,-4.8,-15.0959542,-14.64115197,3.9,6.9,2.6,-3.1,-10.8,-3.9,4.5,5.5,5.1,0.1,11.926,2.5,-10.9,-7,-21.128,-6,-0.8,-0.72,5.61,5.1,0,0,0,0,0,0,0,0,1,0,0,0,0,0,0,0,0,0,0,0,0,0,0,0,0,0,0,0,0,0,0,0,0,0,0,0
20173413,3413,2017,South,Sweet 16,1,2017 North Carolina,4,2017 Butler,92,80,12,172,1,6.1,7.0994,0.050445725,2.818240622,6.6,19.04732574,17.5176455,-0.4,-11.66198521,-9.710681255,1.6,-4.4,14.2,-3.7,-6.1,-4.8,-3,3.6,0.1,3.3,14.827,0.6,-7.9,-2.1,-14.696,-2,1.69,1.5,2.97,5.2,0,0,1,0,0,0,0,0,0,0,0,0,0,0,0,0,0,0,0,0,0,0,0,0,0,0,0,0,0,0,0,0,0,0,0,0
20174415,4415,2017,South,Elite Eight,1,2017 North Carolina,2,2017 Kentucky,75,73,2,148,1,1.9,0.7427,-0.000968357,-0.673868554,3.4,13.2288562,11.37674754,-1.4,-12.82998521,-11.42690585,4.9,-1.6,14.8,-3,-4.7,-10.3,-8.9,2.7,3.1,6,21.1037,3.4,-6.7,-1.1,-16.059,1.8,-0.26,0.51,6.76,-2.7,1,0,0,0,0,0,0,0,0,0,0,0,0,0,0,0,0,0,0,0,0,0,0,0,0,0,0,0,0,0,0,0,0,0,0,0
20173414,3414,2017,South,Sweet 16,3,2017 UCLA,2,2017 Kentucky,75,86,-11,161,0,-0.7,-4.3149,-0.040937999,-2.365220791,6.5,13.9108562,12.03365384,-7.2,-18.94432174,-18.15819756,12.1,-7.8,2.2,-4,-4.8,-15.9,-5.7,0.2,10.8,9.8,25.4887,7.2,-8.4,0.9,-13.19,-3.1,0.7,1.01,-6.6,0,0,0,0,0,0,0,0,0,0,0,0,0,1,0,0,0,0,0,0,0,0,0,0,0,0,0,0,0,0,0,0,0,0,0,0,0
20183113,3113,2018,South,Sweet 16,9,2018 Kansas St.,5,2018 Kentucky,61,58,3,119,1,-3.7,-5.6526,-0.031569506,-1.759274166,-2.4,8.031945573,7.498395451,-1.3,-13.78146623,-10.41904172,6.6,1.4,-5.2,0.1,-2.2,-6.2,-3.4,2.8,6.2,4.5,7.705,5.3,-1.6,-2.9,-7.966,4.5,-1.09,-1.78,0.39,-3.1,0,0,0,0,0,0,0,0,0,0,0,0,0,0,0,0,0,0,0,0,1,0,0,0,0,0,0,0,0,0,0,0,0,0,0,0
20184115,4115,2018,South,Elite Eight,9,2018 Kansas St.,11,2018 Loyola Chicago,62,78,-16,140,0,-0.4,-0.3859,0.064905202,0.591245996,-1.5,8.218278155,8.73834383,1.1,-8.686466232,-4.336127517,6.2,7.9,0.2,-2.8,-8.3,3.4,10.1,2.6,8.3,1.8,14.3287,4.3,-7.2,-6.8,-7.093,1.7,1.86,0.61,-2.94,0.7,0,0,0,0,0,0,0,0,0,0,0,0,0,0,0,0,0,0,0,0,0,1,0,0,0,0,0,0,0,0,0,0,0,0,0,0
20183113,3113,2018,South,Sweet 16,11,2018 Loyola Chicago,7,2018 Nevada,69,68,1,137,1,-1.6,-3.0412,-0.053271515,-0.524629435,2.9,13.02191624,10.17946119,-4.4,-15.94127815,-14.40403743,8.6,2.5,-7,0.6,-7.6,-11.4,-1.5,6.1,5.8,8.8,6.982,1.5,-5.3,-7.2,-22.3567,-4.7,-0.5,-1.83,7.66,-4.9,0,0,0,0,0,0,0,0,0,0,0,0,0,0,0,0,0,0,0,0,0,1,0,0,0,0,0,0,0,0,0,0,0,0,0,0
20183213,3213,2018,West,Sweet 16,9,2018 Florida St.,4,2018 Gonzaga,75,60,15,135,1,-3.9,-8.9113,-0.071459988,-3.902422403,0.3,10.65747536,9.180572317,-4.1,-19.82239997,-16.30830405,7,6.7,10.5,0.2,-8.8,-0.2,-2.9,3.1,11.3,-0.4,15.6555,-3.3,-13.3,-1,-18.649,0.3,-0.03,0.05,5.91,3.2,0,0,0,0,0,0,0,0,0,0,0,0,0,0,0,0,0,0,0,0,0,1,0,0,0,0,0,0,0,0,0,0,0,0,0,0
20184215,4215,2018,West,Elite Eight,9,2018 Florida St.,3,2018 Michigan,54,58,-4,112,0,-3.6,-7.367,-0.067204821,-5.933206907,-2.3,7.958188848,6.047176487,-1.2,-15.89839997,-12.29898835,5.5,5.9,8.8,-1.8,-5.5,0.4,4.1,5.2,7.6,0.8,14.3118,-2.8,-8.8,0,-9.791,6.8,-0.34,0.73,5.7,7.2,0,0,0,0,0,0,0,0,0,0,0,0,0,0,0,0,0,0,0,1,0,0,0,0,0,0,0,0,0,0,0,0,0,0,0,0
20183214,3214,2018,West,Sweet 16,3,2018 Michigan,7,2018 Texas A&M,99,72,27,171,1,4.3,6.2823,0.049907804,4.954706398,-0.2,9.849725807,7.094864098,4.4,-3.340188848,-1.871016787,8,1.3,-2.3,-2,-2.7,-1.8,-9.9,0.2,9.2,4,12.1081,-2.4,-5.1,1.6,-9.4758,4.6,-0.32,-1.03,-7.02,-5.2,0,0,0,0,0,0,0,0,0,1,0,0,0,0,0,0,0,0,0,0,0,0,0,0,0,0,0,0,0,0,0,0,0,0,0,0
20183313,3313,2018,East,Sweet 16,1,2018 Villanova,5,2018 West Virginia,90,78,12,168,1,7,9.6343,0.037508642,5.988196958,9.1,24.6899236,22.4188933,-2.1,-14.95709097,-13.95802389,10.1,-15.5,-1.2,-8.7,-1.1,-5.7,-9.9,2,14.1,2.4,24.3596,6.7,0.8,-2.5,-13.1237,-1.3,-0.95,0.03,-9.1,-0.3,0,0,1,0,0,0,0,0,0,0,0,0,0,0,0,0,0,0,0,0,0,0,0,0,0,0,0,0,0,0,0,0,0,0,0,0
20184315,4315,2018,East,Elite Eight,1,2018 Villanova,3,2018 Texas Tech,71,59,12,130,1,7.7,9.4667,0.043423055,5.892749695,6.2,18.79139277,17.51990984,1.5,-9.836090968,-7.809324195,13,-9.5,0.4,-7.4,-3.5,-14.8,-6.6,0.4,14.6,7,28.6207,7.5,-2.2,-3.8,-9.3337,5.2,-0.11,-0.29,-12.05,1.9,0,0,0,1,0,0,0,0,0,0,0,0,0,0,0,0,0,0,0,0,0,0,0,0,0,0,0,0,0,0,0,0,0,0,0,0
20183314,3314,2018,East,Sweet 16,3,2018 Texas Tech,2,2018 Purdue,78,65,13,143,1,-3.9,-4.7239,-0.034128513,-2.941822275,-1.2,10.49082388,6.733557706,-2.7,-14.65539277,-13.47370214,5.9,16.5,5.1,0.4,-11.4,2,0.7,6.4,6.6,2.9,12.5461,2.2,-9.8,-9.2,-24.3097,-4.7,-3.37,-0.07,8.1,0.1,0,0,0,0,0,0,0,0,0,0,0,0,0,0,0,0,0,0,1,0,0,0,0,0,0,0,0,0,0,0,0,0,0,0,0,0
20183413,3413,2018,Midwest,Sweet 16,1,2018 Kansas,5,2018 Clemson,80,76,4,156,1,2.5,2.9695,0.05856996,4.233216548,3.3,13.98707614,14.70304148,-0.8,-11.41335889,-6.8315083,10.5,-0.8,2.4,-1.1,-4.2,-9.3,4.3,0.6,12.2,4.8,18.6594,-0.2,-3.1,-3.9,-6.691,-3.7,0.66,0.34,-8.16,3,0,0,0,0,0,0,0,0,0,0,0,0,0,0,0,1,0,0,0,0,0,0,0,0,0,0,0,0,0,0,0,0,0,0,0,0
20184415,4415,2018,Midwest,Elite Eight,1,2018 Kansas,2,2018 Duke,85,81,4,166,1,-3.3,-5.896,-0.016825496,1.550574793,3.7,13.9433673,14.95807046,-7.2,-20.24135889,-18.4045636,12.1,4.2,-0.1,-0.3,-7.5,-10.1,-7.4,0.8,11.7,8.2,18.6965,-3.8,-7.5,-5.1,-17.267,1.2,-1.49,-1.39,-1.4,-0.9,0,0,0,0,0,0,0,0,0,0,0,0,1,0,0,0,0,0,0,0,0,0,0,0,0,0,0,0,0,0,0,0,0,0,0,0
20183414,3414,2018,Midwest,Sweet 16,11,2018 Syracuse,2,2018 Duke,65,69,-4,134,0,-10.4,-15.5419,-0.134704362,-7.069794945,-6.3,0.715367295,-0.496802643,-4.1,-16.34585043,-15.35622335,1.2,18.2,5.9,2.2,-9.2,-3.6,-9.8,1.9,1.9,0,5.7085,0.1,-10.8,-5,-20.3761,3.5,0.18,1,-6.51,-6.5,0,0,0,0,0,0,0,0,0,0,0,0,0,0,0,0,0,0,1,0,0,0,0,0,0,0,0,0,0,0,0,0,0,0,0,0
20193113,3113,2019,East,Sweet 16,1,2019 Duke,4,2019 Virginia Tech,75,73,2,148,1,4.8,7.5229,0.039480989,6.208673267,4.2,13.65958368,13.22572736,0.5,-4.914154169,-4.826725997,4.5,8.2,8.7,-4,-11.8,-7.4,-0.1,2.3,10.3,-3,17.4985,-3.2,-9.3,-10.1,-22.259,-6.7,1.62,1.71,5.41,9.3,0,1,0,0,0,0,0,0,0,0,0,0,0,0,0,0,0,0,0,0,0,0,0,0,0,0,0,0,0,0,0,0,0,0,0,0
20194115,4115,2019,East,Elite Eight,1,2019 Duke,2,2019 Michigan St.,67,68,-1,135,0,1.5,0.6318,0.014144006,0.57594364,1.8,9.42523732,10.55765601,-0.3,-8.210154169,-6.795530997,9.7,6.9,9.3,2.8,-11.2,-11,-4.4,1.1,17,-1.6,18.1683,1.1,-9.9,-9.1,-22.524,-5.9,1.06,1.11,-1.5,5.3,1,0,0,0,0,0,0,0,0,0,0,0,0,0,0,0,0,0,0,0,0,0,0,0,0,0,0,0,0,0,0,0,0,0,0,0
20193113,3113,2019,East,Sweet 16,3,2019 LSU,2,2019 Michigan St.,63,80,-17,143,0,-7.1,-10.3951,-0.048860274,-3.301341287,-0.6,7.82623732,9.497057909,-6.5,-19.18551131,-16.97373471,8,10,10.5,3.3,-5.6,-0.8,-3.7,2,12.1,0.5,17.4583,7.5,-5.1,-4.3,-13.624,-6.2,0.79,-0.36,-0.23,2.2,0,0,0,0,0,0,0,0,0,0,0,0,1,0,0,0,0,0,0,0,0,0,0,0,0,0,0,0,0,0,0,0,0,0,0,0
20193213,3213,2019,West,Sweet 16,1,2019 Gonzaga,4,2019 Florida St.,72,58,14,130,1,8.5,10.2313,0.07189073,-0.521019893,5.3,14.54137279,15.48773401,3.1,-4.686878704,-2.116063003,12.3,-0.1,3.7,-5.8,-6.5,-11.2,-6,-0.3,16.1,3.9,28.0439,4.2,-7.9,-2.7,-15.8693,-4.6,-1.35,-0.45,-14.54,2.3,0,1,0,0,0,0,0,0,0,0,0,0,0,0,0,0,0,0,0,0,0,0,0,0,0,0,0,0,0,0,0,0,0,0,0,0
20194215,4215,2019,West,Elite Eight,1,2019 Gonzaga,3,2019 Texas Tech,69,75,-6,144,0,4.3,6.0411,0.017820074,0.140863019,1.4,8.773954935,8.256859526,2.8,-4.393878704,-2.889065503,16.8,-1.6,2,-8.5,-9.5,-8.4,-1.5,0.7,21,6.4,36.6544,7.5,-9.8,-5.9,-17.3203,-3.3,0.81,1.12,-1.51,3.9,1,0,0,0,0,0,0,0,0,0,0,0,0,0,0,0,0,0,0,0,0,0,0,0,0,0,0,0,0,0,0,0,0,0,0,0
20193214,3214,2019,West,Sweet 16,3,2019 Texas Tech,2,2019 Michigan,63,44,19,107,1,1,-2.6876,-0.012901171,-2.174709122,-5.3,-3.475654163,-3.876809109,6.3,0.835045065,0.594172874,9.6,8.6,3.1,-0.1,-9.3,10.6,4.1,9.5,8.4,7.9,18.2716,7.2,-10.5,-4.9,-20.8114,-0.6,-1.5,-0.62,6.68,2.4,1,0,0,0,0,0,0,0,0,0,0,0,0,0,0,0,0,0,0,0,0,0,0,0,0,0,0,0,0,0,0,0,0,0,0,0
20193313,3313,2019,South,Sweet 16,1,2019 Virginia,12,2019 Oregon,53,49,4,102,1,11.6,20.5031,0.14931277,12.06532795,4.4,15.51907889,14.92208689,7.3,6.044550214,6.252766419,8.9,-5,1.9,-6.3,-8.2,-2.4,-3.8,0,3.2,11.5,22.5182,4.3,-6.4,-7.1,-16.2461,-6.8,-0.45,-1.34,-9.53,-4.8,0,0,0,1,0,0,0,0,0,0,0,0,0,0,0,0,0,0,0,0,0,0,0,0,0,0,0,0,0,0,0,0,0,0,0,0
20194315,4315,2019,South,Elite Eight,1,2019 Virginia,3,2019 Purdue,80,75,5,155,1,5.8,9.604,0.038488102,4.9879586,6.6,18.35458035,17.98374589,-0.8,-7.348449786,-8.359270681,6.2,-2.4,3.4,-4.8,-9.2,-1.5,-9.1,1.9,4.3,6.5,17.3286,1.3,-5.7,-9.2,-23.8271,-8.1,-0.53,-1.07,-4.77,-5.3,1,0,0,0,0,0,0,0,0,0,0,0,0,0,0,0,0,0,0,0,0,0,0,0,0,0,0,0,0,0,0,0,0,0,0,0
20193314,3314,2019,South,Sweet 16,3,2019 Purdue,2,2019 Tennessee,99,94,5,193,1,0.3,-0.9288,-0.012769584,-3.720075096,6.1,16.3795327,15.8152344,-5.8,-17.26258035,-18.28716939,5.3,-5,4.7,-2.3,-5.8,-0.7,-5,3.6,6.6,2,14.8466,7.5,-7.8,-1.8,-16.5226,-3.4,1.28,0.46,2.24,-3,1,0,0,0,0,0,0,0,0,0,0,0,0,0,0,0,0,0,0,0,0,0,0,0,0,0,0,0,0,0,0,0,0,0,0,0
20193413,3413,2019,Midwest,Sweet 16,1,2019 North Carolina,5,2019 Auburn,80,97,-17,177,0,2.5,5.8393,0.030575408,3.859772521,4.8,15.96477668,14.98536227,-2.3,-9.31863233,-9.801042892,1.1,-5.7,1.7,-8.2,-5.9,-2.1,-9.5,1,1.5,0.9,13.2384,3,-3.8,-5.2,-17.7666,-3.3,0.84,1.94,-5.09,7.2,0,0,1,0,0,0,0,0,0,0,0,0,0,0,0,0,0,0,0,0,0,0,0,0,0,0,0,0,0,0,0,0,0,0,0,0
20193414,3414,2019,Midwest,Sweet 16,3,2019 Houston,2,2019 Kentucky,58,62,-4,120,0,-2.4,-4.9884,-0.010839368,-0.831884846,-1.1,3.997241576,5.021385936,-1.3,-9.163896509,-6.915720669,5.1,4.8,8.9,-1.6,-10.9,-4.9,-10.4,-0.3,7.2,0.9,16.416,-0.4,-9.6,-8.8,-21.6762,-4.8,-1.85,-1.87,5.2,-0.4,0,0,0,0,0,0,1,0,0,0,0,0,0,0,0,0,0,0,0,0,0,0,0,0,0,0,0,0,0,0,0,0,0,0,0,0
20194415,4415,2019,Midwest,Elite Eight,5,2019 Auburn,2,2019 Kentucky,77,71,6,148,1,-1.9,-4.0816,-0.016966781,-2.642734865,1.7,9.450241576,10.32278444,-3.5,-14.31577668,-12.63795957,7.2,3.9,6.9,-0.9,-1.5,-5.9,-3.7,6.8,7.7,3.1,17.982,1,-2.3,-0.8,-13.5844,-2.8,-0.79,-1.5,3.13,1,0,0,0,0,0,0,0,0,0,0,0,0,1,0,0,0,0,0,0,0,0,0,0,0,0,0,0,0,0,0,0,0,0,0,0,0
20213113,3113,2021,West,Sweet 16,1,2021 Gonzaga,5,2021 Creighton,83,65,18,148,1,8.2,15.319,0.075957392,5.252402056,10,19.23365671,19.03315554,-1.7,-3.122174613,-2.648125437,14.1,11,2.2,-1.7,-8.2,-1,-1.4,4.5,17.9,4.4,24.8845,2,-9.5,-4.2,-17.9854,6.1,1.55,1.12,0.83,5.8,0,0,0,1,0,0,0,0,0,0,0,0,0,0,0,0,0,0,0,0,0,0,0,0,0,0,0,0,0,0,0,0,0,0,0,0
20214115,4115,2021,West,Elite Eight,1,2021 Gonzaga,6,2021 USC,85,66,19,151,1,7,14.3996,0.047320957,2.955055482,7.7,15.80670354,14.52405934,-0.7,-1.135174613,-1.709761037,15.6,11.9,3.1,-1.3,-4.6,-11.6,-12.3,2.2,21.8,2.3,27.5204,-0.2,-5.3,-2.3,-16.8794,5.6,-2,-1.26,-4.41,7.8,0,1,0,0,0,0,0,0,0,0,0,0,0,0,0,0,0,0,0,0,0,0,0,0,0,0,0,0,0,0,0,0,0,0,0,0
20213113,3113,2021,West,Sweet 16,6,2021 USC,7,2021 Oregon,82,68,14,150,1,3.1,4.5446,0.053896263,0.788371231,4,9.548178645,9.205367281,-0.9,-4.148703537,-3.235182941,2,10.4,8.5,-2.2,-9,-2,-1,0.6,2.2,1.2,8.6479,-11.6,-10.7,-3.7,-14.8924,2.4,3.81,1.86,0.18,-0.4,0,0,0,0,0,0,0,0,0,1,0,0,0,0,0,0,0,0,0,0,0,0,0,0,0,0,0,0,0,0,0,0,0,0,0,0
20213213,3213,2021,East,Sweet 16,1,2021 Michigan,4,2021 Florida St.,76,58,18,134,1,4.7,8.7217,0.022084058,4.677393197,4,13.47104041,10.91239408,0.7,-3.62929729,-7.111338042,8.4,-7.4,-2,-3.3,-9.5,-8.2,-10.9,-5.1,9.1,5.4,13.3994,3.7,-9.8,-5.5,-15.0364,1.1,0.13,-1.73,-14.17,-2.9,0,0,0,1,0,0,0,0,0,0,0,0,0,0,0,0,0,0,0,0,0,0,0,0,0,0,0,0,0,0,0,0,0,0,0,0
20214215,4215,2021,East,Elite Eight,1,2021 Michigan,11,2021 UCLA,49,51,-2,100,0,6,14.874,0.072692661,4.41818183,6.4,16.85506294,13.6732926,-0.4,-0.59029729,-4.132200942,4.2,0.9,5.2,-1.3,-7.1,-8.1,-6,-1.6,3.9,3.6,10.218,4.2,-8.3,-3.2,-11.9294,2.8,2.66,0.6,-2.39,2.2,0,0,0,1,0,0,0,0,0,0,0,0,0,0,0,0,0,0,0,0,0,0,0,0,0,0,0,0,0,0,0,0,0,0,0,0
20213214,3214,2021,East,Sweet 16,11,2021 UCLA,2,2021 Alabama,88,78,10,166,1,-3,-9.0701,-0.049288571,-4.236662643,-0.5,-1.892040007,1.406199885,-2.5,-9.143062943,-6.717003297,6.7,0.7,1,-4.4,-0.6,-0.6,-7.3,-1,4.2,7.9,15.4144,3.5,-0.7,0,-3.867,1.6,-0.56,-0.4,-5.56,-9.8,0,0,0,0,0,0,0,0,0,0,0,0,0,0,0,0,0,0,0,1,0,0,0,0,0,0,0,0,0,0,0,0,0,0,0,0
20213313,3313,2021,South,Sweet 16,1,2021 Baylor,5,2021 Villanova,62,51,11,113,1,5.6,6.8785,0.052458157,3.627950386,9.7,19.08096933,20.41219535,-4.1,-11.95569567,-11.59989938,5.7,1.2,12.7,-1.4,-3.7,1.7,3,11.1,3.1,6.4,18.45,1.5,-4.7,-1.2,-19.149,-7.9,-1.01,-1.32,2.95,4,0,0,1,0,0,0,0,0,0,0,0,0,0,0,0,0,0,0,0,0,0,0,0,0,0,0,0,0,0,0,0,0,0,0,0,0
20214315,4315,2021,South,Elite Eight,1,2021 Baylor,3,2021 Arkansas,81,72,9,153,1,7.2,7.9677,0.064239503,2.127228008,6.8,12.11980436,13.78478898,0.4,-4.855695668,-3.150194475,9.9,-2.3,11.3,-2.7,-2.4,-1,-0.8,7.2,7.2,9.2,25.9706,1.1,-3.8,0.1,-14.281,-5.1,-1.7,-1.23,-1.36,-5.1,0,0,0,1,0,0,0,0,0,0,0,0,0,0,0,0,0,0,0,0,0,0,0,0,0,0,0,0,0,0,0,0,0,0,0,0
20213314,3314,2021,South,Sweet 16,3,2021 Arkansas,15,2021 Oral Roberts,72,70,2,142,1,12.1,20.31298,0.373778234,9.495620975,8.3,18.42679523,16.3231068,3.7,2.489195638,2.053016918,1.1,-0.4,-1.3,-0.8,-6,1.5,3,4.6,2.9,-1.7,2.015,3.5,-2.8,-6.2,-15.5056,-14,1.48,1.04,7.62,2.5,0,0,0,0,0,0,0,0,0,0,0,0,0,0,0,0,0,0,0,0,0,0,0,1,0,0,0,0,0,0,0,0,0,0,0,0
20213413,3413,2021,Midwest,Sweet 16,8,2021 Loyola Chicago,12,2021 Oregon St.,58,65,-7,123,0,5.7,13.5811,0.151734214,1.457192694,3.3,9.562069773,7.318957315,2.4,6.064162989,4.203842369,5.9,-7.5,-3.4,0,-2,-11.6,-8.8,4.4,5.5,4.3,5.68,0.1,-1.4,-2.1,-17.1059,-5.9,-1.64,-2.1,-0.13,-2.1,0,0,0,0,0,0,0,0,0,0,0,0,0,0,0,0,0,0,0,0,0,0,1,0,0,0,0,0,0,0,0,0,0,0,0,0
20213414,3414,2021,Midwest,Sweet 16,11,2021 Syracuse,2,2021 Houston,46,62,-16,108,0,-7.4,-12.5934,-0.126141386,-3.514171055,-1.6,2.834302727,0.340440574,-5.7,-16.45636953,-16.18922289,7.8,-14,2.3,-5.6,-2.8,-5.6,-5.6,4.5,7.8,5.3,19.8101,13.2,-0.7,-3.8,-14.669,0.6,1.28,1.01,-10.42,3.7,0,0,0,0,0,0,0,0,0,0,0,0,0,0,0,0,0,0,0,0,1,0,0,0,0,0,0,0,0,0,0,0,0,0,0,0
20214415,4415,2021,Midwest,Elite Eight,12,2021 Oregon St.,2,2021 Houston,61,67,-6,128,0,-10.8,-18.6474,-0.19700348,-3.658455833,-3.1,-1.659697273,-2.726353926,-7.6,-18.06806977,-17.36568381,5.8,-8.4,1.8,-4.4,-0.9,7.5,-10,2.2,3.9,6.1,15.8141,10.8,2.6,-4.1,-11.27,-1.1,1.92,1.13,0.07,-0.4,0,0,0,0,0,0,0,0,0,0,0,0,0,0,0,0,0,0,0,0,0,0,0,0,0,0,1,0,0,0,0,0,0,0,0,0
20223113,3113,2022,West,Sweet 16,1,2022 Gonzaga,4,2022 Arkansas,68,74,-6,142,0,7.7,13.9474,0.092992665,2.243038344,5.2,13.16968766,12.14171065,2.4,1.494977352,3.65086627,11.9,-2.6,3.2,-4.7,-6,-15.7,-7.9,-0.4,14.5,5.1,24.4922,-0.1,-9.3,0,-17.4838,-5.8,2.43,1.98,3.04,1.8,0,0,1,0,0,0,0,0,0,0,0,0,0,0,0,0,0,0,0,0,0,0,0,0,0,0,0,0,0,0,0,0,0,0,0,0
20223113,3113,2022,West,Sweet 16,3,2022 Texas Tech,2,2022 Duke,73,78,-5,151,0,-0.3,0.9286,-6.57E-05,-0.61329593,1.2,5.15404378,3.138658219,-1.5,-1.798236511,-3.477343303,5.4,17.2,4.8,4.2,-10.1,3.5,-5.8,8.7,8.2,0,6.7384,2.7,-11.5,-5.5,-28.7963,-4.6,-1.86,-0.04,13.17,-0.8,0,0,0,0,0,0,0,1,0,0,0,0,0,0,0,0,0,0,0,0,0,0,0,0,0,0,0,0,0,0,0,0,0,0,0,0
20224115,4115,2022,West,Elite Eight,4,2022 Arkansas,2,2022 Duke,69,78,-9,147,0,-4,-4.691,-0.062727068,-2.716718216,0.5,6.52504378,3.415838119,-4.4,-10.72768766,-11.69153525,2.2,19,2.4,1.3,-8.1,3.7,-6.1,5.7,4,-0.7,7.8224,8.1,-9.4,-4,-22.7592,0.3,-2.27,-1.6,-0.52,3.7,0,0,0,0,0,0,0,0,0,0,0,0,0,1,0,0,0,0,0,0,0,0,0,0,0,0,0,0,0,0,0,0,0,0,0,0
20223213,3213,2022,East,Sweet 16,8,2022 North Carolina,4,2022 UCLA,73,66,7,139,1,-2.9,-8.8013,-0.066263839,-0.796692552,0.9,3.442372147,3.690577634,-3.7,-12.99469359,-10.86992852,4.4,0.4,5.6,-3.2,-0.8,-8.3,-11.1,0.7,3.4,4,14.8003,4.9,-1.3,-0.3,-10.847,0.1,1.27,0.38,-12.13,3,0,0,0,0,0,0,0,0,0,0,0,0,0,0,0,0,0,0,0,1,0,0,0,0,0,0,0,0,0,0,0,0,0,0,0,0
20224215,4215,2022,East,Elite Eight,8,2022 North Carolina,15,2022 Saint Peter's,69,49,20,118,1,8.5,11.77042,0.261891584,9.825139319,1.5,7.209788333,6.528833759,7,4.330106411,6.661000969,8,-11.4,2.4,-4.4,2,-16,-10.7,-6.7,6.7,6.8,17.0871,3.7,2.4,0.1,2.2183,5.2,2.1,2.07,-20.48,3.2,0,0,0,0,0,0,0,0,0,0,0,0,0,0,0,0,0,0,0,0,0,0,1,0,0,0,0,0,0,0,0,0,0,0,0,0
20223214,3214,2022,East,Sweet 16,3,2022 Purdue,15,2022 Saint Peter's,64,67,-3,131,0,11.6,18.01172,0.328797263,12.57985137,6.4,15.42078833,16.33978376,5.1,2.278902929,4.946566984,12.9,-4.7,7.2,-3.6,1.8,-16.1,-7.9,-6.7,11.9,9.7,26.2471,-3.2,3.3,-1.3,3.6013,3.5,2.64,2.26,-4.24,-0.4,0,0,0,0,0,0,0,0,0,0,0,0,0,0,0,0,1,0,0,0,0,0,0,0,0,0,0,0,0,0,0,0,0,0,0,0
20223313,3313,2022,South,Sweet 16,1,2022 Arizona,5,2022 Houston,60,72,-12,132,0,-2.2,0.7113,-0.016430577,2.607417061,0.8,9.569422746,5.531779004,-3,-9.159188887,-8.926964159,12.4,0,7.2,-3.7,-9.2,-5.9,-9.5,0.6,14,6.4,26.6518,3.3,-13.2,-1.4,-22.0565,0.1,2.6,2.03,2.67,7.4,1,0,0,0,0,0,0,0,0,0,0,0,0,0,0,0,0,0,0,0,0,0,0,0,0,0,0,0,0,0,0,0,0,0,0,0
20223314,3314,2022,South,Sweet 16,11,2022 Michigan,2,2022 Villanova,55,63,-8,118,0,-6.2,-8.4626,-0.066362823,-7.12437932,0.8,7.642294444,6.327632606,-6.8,-16.4877257,-13.70394894,4.8,3.8,3.2,-1.7,-1.7,-3.9,-7.1,-0.5,4.8,3,10.3252,0.1,0.5,-2.9,-9.191,-9.4,3.53,0.88,0.24,3.3,0,0,0,0,0,0,0,0,0,0,0,0,0,0,0,0,0,0,0,1,0,0,0,0,0,0,0,0,0,0,0,0,0,0,0,0
20224315,4315,2022,South,Elite Eight,5,2022 Houston,2,2022 Villanova,44,50,-6,94,0,2.2,2.3869,0.025273861,-1.134704873,3.3,10.78329444,9.552761206,-1,-7.879422746,-4.634440204,6.1,3.6,9.8,-1.7,-8.5,4.6,-3.6,6.2,6.9,3.1,16.8962,-7.6,-6.8,-6.9,-23.8838,-11.8,1.3,0.06,3.68,1.3,0,1,0,0,0,0,0,0,0,0,0,0,0,0,0,0,0,0,0,0,0,0,0,0,0,0,0,0,0,0,0,0,0,0,0,0
20223413,3413,2022,Midwest,Sweet 16,1,2022 Kansas,4,2022 Providence,66,61,5,127,1,6.9,11.6123,0.116507793,4.532820931,5.6,17.3992826,17.0294952,1.3,-5.428757712,-3.877683876,7.4,6.5,5.4,2,-3.4,-10.7,-1.6,1.1,7.9,4.3,12.001,1.5,-1.7,-4.2,-9.28,-1.9,-0.47,-0.57,0.07,3.4,0,0,0,1,0,0,0,0,0,0,0,0,0,0,0,0,0,0,0,0,0,0,0,0,0,0,0,0,0,0,0,0,0,0,0,0
20224415,4415,2022,Midwest,Elite Eight,1,2022 Kansas,10,2022 Miami FL,76,50,26,126,1,8.5,12.8713,0.137808304,7.830202189,9.4,21.48032921,20.7636193,-1,-8.255757712,-6.596731476,0.7,8.2,3.1,-2.5,-7.3,-1.1,5.5,4.2,0.6,0.3,6.622,3.3,-7,-5.2,-13.177,-3.6,-0.14,0.43,6.75,2,0,0,0,1,0,0,0,0,0,0,0,0,0,0,0,0,0,0,0,0,0,0,0,0,0,0,0,0,0,0,0,0,0,0,0,0
20223414,3414,2022,Midwest,Sweet 16,11,2022 Iowa St.,10,2022 Miami FL,56,70,-14,126,0,0,1.3252,0.036455537,0.24680055,-1,6.473329208,3.701812903,1,-4.180809977,-1.571071292,-3.5,3.5,-2.1,0.1,-5.8,7.3,5.1,10.3,-3,-3.1,-6.8896,-0.7,-4.2,-5.7,-17.4644,-2.4,-0.61,-0.2,9.17,-0.3,0,0,0,0,0,0,0,0,0,0,0,0,0,0,0,0,0,0,0,0,0,1,0,0,0,0,0,0,0,0,0,0,0,0,0,0
20233113,3113,2023,South,Sweet 16,1,2023 Alabama,5,2023 San Diego St.,64,71,-7,135,0,6.3,7.2876,0.03730836,4.539716656,0.1,7.015293439,4.495762819,6.2,0.995298938,1.909762179,5.2,7.3,8,-0.6,-8.6,-1.5,-4.2,-1.7,4.7,4.6,15.7234,-1,-8.2,-6.3,-14.8743,-2.2,1.83,1.39,-1.79,6.3,0,1,0,0,0,0,0,0,0,0,0,0,0,0,0,0,0,0,0,0,0,0,0,0,0,0,0,0,0,0,0,0,0,0,0,0
20233113,3113,2023,South,Sweet 16,6,2023 Creighton,15,2023 Princeton,86,75,11,161,1,10,15.0887,0.253287328,5.350911509,6.8,18.02784073,15.37896388,3.2,-2.672094677,0.182118712,6.3,-1.2,2.7,2.1,-5.2,-12.4,-5.1,-2.6,7.3,2.9,10.027,7.8,-7.9,0.1,-10.4082,1.6,2.17,0.5,-4.16,1.1,0,0,0,0,0,0,0,0,0,0,0,0,0,0,0,0,0,0,0,0,0,0,1,0,0,0,0,0,0,0,0,0,0,0,0,0
20233213,3213,2023,East,Sweet 16,9,2023 Florida Atlantic,4,2023 Tennessee,62,55,7,117,1,-7.3,-6.4754,-0.07491013,1.908262905,-6,0.599883483,-3.865267107,-1.2,-8.557680605,-5.594503417,12.6,-5.4,3.5,-5.5,-4.4,-4.2,-12.3,0.2,9.7,11,25.4192,-0.4,-6.2,-0.9,-14.106,3.5,-2.41,-1.3,2.32,2.5,0,0,0,0,0,0,0,0,0,0,0,0,0,0,0,0,0,0,0,0,0,1,0,0,0,0,0,0,0,0,0,0,0,0,0,0
20234215,4215,2023,East,Elite Eight,9,2023 Florida Atlantic,3,2023 Kansas St.,79,76,3,155,1,-0.4,-0.0845,-0.002018452,0.480319701,0,8.120253981,4.777847339,-0.5,-8.398680605,-4.867598517,7.5,-7.2,1.2,-4,-5.6,-10.3,-6.6,-1.7,5.5,7.1,17.1501,2.6,-7,-2,-10.582,-0.1,-1.56,-0.27,14.67,-2,0,0,0,0,0,0,0,0,0,0,0,0,0,0,0,0,0,0,0,0,1,0,0,0,0,0,0,0,0,0,0,0,0,0,0,0
20233214,3214,2023,East,Sweet 16,3,2023 Kansas St.,7,2023 Michigan St.,98,93,5,191,1,0.6,1.6044,0.011871969,1.811759691,-0.2,9.092474457,5.104748077,0.8,-7.245253981,-4.187228039,3.4,8.4,5.9,5.3,-4.1,10.9,1.8,4.3,3.2,2.5,3.358,2.9,1.1,-9.4,-10.1741,-7,-0.12,-1.44,-3.67,5.3,0,0,0,0,0,0,0,0,0,0,0,0,0,0,0,1,0,0,0,0,0,0,0,0,0,0,0,0,0,0,0,0,0,0,0,0
20233313,3313,2023,Midwest,Sweet 16,1,2023 Houston,5,2023 Miami FL,75,89,-14,164,0,9,13.9048,0.121467644,4.386940537,8.1,21.59938107,18.46919683,0.9,-6.585733907,-3.685959483,1.4,4.4,8.1,-2.8,-12.5,5.8,-4.6,5.6,1.4,0.9,11.977,-2.6,-11.8,-9,-27.1197,-8.6,0.13,-0.07,2.76,-4.2,0,0,0,1,0,0,0,0,0,0,0,0,0,0,0,0,0,0,0,0,0,0,0,0,0,0,0,0,0,0,0,0,0,0,0,0
20233314,3314,2023,Midwest,Sweet 16,3,2023 Xavier,2,2023 Texas,71,83,-12,154,0,-4.3,-4.8777,-0.034179008,-2.175828662,0.4,10.61387001,9.404854919,-4.8,-16.18342561,-12.98512416,7.8,-3.7,2.4,-5.3,-2.3,-4.4,-2.9,0,6.8,6.8,18.3687,-1,-5.1,2,-6.44,-2.8,2.29,1.85,-8.02,1.6,0,0,0,0,0,0,0,0,0,0,0,0,0,0,0,0,0,0,0,1,0,0,0,0,0,0,0,0,0,0,0,0,0,0,0,0
20234315,4315,2023,Midwest,Elite Eight,5,2023 Miami FL,2,2023 Texas,88,81,7,169,1,-5.3,-9.6559,-0.087206633,-3.87602565,1.3,9.549870013,8.072211619,-6.6,-19.79338107,-15.95501523,7.2,-4.5,2.6,-6.4,-1.4,-7.4,0.7,1.6,7.7,4.1,20.1197,5.2,-2,-0.3,-5.318,-0.7,0.01,0.25,-8.66,-1.3,0,0,0,0,0,0,0,0,0,0,0,0,0,0,0,0,0,0,0,1,0,0,0,0,0,0,0,0,0,0,0,0,0,0,0,0
20233413,3413,2023,West,Sweet 16,8,2023 Arkansas,4,2023 Connecticut,65,88,-23,153,0,-6.3,-6.7399,-0.053680768,-4.655800506,-3.9,6.290601599,2.546291088,-2.4,-13.01745371,-10.18959046,6.5,0.1,4.3,-1.1,-7,7.5,-11,1.5,8,1.7,10.6745,-4.6,-6.5,-5.1,-18.415,-4,-0.64,0.46,-3.49,1.5,0,0,0,0,0,0,0,0,0,0,0,0,0,0,0,0,0,0,1,0,0,0,0,0,0,0,0,0,0,0,0,0,0,0,0,0
20233414,3414,2023,West,Sweet 16,3,2023 Gonzaga,2,2023 UCLA,79,76,3,155,1,-2.9,-3.3222,-0.026354313,-1.758876161,2.3,9.380703732,8.190837727,-5.1,-14.56775892,-11.71297464,11.7,6.6,3.5,-9,0.8,-0.4,-7.7,3.5,12.2,7.3,30.7525,0.5,0.8,0.3,-6.736,1.3,0.73,1.07,-2.85,4.2,0,0,0,0,0,0,0,0,0,0,0,0,1,0,0,0,0,0,0,0,0,0,0,0,0,0,0,0,0,0,0,0,0,0,0,0
20234115,4115,2023,South,Elite Eight,5,2023 San Diego St.,6,2023 Creighton,57,56,1,113,1,-1.9,-0.3996,0.005555537,3.495259563,-1.6,5.508094677,3.499417388,-0.3,-5.539293439,-2.885824619,2.8,14.5,8.4,3.3,-6.8,1.3,0.3,3,3.8,0.3,9.0232,0.7,-4.6,-6.8,-14.4534,-3.1,-1.56,-1.19,16.95,-2.9,0,0,0,0,0,0,0,0,0,1,0,0,0,0,0,0,0,0,0,0,0,0,0,0,0,0,0,0,0,0,0,0,0,0,0,0
20234415,4415,2023,West,Elite Eight,4,2023 Connecticut,3,2023 Gonzaga,82,54,28,136,1,4,1.0585,0.022480861,-1.610778118,7.7,19.12975892,17.43064244,-3.9,-17.6986016,-14.45540179,1.8,4.7,13.2,0.1,-13,4.5,-4.9,4.8,2.2,0.7,11.25,1.9,-13.2,-8.4,-25.3145,3.4,0.07,0.25,4.64,-2.9,0,0,1,0,0,0,0,0,0,0,0,0,0,0,0,0,0,0,0,0,0,0,0,0,0,0,0,0,0,0,0,0,0,0,0,0