rank,team,obpr,dbpr,bpr,off_rank,def_rank,tempo,tempo_rank,rank_inj,home_rank,runs_per_game,runs_conceded_per_game,runs_total,runs_conceded_total,wins,losses,color_O,color_D,color_Diff
1,Houston,10.9969473759689,18.6787711185147,29.6757184944836,15,1,66.61380090829,333,1,4,1.3125,0.25,21,4,14,2,#FFC379,#FF9E24,#FF9D22
2,Purdue,17.8843199138364,10.1880942319834,28.0724141458198,1,9,69.476420180232,191,2,15,0.882352941176471,0.294117647058824,15,5,15,2,#FF9E25,#FFCA88,#FFA22E
3,Arizona,14.6067528778037,11.8865060914793,26.4932589692829,6,4,75.074579074,5,3,2,1.25,0.125,20,2,12,4,#FFB04D,#FFC174,#FFA83A
4,Auburn,13.8206189103648,11.3749885977339,25.1956075080988,7,5,71.462247035309,79,4,238,1.125,0.25,18,4,14,2,#FFB456,#FFC47A,#FFAC43
5,Tennessee,10.9429307189499,13.1723155730277,24.1152462919776,19,2,70.375000209971,134,5,39,0.6875,0.1875,11,3,12,4,#FFC479,#FFBB65,#FFAF4B
6,North Carolina,11.6883497207966,10.8714316683279,22.5597813891245,12,7,72.10483209678,54,6,193,0.9375,0.1875,15,3,13,3,#FFC070,#FFC680,#FFB457
7,Alabama,15.8462992242616,6.6802965925175,22.5265958167791,3,43,73.3952095362,24,7,18,1.1875,0.375,19,6,11,5,#FFA93D,#FFDCB0,#FFB557
8,Duke,13.5164824127798,8.75280957931705,22.2692919920968,5,18,69.2202260971775,213,8,93,0.8125,0.25,13,4,13,3,#FFB65A,#FFD198,#FFB559
9,Connecticut,15.7365221932921,6.17816601350552,21.9146882067976,2,40,67.075551045319,321,9,78,0.882352941176471,0.235294117647059,15,4,15,2,#FFAA3F,#FFDFB6,#FFB75C
10,Creighton,11.8531800440265,9.21108551866979,21.0642655626963,11,15,68.6316977270159,245,10,178,1,0.176470588235294,17,3,13,4,#FFBF6E,#FFCF93,#FFB962
11,Kansas,10.6046772367104,9.67339232281931,20.2780695595297,20,12,70.2824216473571,139,11,149,0.6,0.466666666666667,9,7,13,2,#FFC57D,#FFCD8E,#FFBC68
12,Illinois,11.847193080548,8.15938861737417,20.0065816979222,8,25,71.0315632342043,97,12,271,0.9375,0.25,15,4,12,4,#FFBF6E,#FFD49F,#FFBD6A
13,Michigan State,10.3959009132631,9.49170974762459,19.8876106608877,21,11,67.874117044237,291,13,22,0.6875,0.0625,11,1,10,7,#FFC780,#FFCE90,#FFBD6B
14,Iowa State,6.77788456209029,12.9745850554904,19.7524696175807,58,3,70.2612473650025,141,14,3,1.13333333333333,0.266666666666667,17,4,13,3,#FFDAAC,#FFBC67,#FFBE6C
15,BYU,10.1050501112483,9.2866564712767,19.391706582525,24,14,71.0532062612056,96,15,32,1.06666666666667,0.2,16,3,13,3,#FFC883,#FFCF92,#FFBF6F
16,Baylor,14.9527976641529,3.89305205764221,18.8458497217951,4,91,68.9919255109169,225,16,21,1.06666666666667,0.133333333333333,16,2,13,2,#FFAE48,#FFEAD1,#FFC173
17,Kentucky,12.8680418156983,5.86063999607609,18.7286818117744,9,54,73.7038498493,21,17,167,0.733333333333333,0.2,11,3,12,3,#FFB962,#FFE0BA,#FFC173
18,Villanova,10.0781334601546,8.57773829890725,18.6558717590618,25,24,66.84548192069,327,18,322,0.733333333333333,0.533333333333333,11,8,11,5,#FFC884,#FFD29A,#FFC174
19,Marquette,8.98619026490509,9.10854738942818,18.0947376543333,30,13,71.316689855953,82,19,62,0.875,0.3125,14,5,11,5,#FFCE91,#FFCF94,#FFC378
20,Wisconsin,11.0013379173586,7.03205833684506,18.0333962542037,17,39,66.41038436803,340,20,169,0.4375,0.25,7,4,13,3,#FFC378,#FFDAAC,#FFC379
21,Florida Atlantic,12.2743367950426,5.15006143557928,17.4243982306219,10,64,69.293859901883,205,21,25,0.8125,0.4375,13,7,13,4,#FFBC69,#FFE4C2,#FFC57D
22,Texas Tech,11.1532698274254,6.19440644291645,17.3476762703418,16,47,67.384557348704,310,22,111,0.4375,0.3125,7,5,14,2,#FFC277,#FFDFB6,#FFC67E
23,Mississippi State,6.23458644710893,10.5582634428421,16.792849889951,59,8,69.3469719358325,202,23,194,0.375,0.1875,6,3,12,4,#FFDDB3,#FFC883,#FFC782
24,TCU,9.36820422521322,7.36700980332489,16.7352140285381,31,37,72.38821545835,45,24,69,0.875,0.25,14,4,13,3,#FFCC8C,#FFD8A8,#FFC882
25,Gonzaga,10.0680434642445,6.27585063100678,16.3438940952512,26,48,71.95372137889,59,25,101,1.2,0.2,18,3,10,5,#FFC884,#FFDEB5,#FFC985
26,Oklahoma,8.00842527469529,8.29695278548496,16.3053780601802,43,27,69.6007413819482,180,26,16,0.875,0.125,14,2,13,3,#FFD39D,#FFD49E,#FFC985
27,San Diego State,7.00227064268261,8.96885360375,15.9711242464326,51,21,69.0334820887893,222,27,73,0.733333333333333,0.2,11,3,12,3,#FFD9A9,#FFD096,#FFCA88
28,Saint John's,9.14292474617725,6.77892969074124,15.9218544369185,33,42,71.741594817535,63,28,235,0.823529411764706,0.235294117647059,14,4,12,5,#FFCD8F,#FFDCAF,#FFCA88
29,Texas,7.33675407141978,8.3399358881424,15.6766899595622,49,26,70.4284715628869,132,29,65,1,0.375,16,6,12,4,#FFD7A5,#FFD39D,#FFCB8A
30,Ohio State,9.46097612784241,6.01705863346723,15.4780347613096,29,51,68.064607483258,283,30,113,0.875,0.3125,14,5,12,4,#FFCC8B,#FFDFB8,#FFCC8C
31,Cincinnati,6.38698666622851,9.0538408005436,15.4408274667721,54,17,70.3715369585874,135,31,91,0.875,0.375,14,6,12,4,#FFDCB1,#FFD095,#FFCC8C
32,Colorado State,11.0214972912171,4.24996211565883,15.271459406876,18,83,68.7292070151643,240,32,156,0.785714285714286,0.214285714285714,11,3,11,3,#FFC378,#FFE9CD,#FFCC8D
33,New Mexico,6.97651001659275,8.23411112460021,15.210621141193,53,28,74.696470735,9,33,6,0.6875,0.1875,11,3,13,3,#FFD9A9,#FFD49E,#FFCD8E
34,Florida,9.08468085475557,5.86367658883938,14.9483574435949,34,53,74.849101786,7,34,17,0.5,0.125,8,2,11,5,#FFCE90,#FFE0BA,#FFCD90
35,Saint Mary's,5.65018891184841,8.96949989566064,14.619688807509,75,20,64.332537303,359,35,88,0.944444444444444,0.388888888888889,17,7,12,6,#FFE0BA,#FFD096,#FFCF92
36,Texas A&M,8.38221660468672,6.20875238972125,14.590968994408,36,44,67.2721020521725,314,36,300,0.666666666666667,0.133333333333333,10,2,10,6,#FFD198,#FFDEB6,#FFCF92
37,Utah,7.99121809638962,6.26605446290559,14.2572725592952,41,32,71.867380141721,60,37,5,1,0.235294117647059,17,4,12,5,#FFD39D,#FFDEB5,#FFD095
38,Memphis,8.57122475638429,5.23371405329185,13.8049388096761,37,62,73.323508013,26,38,354,0.647058823529412,0.117647058823529,11,2,15,2,#FFD096,#FFE3C1,#FFD198
39,Xavier,6.19723429768,7.59354685423343,13.7907811519134,64,33,71.708302614412,65,39,292,0.4375,0.3125,7,5,8,8,#FFDDB3,#FFD7A6,#FFD198
40,Clemson,10.5770419340485,3.06595159903935,13.6429935330878,13,104,68.965870157001,228,40,43,0.5625,0.375,9,6,12,4,#FFC67E,#FFEFDB,#FFD299
41,Dayton,9.27497940816288,4.2063958393153,13.4813752474782,32,84,64.95247831,357,41,248,0.666666666666667,0.466666666666667,10,7,13,2,#FFCD8D,#FFE9CD,#FFD29A
42,Nevada,5.89397433952312,7.48225030110608,13.3762246406292,69,35,69.212010591858,214,42,234,0.714285714285714,0.214285714285714,10,3,14,2,#FFDFB7,#FFD8A7,#FFD39B
43,SMU,4.27829885367255,8.81800182786288,13.0963006815354,88,22,69.1363738999324,219,43,258,0.6,0.2,9,3,10,5,#FFE7CA,#FFD198,#FFD49D
44,Colorado,7.86678066907997,5.00049982762105,12.867280496701,44,69,70.2245324543481,145,44,8,0.6875,0.5,11,8,12,5,#FFD49F,#FFE5C4,#FFD49F
45,Utah State,6.22393356773576,6.53522479973294,12.7591583674687,63,41,71.19528400315,86,45,192,0.866666666666667,0.0666666666666667,13,1,14,1,#FFDDB3,#FFDDB2,#FFD5A0
46,Ole Miss,8.28494489128751,4.43328968591046,12.718234577198,42,79,68.5348748805389,249,46,81,0.3125,0.125,5,2,15,1,#FFD29A,#FFE8CB,#FFD5A0
47,Iowa,10.635938912095,1.92177423113369,12.5577131432287,14,125,74.589127551,10,47,50,0.8125,0.25,13,4,10,6,#FFC57D,#FFF5E8,#FFD5A1
48,Kansas State,4.65715657647621,7.85356507291246,12.5107216493887,84,31,68.8599489603974,234,48,310,0.8,0.266666666666667,12,4,12,4,#FFE5C6,#FFD6A3,#FFD5A2
49,Miami (Fla.),9.0449203594937,3.39450452258504,12.4394248820787,35,100,71.4424302164489,80,49,122,1.1875,0.5625,19,9,12,4,#FFCE90,#FFEDD7,#FFD6A2
50,Wake Forest,8.59162399505034,3.8215565294256,12.4131805244759,23,80,69.4650329296,193,50,13,0.75,0.5,12,8,12,4,#FFD096,#FFEBD2,#FFD6A2
51,Oregon,8.52732970504762,3.83969513274217,12.3670248377898,40,93,69.8514194087591,171,51,115,0.4375,0.125,7,2,13,3,#FFD197,#FFEBD2,#FFD6A3
52,Maryland,2.86150747741691,9.15437726449601,12.0158847419129,116,16,67.8920601699733,288,52,243,0.647058823529412,0.470588235294118,11,8,11,6,#FFEFDC,#FFCF94,#FFD7A5
53,Indiana State,9.47946134207267,2.47534013745727,11.9548014795299,28,118,72.7893972345,37,53,40,0.875,0.1875,14,3,13,3,#FFCB8B,#FFF2E2,#FFD7A6
54,San Francisco,5.79333295930413,6.12011337011034,11.9134463294145,72,50,67.6784161754024,301,54,77,0.588235294117647,0.0588235294117647,10,1,13,4,#FFDFB8,#FFDFB7,#FFD7A6
55,Boise State,4.20684237341636,7.45994845362671,11.6667908270431,96,36,69.032888730552,223,55,97,0.428571428571429,0.142857142857143,6,2,10,4,#FFE8CB,#FFD8A7,#FFD8A8
56,James Madison,6.4042231525871,4.91286062871155,11.3170837812986,60,66,72.7767667326,39,56,133,1,0.1875,16,3,14,2,#FFDCB0,#FFE5C5,#FFD9AA
57,North Texas,3.08190228223425,8.23248627798059,11.3143885602148,110,29,63.19030773,362,57,117,0.538461538461538,0.461538461538462,7,6,8,5,#FFEED9,#FFD49E,#FFD9AB
58,Northwestern,6.75138684785969,4.50606550442969,11.2574523522894,57,77,66.43207636158,338,58,121,0.1875,0.5625,3,9,12,4,#FFDAAC,#FFE7CA,#FFDAAB
59,Nebraska,7.17630468140264,4.07849654514143,11.2548012265441,46,86,70.2996155176174,137,59,79,0.823529411764706,0.352941176470588,14,6,13,4,#FFD8A7,#FFE9CF,#FFDAAB
60,Virginia Tech,7.00806927498206,4.02902542013656,11.0370946951186,45,78,68.4756101601254,258,60,9,0.6,0.333333333333333,9,5,10,6,#FFD9A9,#FFEACF,#FFDAAD
61,NC State,5.83600623489684,5.1049971936106,10.9410034285074,71,67,70.3046228088697,136,61,154,0.5625,0.3125,9,5,12,4,#FFDFB7,#FFE4C3,#FFDBAD
62,Seton Hall,5.80984724048144,5.07671078525421,10.8865580257356,61,61,67.82525972101,293,62,146,0.764705882352941,0.352941176470588,13,6,12,5,#FFDFB8,#FFE4C3,#FFDBAE
63,Grand Canyon,5.78742817444829,5.09723327032916,10.8846614447775,73,68,69.8852407298489,170,63,218,0.8125,0.25,13,4,15,1,#FFDFB8,#FFE4C3,#FFDBAE
64,Drake,6.88665096063129,3.99460509156487,10.8812560521962,55,89,68.969288652535,227,64,106,0.8125,0.4375,13,7,13,3,#FFD9AB,#FFEAD0,#FFDBAE
65,Washington,7.18075040606906,3.47831405266278,10.6590644587318,48,96,72.22046590314,51,65,89,0.352941176470588,0.176470588235294,6,3,10,7,#FFD8A7,#FFEDD6,#FFDCAF
66,Providence,1.86582788127802,8.69624711252581,10.5620749938038,106,19,69.4009578124755,199,66,100,0.75,0.5625,12,9,11,6,#FFF4E8,#FFD299,#FFDCB0
67,Michigan,8.83951582795842,1.66247998879451,10.5019958167529,38,129,69.249346056407,211,67,333,0.375,0.1875,6,3,6,10,#FFCF93,#FFF6EB,#FFDCB1
68,Princeton,9.46522070095967,0.830608192144598,10.2958288931043,27,134,66.59748097592,335,68,249,0.75,0.333333333333333,9,4,11,1,#FFCC8B,#FFFAF5,#FFDDB2
69,Virginia,1.78290995158613,8.49715068115355,10.2800606327397,146,23,63.233206336,361,69,1,0.5625,0.4375,9,7,11,5,#FFF5E9,#FFD39B,#FFDDB2
70,Washington State,4.8425626421719,5.41061394958264,10.2531765917545,82,56,67.737879575279,299,70,49,0.823529411764706,0.176470588235294,14,3,12,5,#FFE4C3,#FFE3BF,#FFDDB2
71,Pittsburgh,4.05443188733396,5.9595306222701,10.0139625096041,99,52,68.9576947275687,229,71,265,0.6875,0.125,11,2,10,6,#FFE9CD,#FFE0B9,#FFDEB4
72,South Carolina,4.48828532112847,5.31525397390808,9.80353929503655,87,63,66.35905654806,342,72,70,0.625,0.25,10,4,14,2,#FFE6C8,#FFE3C0,#FFDEB6
73,LSU,4.23449604929918,5.33010444791222,9.5646004972114,95,57,71.599431480124,73,73,260,0.8125,0.625,13,10,10,6,#FFE8CB,#FFE3C0,#FFDFB8
74,Bradley,4.07718592288785,5.33743314117311,9.41461906406096,98,60,68.3217671914002,267,74,96,0.625,0.3125,10,5,11,5,#FFE9CD,#FFE3C0,#FFE0B9
75,Butler,6.07371847981554,3.32392458350842,9.39764306332396,66,99,69.8151973453396,173,75,87,0.625,0.125,10,2,10,6,#FFDEB4,#FFEDD8,#FFE0B9
76,Stanford,6.56229311595107,2.82270422329752,9.3849973392486,50,107,70.7403056769019,117,76,60,0.375,0.1875,6,3,9,7,#FFDBAF,#FFF0DE,#FFE0B9
77,Arkansas,5.27439182786455,3.8539867847048,9.12837861256935,78,92,71.524788235213,77,77,138,0.1875,0.375,3,6,9,7,#FFE2BE,#FFEBD1,#FFE1BB
78,UC Irvine,2.75153194491325,6.16310510577759,8.91463705069083,118,49,69.722939062411,176,78,252,0.3125,0.3125,5,5,11,5,#FFF0DD,#FFDFB7,#FFE1BC
79,UCF,-1.17373676409555,10.0435671211545,8.86983035705896,200,10,71.100665172269,92,79,7,0.866666666666667,0.4,13,6,10,5,#F4F8FB,#FFCB89,#FFE1BD
80,Rutgers,-2.1095246684859,10.8763009133476,8.7667762448617,217,6,69.6205040237948,179,80,161,0.5,0.5625,8,9,9,7,#ECF3F9,#FFC67F,#FFE2BD
81,Indiana,4.0022825509627,4.75826724530266,8.76054979626536,97,71,70.944644707377,104,81,103,0.411764705882353,0.470588235294118,7,8,12,5,#FFE9CE,#FFE6C7,#FFE2BD
82,Syracuse,1.62294335624919,7.13502022245778,8.75796357870697,147,38,73.2714726858,28,82,27,0.6,0.4,9,6,10,5,#FFF6EB,#FFDAAB,#FFE2BD
83,Saint Bonaventure,4.6306904701269,3.77741559239518,8.40810606252208,85,95,68.124484955154,280,83,291,0.466666666666667,0.333333333333333,7,5,10,5,#FFE6C6,#FFEBD2,#FFE3C0
84,USC,3.58456779222982,4.56151383613073,8.14608162836055,62,76,71.543017029177,75,84,177,0.352941176470588,0.411764705882353,6,7,8,9,#FFEBD3,#FFE7C9,#FFE4C2
85,Yale,4.8707137723081,3.2299029859295,8.10061675823761,83,103,67.22913299178,315,85,296,0.428571428571429,0.214285714285714,6,3,9,5,#FFE4C3,#FFEED9,#FFE4C2
86,Minnesota,4.33278839255437,3.70519620839171,8.03798460094608,93,97,69.2663858256977,207,86,36,0.625,0.3125,10,5,12,4,#FFE7CA,#FFEBD3,#FFE4C3
87,Florida State,2.55380647985699,5.39935938120669,7.95316586106368,126,58,72.5264042456,41,87,207,0.75,0.375,12,6,10,6,#FFF1DF,#FFE3BF,#FFE4C3
88,Cornell,10.3617555823561,-2.48992428376666,7.87183129858942,22,243,73.13836291934,33,88,140,0.538461538461538,0.230769230769231,7,3,10,3,#FFC780,#DEEAF5,#FFE5C4
89,Saint Joseph's,4.74674898591763,3.11389679791301,7.86064578383064,79,101,69.9561660727784,167,89,143,0.875,0.1875,14,3,10,6,#FFE5C5,#FFEEDA,#FFE5C4
90,Appalachian State,0.991439914235971,6.64674143324662,7.63818134748259,163,45,68.3343984544923,265,90,220,0.866666666666667,0.4,13,6,11,4,#FFF9F2,#FFDCB1,#FFE5C6
91,Akron,3.42571810311261,4.19986278081017,7.62558088392277,109,85,68.51607856192,251,91,263,0.642857142857143,0.214285714285714,9,3,10,4,#FFECD5,#FFE9CD,#FFE5C6
92,Richmond,1.99379658031423,5.36767436553392,7.36147094584815,142,59,68.387153154262,262,92,48,0.6875,0.4375,11,7,11,5,#FFF4E6,#FFE3C0,#FFE6C8
93,UNLV,6.38324274740408,0.859974311583014,7.24321705898709,52,146,67.891169623855,289,93,203,0.230769230769231,0.384615384615385,3,5,6,7,#FFDCB1,#FFFAF4,#FFE7C9
94,Georgia,2.34507843935186,4.65742252961021,7.00250096896207,131,74,71.195519098093,85,94,171,0.866666666666667,0.466666666666667,13,7,12,4,#FFF2E2,#FFE6C8,#FFE8CB
95,Missouri,5.86615188910249,1.09467693299308,6.96082882209557,68,137,69.5519657791847,184,95,327,0.75,0.5625,12,9,8,8,#FFDFB7,#FFF9F2,#FFE8CB
96,Boston College,6.05395038332889,0.78275328753065,6.83670367085954,67,152,70.2526329414267,144,96,254,0.5,0.6875,8,11,10,6,#FFDEB5,#FFFAF5,#FFE8CC
97,Oklahoma State,1.40313994371212,5.15193493467877,6.55507487839089,153,65,68.64414252737,244,97,102,0.75,0.375,12,6,8,8,#FFF7ED,#FFE4C2,#FFE9CE
98,Drexel,2.07997053185838,4.35138154406291,6.43135207592129,138,82,65.9847916878,349,98,72,0.4375,0.3125,7,5,11,6,#FFF3E5,#FFE8CC,#FFE9CF
99,Weber State,4.33483022436597,1.97834726966258,6.31317749402855,92,123,66.57494768219,336,99,38,0.846153846153846,0.769230769230769,11,10,8,6,#FFE7CA,#FFF4E7,#FFEAD0
100,VCU,2.4020849304708,3.8953250598966,6.2974099903674,128,90,68.229408349106,272,100,295,0.411764705882353,0.176470588235294,7,3,10,7,#FFF2E1,#FFEAD1,#FFEAD0
101,Penn State,3.36860679742271,2.77499852289179,6.1436053203145,111,110,71.622959920786,72,101,63,0.470588235294118,0.411764705882353,8,7,8,9,#FFECD5,#FFF0DE,#FFEAD1
102,Loyola Chicago,-0.292974631835831,6.42541545063533,6.1324408187995,181,46,70.6343502611678,122,102,112,0.75,0.3125,12,5,10,6,#FCFDFE,#FFDDB3,#FFEAD1
103,Louisiana Tech,1.55120556194471,4.57566882169562,6.12687438364033,151,75,68.0833988157427,282,103,131,0.133333333333333,0.2,2,3,9,6,#FFF6EC,#FFE7C9,#FFEAD1
104,Tulane,7.48975887969083,-1.38129184405271,6.10846703563813,47,209,73.929605694,17,104,124,0.8,0.2,12,3,10,5,#FFD6A3,#ECF3F9,#FFEAD1
105,George Mason,2.36920729211203,3.65702149298262,6.02622878509465,120,98,67.226633602572,316,105,226,0.625,0.3125,10,5,11,5,#FFF2E2,#FFECD4,#FFEBD2
106,UCLA,-2.22864871079224,8.1548297949427,5.92618108415045,230,30,67.394156962847,309,106,188,0.6875,0.375,11,6,6,10,#EBF2F9,#FFD49F,#FFEBD3
107,College of Charleston,4.37916007492432,1.04239486618774,5.42155494111206,89,143,73.1539992986,30,107,283,0.5625,0.4375,9,7,12,4,#FFE7C9,#FFF9F2,#FFEDD6
108,Arizona State,-2.166101516714,7.57419604858076,5.40809453186676,205,34,71.717344071953,64,108,53,0.4,0.333333333333333,6,5,10,6,#EBF3F9,#FFD7A6,#FFEDD6
109,Liberty,4.29860209359326,0.999301282461714,5.29790337605498,94,145,66.33676967436,344,109,182,0.533333333333333,0.733333333333333,8,11,8,7,#FFE7CA,#FFF9F3,#FFEDD7
110,Samford,5.87143969670931,-0.800498431153924,5.07094126555539,65,180,75.418045202,3,110,125,1.06666666666667,0.4,16,6,13,2,#FFDFB7,#F4F8FB,#FFEED9
111,Duquesne,2.12255450945689,2.73958717877192,4.86214168822881,136,111,70.278711340302,140,111,209,0.714285714285714,0.357142857142857,10,5,8,6,#FFF3E5,#FFF0DF,#FFEFDA
112,McNeese State,4.37707654960495,0.283378708510947,4.6604552581159,90,162,66.72139624077,330,112,336,0.5,0.25,6,3,10,2,#FFE7C9,#FFFDFB,#FFEFDC
113,Southern Illinois,2.37288541211019,2.2179957750858,4.59088118719598,130,120,65.9675198162,350,113,31,0.5,0.0625,8,1,11,5,#FFF2E2,#FFF3E5,#FFEFDC
114,Saint Thomas (Minn.),3.74532173734408,0.708348221004656,4.45366995834874,104,153,65.53309033,354,114,341,0.8125,0.25,13,4,10,6,#FFEAD1,#FFFBF6,#FFF0DD
115,Massachusetts,4.58881867104411,-0.218390772875429,4.37042789816868,77,149,71.65954852694,67,115,11,0.533333333333333,0.266666666666667,8,4,11,5,#FFE6C7,#FCFDFE,#FFF0DE
116,Eastern Washington,5.50883534705014,-1.24639868171245,4.26243666533769,76,202,71.1494924907804,89,116,44,0.571428571428571,0.642857142857143,8,9,7,7,#FFE1BB,#EEF4FA,#FFF1DF
117,Northern Iowa,2.62710881638826,1.38622224062966,4.01333105701792,123,135,69.0867224355914,220,117,324,0.357142857142857,0.5,5,7,8,8,#FFF0DE,#FFF7EE,#FFF1E1
118,Western Carolina,1.25718893320096,2.61350692254924,3.8706958557502,157,114,69.505845390183,190,118,228,0.428571428571429,0.142857142857143,6,2,12,2,#FFF8EF,#FFF1E0,#FFF2E2
119,Hofstra,3.42669304028651,0.432565849956023,3.85925889024254,108,160,68.3677987032004,263,119,130,0.5,0.6875,8,11,7,9,#FFECD5,#FFFCF9,#FFF2E2
120,Santa Clara,1.85524157745275,1.8912841091658,3.74652568661855,145,126,70.9575640514621,103,120,330,0.333333333333333,0.555555555555556,6,10,11,7,#FFF5E8,#FFF5E8,#FFF2E3
121,UNC Greensboro,0.727971716449893,2.72573667442557,3.45370839087547,168,112,67.328011995965,311,121,176,0.533333333333333,0.333333333333333,8,5,10,5,#FFFBF6,#FFF0DF,#FFF3E5
122,Charlotte,0.935632246006089,2.472861118997,3.40849336500309,154,119,65.381975473,355,122,47,0.733333333333333,0.4,11,6,8,7,#FFF9F3,#FFF2E2,#FFF3E5
123,Vermont,2.52941072788601,0.822937938456637,3.35234866634265,122,141,66.0577682356,347,123,274,0.625,0.5,10,8,10,6,#FFF1E0,#FFFAF5,#FFF4E6
124,UNC Wilmington,4.34197904946495,-1.02588231884462,3.31609673062034,91,196,68.5097546102502,253,124,278,0,0.333333333333333,0,4,7,5,#FFE7CA,#F1F6FB,#FFF4E6
125,Colgate,2.65696872716218,0.59668922633676,3.25365795349894,119,156,68.213027006722,274,125,168,0.5625,0.5625,9,9,8,8,#FFF0DE,#FFFBF8,#FFF4E6
126,Montana,4.94356746712333,-1.69616702118597,3.24740044593737,80,214,68.292945612979,268,126,126,0.538461538461538,0.384615384615385,7,5,8,6,#FFE4C2,#E8F1F8,#FFF4E6
127,High Point,6.88510111864209,-3.70638461099909,3.178716507643,56,271,70.1212477652465,153,127,179,0.3125,0.1875,5,3,12,4,#FFD9AB,#CEE1F1,#FFF4E7
128,UC San Diego,3.44223641255397,-0.488460419822761,2.95377599273121,107,178,67.5118097527327,306,128,286,1,0.333333333333333,15,5,9,6,#FFECD5,#F8FBFD,#FFF5E9
129,California,3.83619871840222,-1.14774788816466,2.68845083023755,101,193,68.7848623272029,237,129,261,0.411764705882353,0.411764705882353,7,7,6,11,#FFEAD0,#F0F5FA,#FFF6EB
130,Stephen F. Austin,-2.13579464518857,4.686096653127,2.55030200793843,225,73,73.325767377,25,130,145,0.6,0.466666666666667,9,7,9,6,#ECF3F9,#FFE6C8,#FFF6EC
131,South Florida,0.63486863756517,1.7967416980067,2.43161033557187,161,128,70.8616798216514,113,131,128,0.285714285714286,0.214285714285714,4,3,9,5,#FFFBF7,#FFF5EA,#FFF7EC
132,Seattle,-1.97118132045443,4.36652016743913,2.3953388469847,202,81,68.6165553285575,246,132,153,0.375,0.1875,6,3,9,7,#EDF4F9,#FFE8CC,#FFF7ED
133,UMass Lowell,0.235637320721411,2.10388895358919,2.3395262743106,174,121,70.8718087733846,111,133,359,0.923076923076923,0.538461538461538,12,7,9,4,#FFFDFC,#FFF4E6,#FFF7ED
134,Lipscomb,3.74830004585221,-1.45390417319683,2.29439587265538,103,212,70.9157351512921,106,134,214,0.5,0.4375,8,7,9,7,#FFEAD1,#ECF3F9,#FFF7ED
135,Georgia Tech,2.09620127307329,0.192242614928524,2.28844388800181,137,165,69.1544058278869,217,135,205,0.428571428571429,0.642857142857143,6,9,8,8,#FFF3E5,#FFFEFC,#FFF7EE
136,UC Davis,-0.725659922999443,2.95416974301934,2.2285098200199,188,106,70.183969428114,148,136,332,0.6,0.466666666666667,9,7,8,7,#F8FBFD,#FFEFDC,#FFF7EE
137,Western Kentucky,-2.43061492645833,4.65765773240285,2.22704280594452,234,72,75.015768531,6,137,281,0.571428571428571,0.285714285714286,8,4,10,4,#E9F1F8,#FFE6C8,#FFF7EE
138,Morehead State,0.23809173182215,1.87593522087256,2.11402695269471,173,127,67.680395794647,300,138,236,0.142857142857143,0.357142857142857,2,5,9,5,#FFFDFC,#FFF5E9,#FFF8EF
139,Missouri State,-0.966970907316424,3.0097584257425,2.04278751842607,195,105,69.264835557372,208,139,253,0.411764705882353,0.294117647058824,7,5,10,7,#F6F9FC,#FFEFDB,#FFF8EF
140,West Virginia,1.51726042960837,0.417904368981672,1.93516479859004,141,140,69.5882832575048,182,140,213,0.3125,0.4375,5,7,6,10,#FFF6EC,#FFFCFA,#FFF8F0
141,Delaware,1.64347116036914,0.265070626109761,1.9085417864789,149,163,69.5078653556454,187,141,316,0.533333333333333,0.466666666666667,8,7,9,6,#FFF6EA,#FFFDFB,#FFF8F0
142,Toledo,5.88758557582623,-4.00290093522055,1.88468464060568,70,275,71.257049405365,83,142,358,0.5,0.5,8,8,10,6,#FFDFB7,#CADEEF,#FFF8F1
143,Furman,4.48177822308925,-2.62711456691192,1.85466365617733,81,240,72.16983605802,52,143,107,0.285714285714286,0.5,4,7,6,8,#FFE6C8,#DCE9F5,#FFF8F1
144,South Dakota State,3.95425375530906,-2.14256049096257,1.8116932643465,100,229,70.2526741244456,143,144,68,0.466666666666667,0.266666666666667,7,4,7,8,#FFE9CE,#E3EDF6,#FFF9F1
145,Wright State,8.7892472065752,-7.02234211923119,1.76690508734401,39,333,72.22713395458,50,145,184,0.5,0.5,8,8,7,9,#FFCF93,#A3C6E4,#FFF9F1
146,Winthrop,2.5155233792661,-0.79753049466433,1.71799288460177,127,187,68.5053235361721,254,146,219,0.4375,0.1875,7,3,10,6,#FFF1E0,#F4F8FB,#FFF9F2
147,Davidson,0.919379946926306,0.791528695620736,1.71090864254704,165,151,67.577564695644,305,147,155,0.5,0.642857142857143,7,9,8,6,#FFFAF3,#FFFAF5,#FFF9F2
148,Murray State,2.63252143376439,-1.18286923558522,1.44965219817917,121,201,68.256936905397,271,148,342,0.6,0.333333333333333,9,5,6,10,#FFF0DE,#EFF5FA,#FFFAF4
149,Wichita State,-0.244330736374467,1.21480133448841,0.970470598113939,179,139,71.660173923402,66,149,200,0.571428571428571,0.571428571428571,8,8,7,8,#FCFDFE,#FFF8F0,#FFFBF7
150,Bryant,-2.32841459518303,3.24960284827403,0.921188253091008,233,102,75.15465734,4,150,231,0.4375,0.625,7,10,9,7,#EAF2F9,#FFEED9,#FFFBF8
151,Louisiana-Lafayette,1.25663667776919,-0.363291966848547,0.893344710920642,158,174,69.3276969299024,203,151,216,0.266666666666667,0.6,4,9,7,8,#FFF8EF,#FAFCFD,#FFFCF8
152,Notre Dame,-5.03851067250893,5.80964491507453,0.771134242565596,293,55,66.63842314279,332,152,251,0.294117647058824,0.529411764705882,5,9,7,10,#D2E3F2,#FFE1BB,#FFFCF9
153,Troy,-1.04734125443463,1.62358376977492,0.576242515340285,198,130,71.624247901368,70,153,26,0.5,0.285714285714286,7,4,8,6,#F5F9FC,#FFF6EC,#FFFDFA
154,Longwood,-4.33983079719512,4.79902551405722,0.459194716862106,281,70,69.4533436750498,194,154,304,0.4,0.2,6,3,10,6,#D8E7F3,#FFE6C6,#FFFDFB
155,Ohio,3.52152859685684,-3.08626130261993,0.435267294236912,105,262,69.5723808380854,183,155,187,0.466666666666667,0.333333333333333,7,5,5,9,#FFECD4,#D6E6F3,#FFFDFB
156,East Carolina,1.4160012745689,-1.05152135303585,0.364479921533049,152,198,67.768958194292,296,156,289,0.375,0.0625,6,1,8,8,#FFF7ED,#F1F6FB,#FFFDFC
157,Georgetown,2.83018627314566,-2.48228387943561,0.347902393710058,117,242,68.5735364837973,247,157,280,0.294117647058824,0.647058823529412,5,11,8,9,#FFEFDC,#DEEAF5,#FFFDFC
158,Kent State,0.117622983149805,0.127777128757154,0.245400111906959,178,167,70.5442533431709,124,158,180,0.571428571428571,0.428571428571429,8,6,6,8,#FFFEFD,#FFFEFD,#FFFEFD
159,Fordham,-1.73787127960564,1.97161574916727,0.23374446956163,213,124,72.25679240781,48,159,344,0.333333333333333,0.4,5,6,7,8,#EFF5FA,#FFF4E7,#FFFEFD
160,Arkansas State,3.79218399043383,-3.65264672983831,0.13953726059552,102,270,70.1735900082714,150,160,141,0.411764705882353,0.823529411764706,7,14,7,10,#FFEAD0,#CFE1F1,#FFFEFD
161,Vanderbilt,-1.28315845448166,1.40577835532526,0.122619900843596,191,133,68.864879353214,233,161,329,0.1875,0.5,3,8,5,11,#F3F7FB,#FFF7EE,#FFFEFE
162,UNC Asheville,3.04209333217084,-2.96391702900453,0.0781763031663112,113,258,69.3481583170926,201,162,135,0.466666666666667,0.333333333333333,7,5,8,8,#FFEED9,#D8E7F3,#FFFEFE
163,Loyola Marymount,0.623109898217893,-0.632881986296204,-0.00977208807831031,162,177,68.258240333584,270,163,245,0.375,0.4375,6,7,7,9,#FFFBF7,#F6F9FC,#FEFEFE
164,Fort Wayne,0.780706218451633,-0.953856534431321,-0.173150315979688,166,192,72.118388733867,53,164,197,0.875,0.4375,14,7,11,5,#FFFAF5,#F2F7FB,#FDFEFE
165,California Baptist,-2.66528642341057,2.47755989504278,-0.187726528367792,245,117,66.98439357684,324,165,217,0.333333333333333,0.2,5,3,8,7,#E7F0F8,#FFF2E2,#FDFEFE
166,Hawaii,-2.81411249463383,2.60532900755452,-0.208783487079308,249,115,67.493811572917,308,166,268,0.266666666666667,0.133333333333333,4,2,8,7,#E6EFF7,#FFF1E0,#FDFEFE
167,Jacksonville State,-4.32273669390332,4.10195241585647,-0.220784278046844,280,87,66.692696317098,331,167,355,0.533333333333333,0.133333333333333,8,2,7,8,#D8E7F3,#FFE9CF,#FDFEFE
168,Long Beach State,-0.0286342758128285,-0.305315807906383,-0.333950083719212,171,173,75.652791275,2,168,350,0.5,0.375,8,6,9,7,#FEFEFE,#FBFCFD,#FDFDFE
169,UAB,2.07030948617355,-2.4502480841952,-0.379938598021651,139,239,70.698479189896,119,169,262,0.666666666666667,0.733333333333333,10,11,9,6,#FFF3E5,#DEEBF5,#FCFDFE
170,Oakland,2.15717655011927,-2.54316736977412,-0.38599081965485,135,247,69.4696932065019,192,170,352,0.526315789473684,0.473684210526316,10,9,11,8,#FFF3E4,#DDEAF5,#FCFDFE
171,UC Santa Barbara,1.25518200882777,-1.68096222103701,-0.425780212209243,159,213,69.250887051601,210,171,198,0.5,0.5,7,7,8,6,#FFF8EF,#E9F1F8,#FCFDFE
172,Youngstown State,1.59210363744042,-2.04381448986243,-0.451710852422013,150,226,70.8412516342925,115,172,150,1,0.5,14,7,9,5,#FFF6EB,#E4EEF7,#FCFDFE
173,Georgia State,1.69556639490542,-2.19290862968503,-0.497342234779604,148,231,69.9763919612152,166,173,174,0.285714285714286,0.5,4,7,7,7,#FFF5EA,#E2EDF6,#FCFDFE
174,Belmont,0.832863820232415,-1.3342492454407,-0.501385425208281,115,199,72.39233295281,44,174,90,0.5625,0.625,9,10,10,6,#FFFAF4,#EDF4F9,#FCFDFE
175,Iona,-0.595894670665118,-0.00986107941132744,-0.605755750076445,186,171,69.3533109863719,200,175,250,0.25,0.4375,4,7,7,9,#F9FBFD,#FEFEFE,#FBFCFD
176,Radford,1.89634512237261,-2.53459853883473,-0.638253416462124,143,245,66.0273655813,348,176,312,0.25,0.3125,4,5,9,7,#FFF4E7,#DDEAF5,#FBFCFD
177,Oregon State,-0.787855974679311,0.0919982872627839,-0.695857687416527,190,170,66.93396180012,325,177,104,0.2,0.4,3,6,8,7,#F8FAFC,#FFFEFD,#FAFCFD
178,Denver,5.78737051161526,-6.5966548184048,-0.809284306789541,74,326,71.623798615238,71,178,195,0.357142857142857,0.357142857142857,5,5,7,7,#FFDFB8,#A8C9E6,#FAFCFD
179,Sam Houston State,-1.75508089681956,0.926492072317291,-0.828588824502273,216,147,70.2828285541395,138,179,199,0.5625,0.3125,9,5,8,8,#EFF5FA,#FFFAF4,#FAFCFD
180,Towson,-2.34476720188873,1.46262759468208,-0.882139607206644,236,131,64.224148288,360,180,222,0.375,0.25,6,4,8,8,#EAF2F9,#FFF7ED,#F9FBFD
181,Stetson,4.59949792983209,-5.53017670256063,-0.930678772728545,86,311,67.1628238228838,318,181,127,0.333333333333333,1.06666666666667,5,16,8,7,#FFE6C6,#B6D2EA,#F9FBFD
182,George Washington,1.36853225280394,-2.30457739424412,-0.936045141440173,155,232,72.41164038309,42,182,212,0.75,0.333333333333333,9,4,12,3,#FFF7EE,#E0ECF6,#F9FBFD
183,Oral Roberts,2.21504626706139,-3.25198633252384,-1.03694006546245,134,265,70.7772656529473,116,183,208,0.571428571428571,0.5,8,7,5,9,#FFF3E4,#D4E4F2,#F8FBFD
184,Saint Peter's,-5.14699432511061,4.07383882023521,-1.0731555048754,295,88,65.7728072633,351,184,272,0.5,0.5,6,6,8,4,#D1E2F1,#FFE9CF,#F8FBFD
185,Illinois-Chicago,-3.08384745790778,2.00862384953491,-1.07522360837287,259,122,69.5999391348785,181,185,349,0.3125,0.1875,5,3,7,9,#E3EEF7,#FFF4E7,#F8FBFD
186,Rhode Island,0.572567636596088,-1.71594043948219,-1.1433728028861,170,210,70.0222990754767,159,186,151,0.4,0.333333333333333,6,5,8,7,#FFFBF8,#E8F1F8,#F8FAFD
187,Penn,0.834973133317298,-2.13553376729536,-1.30056063397806,133,228,68.188181758727,275,187,23,0.384615384615385,0.692307692307692,5,9,7,7,#FFFAF4,#E3EDF6,#F7FAFC
188,Louisville,0.94528864757916,-2.28269796622537,-1.33740931864621,160,222,70.499574285715,128,188,311,0.5,0.5625,8,9,6,10,#FFF9F3,#E1ECF6,#F7FAFC
189,Pepperdine,0.664244447804504,-2.03791973218835,-1.37367528438384,169,225,70.1284608192519,152,189,85,0.533333333333333,0.533333333333333,8,8,7,10,#FFFBF6,#E4EEF7,#F7FAFC
190,Chattanooga,0.979916355374469,-2.36375900211025,-1.38384264673578,164,235,69.0634894798019,221,190,163,0.733333333333333,0.733333333333333,11,11,8,7,#FFF9F3,#E0EBF6,#F6FAFC
191,Cal State Northridge,-2.19283184200527,0.622734278577275,-1.57009756342799,228,155,73.6240766878,23,191,318,0.533333333333333,0.333333333333333,8,5,11,4,#EBF3F9,#FFFBF7,#F5F9FC
192,Tulsa,-4.38545576297529,2.80582252530117,-1.57963323767411,276,109,71.7887639853101,61,192,37,0.4,0.4,6,6,8,7,#D8E7F3,#FFF0DE,#F5F9FC
193,Kennesaw State,-0.752760116095383,-0.855138521273839,-1.60789863736922,189,190,75.856955517,1,193,116,0.214285714285714,0.5,3,7,9,5,#F8FAFD,#F3F8FB,#F5F9FC
194,Marshall,-2.1574699101184,0.503528088236407,-1.653941821882,227,158,74.116711867,14,194,331,0.647058823529412,0.588235294117647,11,10,8,9,#EBF3F9,#FFFCF9,#F5F9FC
195,Eastern Kentucky,0.142887549782832,-1.91007195446366,-1.76718440468083,176,220,70.907822325631,107,195,307,0.142857142857143,0.357142857142857,2,5,5,9,#FFFEFD,#E6EFF7,#F4F8FC
196,UT Arlington,0.468152060879075,-2.33021377408602,-1.86206171320695,167,234,70.8945167137687,110,196,99,0.2,0.8,3,12,6,9,#FFFCF9,#E0ECF6,#F4F8FB
197,Norfolk State,-0.719843820831483,-1.25008091621515,-1.96992473704663,187,203,67.647278126713,302,197,67,0.466666666666667,0.266666666666667,7,4,7,8,#F8FBFD,#EEF4FA,#F3F7FB
198,UTEP,-4.82877648374667,2.81741717403718,-2.01135930970949,290,108,71.14707141546,90,198,45,0.214285714285714,0.5,3,7,7,8,#D4E4F2,#FFF0DE,#F3F7FB
199,Cleveland State,0.150312262576293,-2.22930668775468,-2.07899442517839,177,227,70.6769801566792,121,199,55,0.5,0.388888888888889,9,7,10,8,#FFFEFD,#E1ECF6,#F2F7FB
200,Canisius,-1.30576237195864,-0.776747780373887,-2.08251015233253,206,185,69.9946556750045,164,200,241,0.357142857142857,0.642857142857143,5,9,6,8,#F3F7FB,#F4F8FC,#F2F7FB
201,Harvard,-1.19343606414759,-0.953172864727479,-2.14660892887507,203,191,69.2564400958187,209,201,247,0.538461538461538,0.307692307692308,7,4,8,5,#F4F8FB,#F2F7FB,#F2F7FB
202,Quinnipiac,-1.63495667475147,-0.653546254312167,-2.28850292906363,210,181,72.01524705984,57,202,335,0.533333333333333,0.533333333333333,8,8,11,4,#F0F6FA,#F6F9FC,#F1F6FB
203,Fresno State,-1.90419731561566,-0.425995576134652,-2.33019289175031,220,175,67.2776225057279,313,203,206,0.4,0.666666666666667,6,10,6,9,#EEF4FA,#F9FBFD,#F1F6FB
204,Monmouth,-3.07991174486362,0.231103473869189,-2.84880827099443,258,164,70.0050506891147,162,204,225,0.235294117647059,0.470588235294118,4,8,9,8,#E3EEF7,#FFFDFC,#EEF4FA
205,Merrimack,-6.66870860680926,3.79145056430758,-2.87725804250169,316,94,68.4734057798426,259,205,64,0.357142857142857,1,5,14,6,8,#C4DAED,#FFEBD2,#EEF4FA
206,Wofford,2.58970131997642,-5.55118793948196,-2.96148661950554,125,312,69.550348390217,185,206,346,0.428571428571429,0.571428571428571,6,8,7,7,#FFF1DF,#B6D2EA,#EDF4FA
207,San Jose State,0.652037057446232,-3.74222114118627,-3.09018408374004,140,256,67.299208335906,312,207,132,0.375,0.375,6,6,7,9,#FFFBF7,#CEE0F0,#EDF3F9
208,Utah Valley,-5.73688523702909,2.64148026593741,-3.09540497109168,304,113,69.8259066337095,172,208,30,0.533333333333333,0.666666666666667,8,10,6,9,#CCDFF0,#FFF1E0,#EDF3F9
209,Northern Colorado,2.40194254146455,-5.52470399601746,-3.12276145455291,129,309,72.78442362029,38,209,303,0.285714285714286,0.428571428571429,4,6,7,7,#FFF2E1,#B6D2EA,#ECF3F9
210,Tarleton State,-2.36781694617123,-0.776174845631686,-3.14399179180291,239,184,67.18568505742,317,210,256,0.384615384615385,0.846153846153846,5,11,7,6,#EAF2F8,#F4F8FC,#ECF3F9
211,Saint Louis,2.98481930911641,-6.23091405751426,-3.24609474839785,114,318,70.2205501491076,146,211,61,0.4,0.466666666666667,6,7,7,8,#FFEEDA,#ADCCE7,#ECF3F9
212,New Hampshire,-3.03776990109114,-0.429036153370522,-3.46680605446166,254,176,73.2164071267,29,212,340,0.266666666666667,0.533333333333333,4,8,8,7,#E4EEF7,#F9FBFD,#EAF2F9
213,Northeastern,1.26847181894851,-4.76114746380386,-3.49267564485535,156,290,67.790706611803,295,213,83,0.235294117647059,0.529411764705882,4,9,7,10,#FFF8EF,#C0D8ED,#EAF2F9
214,Austin Peay,-2.29407478161954,-1.2627455073774,-3.55682028899693,232,204,66.756558297658,329,214,201,0.333333333333333,0.466666666666667,5,7,5,10,#EAF2F9,#EEF4FA,#EAF2F9
215,Maine,-4.29900909279951,0.664964423353305,-3.63404466944621,279,154,68.10661935537,281,215,159,0.25,0.4375,4,7,7,9,#D8E7F4,#FFFBF7,#E9F1F8
216,Texas State,-4.59190841917892,0.907942888911311,-3.68396553026761,273,136,68.272072206449,269,216,325,0.333333333333333,0.4,5,6,5,10,#D6E5F3,#FFFAF4,#E9F1F8
217,La Salle,-0.646888060095028,-3.11467842824753,-3.76156648834256,185,250,69.3262216743164,204,217,347,0.4,0.466666666666667,6,7,9,7,#F9FBFD,#D6E5F3,#E9F1F8
218,South Alabama,-1.01668526581194,-2.76441132393862,-3.78109658975055,196,254,68.9304546870686,230,218,221,0.571428571428571,1.07142857142857,8,15,7,7,#F6F9FC,#DAE8F4,#E9F1F8
219,Temple,-3.32482898817455,-0.49456355266817,-3.81939254084272,262,168,69.7101353871025,177,219,276,0.4,0.4,6,6,7,9,#E1ECF6,#F8FBFD,#E8F1F8
220,Portland State,-3.92737554404492,0.0968078736115739,-3.83056767043335,270,169,71.1612936734048,88,220,277,0.714285714285714,0.5,10,7,8,6,#DCE9F4,#FFFEFD,#E8F1F8
221,Illinois State,-4.72811978249767,0.884189606109784,-3.84393017638789,288,148,67.9371599153785,287,221,202,0.625,0.5,10,8,7,9,#D5E5F2,#FFFAF4,#E8F1F8
222,Albany,-1.18232652519882,-2.66400442732076,-3.84633095251959,201,251,72.91614720144,35,222,240,0.625,0.4375,10,7,9,7,#F4F8FB,#DCE9F4,#E8F1F8
223,Mount St. Mary's,-2.68771808976639,-1.17501505910754,-3.86273314887393,247,200,70.430662829149,131,223,76,0.5,0.3125,8,5,6,10,#E7F0F8,#EFF5FA,#E8F1F8
224,East Tennessee State,-3.16895592047348,-0.752445835049973,-3.92140175552345,260,183,69.9020312824573,169,224,270,0.266666666666667,0.666666666666667,4,10,7,8,#E2EDF6,#F5F8FC,#E8F0F8
225,Air Force,-2.35595342039912,-1.57071676580506,-3.92667018620418,237,206,65.165076948,356,225,353,0.533333333333333,0.266666666666667,8,4,7,8,#EAF2F8,#EAF2F9,#E8F0F8
226,Rice,-1.11502951083472,-2.88439903890116,-3.99942854973587,182,246,70.1554976507696,151,226,242,0.533333333333333,0.533333333333333,8,8,5,10,#F5F8FC,#D9E7F4,#E7F0F8
227,Cal State Fullerton,-4.45114462886336,0.369610842071921,-4.08153378679144,284,161,67.7559139062888,297,227,308,0.142857142857143,0.714285714285714,2,10,6,9,#D7E6F3,#FFFDFA,#E7F0F8
228,Bowling Green,-1.94103046666311,-2.16107223601353,-4.10210270267664,223,230,70.2539667699723,142,228,239,0.428571428571429,0.571428571428571,6,8,10,4,#EDF4FA,#E2EDF6,#E7F0F8
229,Marist,-6.74556141383446,2.51338205673419,-4.23217935710027,317,116,67.501005459752,307,229,137,0.642857142857143,0.142857142857143,9,2,8,6,#C3DAED,#FFF2E1,#E6EFF7
230,Wyoming,-1.88684238394963,-2.35981904480941,-4.24666142875905,219,233,69.2667624179127,206,230,82,0.266666666666667,0.666666666666667,4,10,7,8,#EEF4FA,#E0EBF6,#E6EFF7
231,Milwaukee,2.68242388692859,-6.98399606717301,-4.30157218024442,112,328,70.903960337126,108,231,323,0.533333333333333,0.533333333333333,8,8,7,8,#FFF0DE,#A3C6E4,#E6EFF7
232,Brown,-5.14764855228167,0.830031224166172,-4.3176173281155,296,150,70.1758246495327,149,232,273,0.266666666666667,0.6,4,9,3,11,#D1E2F1,#FFFAF5,#E5EFF7
233,Southern Mississippi,-2.50028258191125,-1.85204260423294,-4.35232518614419,243,217,69.9900815788908,165,233,74,0.466666666666667,0.6,7,9,7,8,#E8F1F8,#E6F0F8,#E5EFF7
234,The Citadel,-1.74210041897762,-2.63782856687513,-4.37992898585275,214,249,66.77263653173,328,234,315,0.285714285714286,0.357142857142857,4,5,5,9,#EFF5FA,#DCE9F5,#E5EFF7
235,Stony Brook,-1.75220061397297,-2.6969517665553,-4.44915238052826,215,252,68.549612445109,248,235,148,0.466666666666667,0.4,7,6,8,8,#EFF5FA,#DBE9F4,#E5EFF7
236,Columbia,-0.417922067464256,-4.11097692425876,-4.52889899172302,184,278,70.1840482338539,147,236,165,0.272727272727273,0.363636363636364,3,4,6,5,#FBFCFD,#C9DDEF,#E4EEF7
237,Howard,1.86590936904451,-6.44871156388126,-4.58280219483675,144,325,69.684830033698,178,237,119,0.705882352941177,0.764705882352941,12,13,6,11,#FFF4E8,#AACAE6,#E4EEF7
238,Northern Kentucky,-2.8891314960213,-1.77835047789002,-4.66748197391132,221,189,69.1529498908597,218,238,94,0.5,0.375,8,6,7,9,#E5EFF7,#E7F0F8,#E3EEF7
239,North Dakota State,2.28176821729067,-6.96597763008945,-4.68420941279879,132,332,68.3288991484952,266,239,313,0.2,0.733333333333333,3,11,5,10,#FFF2E3,#A3C6E4,#E3EEF7
240,Gardner-Webb,-4.90880818477651,0.154522492717206,-4.7542856920593,292,166,71.588716866508,74,240,319,0.266666666666667,0.6,4,9,3,12,#D3E4F2,#FFFEFD,#E3EDF7
241,Abilene Christian,-3.50400817620181,-1.32908614867481,-4.83309432487662,265,205,71.630597948571,69,241,287,0.266666666666667,0.333333333333333,4,5,5,10,#E0EBF6,#EDF4F9,#E2EDF6
242,Omaha,-1.64724497066564,-3.22743457987407,-4.87467955053971,211,264,69.4271420247178,197,242,54,0.6,0.8,9,12,6,9,#F0F5FA,#D4E4F2,#E2EDF6
243,Old Dominion,-3.04311545521655,-1.86082238060421,-4.90393783582076,256,218,71.0226897029897,99,243,109,0.25,0.4375,4,7,3,13,#E4EEF7,#E6EFF7,#E2EDF6
244,Miami (Ohio),-0.927452474955518,-4.07523923010405,-5.00269170505957,193,276,68.7185880230694,241,244,246,0.285714285714286,0.571428571428571,4,8,6,8,#F6F9FC,#C9DEEF,#E1EDF6
245,American,2.59704400827173,-7.61002664879598,-5.01298264052425,124,340,65.664378923,353,245,58,0.4375,0.5625,7,9,8,8,#FFF1DF,#9BC1E2,#E1ECF6
246,Green Bay,-2.34321541280311,-2.78995109533089,-5.133166508134,235,255,65.683691292,352,246,56,0.529411764705882,0.294117647058824,9,5,9,8,#EAF2F9,#DAE8F4,#E1ECF6
247,New Mexico State,-3.45823960753212,-1.72728618491564,-5.18552579244775,264,215,69.0110333762285,224,247,20,0.384615384615385,0.769230769230769,5,10,3,10,#E0ECF6,#E8F1F8,#E0ECF6
248,Florida International,-3.78791063425982,-1.44461660128692,-5.23252723554674,269,211,72.84917775465,36,248,229,0.411764705882353,0.705882352941177,7,12,6,11,#DDEAF5,#ECF3F9,#E0ECF6
249,Fairfield,-2.50254351507776,-2.73583141010969,-5.23837492518746,197,219,70.5221215158847,126,249,309,0.4,0.533333333333333,6,8,8,7,#E8F1F8,#DBE8F4,#E0ECF6
250,Montana State,-4.448782644369,-0.790605801789046,-5.23938844615805,283,186,69.4408333775671,196,250,105,0.0714285714285714,0.714285714285714,1,10,6,8,#D7E6F3,#F4F8FC,#E0ECF6
251,UC Riverside,-2.23008358715565,-3.02342462792824,-5.25350821508389,231,259,68.001084558782,286,251,164,0.1875,0.8125,3,13,5,11,#EBF2F9,#D7E6F3,#E0ECF6
252,Mercer,-4.66320088192231,-0.719978051831823,-5.38317893375413,287,182,68.3430242224151,264,252,298,0.571428571428571,0.214285714285714,8,3,6,8,#D5E5F3,#F5F9FC,#DFEBF5
253,Niagara,-0.415161757208699,-5.00164350983429,-5.41680526704299,183,299,68.7754859330633,238,253,293,0.285714285714286,0.5,4,7,6,8,#FBFCFD,#BDD6EC,#DFEBF5
254,DePaul,-2.38221799543676,-3.13839822346329,-5.52061621890005,240,261,69.2091512869029,215,254,275,0.3125,0.9375,5,15,3,13,#E9F1F8,#D5E5F3,#DEEBF5
255,North Alabama,-1.21031339678875,-4.3116446402412,-5.52195803702995,204,283,70.0565316807822,158,255,224,0.266666666666667,0.333333333333333,4,5,5,10,#F4F8FB,#C6DCEE,#DEEBF5
256,Texas A&M-Corpus Christi,-6.21303548966699,0.531502955778089,-5.68153253388891,310,157,71.644150408309,68,256,326,0.75,0.416666666666667,9,5,5,7,#C8DDEF,#FFFCF8,#DDEAF5
257,Jackson State,-2.88491280642914,-2.86559969987778,-5.75051250630692,250,257,71.227112105049,84,257,191,0.375,1.1875,6,19,7,9,#E5EFF7,#D9E7F4,#DDEAF5
258,Lamar,-1.69243579190091,-4.08908006561415,-5.78151585751506,212,277,71.7465025912278,62,258,92,0.571428571428571,0.714285714285714,8,10,7,7,#F0F5FA,#C9DDEF,#DDEAF5
259,Nicholls State,-3.34306475688446,-2.485965546254,-5.82903030313846,257,241,70.0739053484294,157,259,299,0.307692307692308,0.615384615384615,4,8,4,9,#E1ECF6,#DEEAF5,#DDEAF5
260,Central Connecticut,-3.42253253868703,-2.52762205534491,-5.95015459403194,263,244,68.499150476845,255,260,356,0.692307692307692,0.307692307692308,9,4,6,7,#E0ECF6,#DDEAF5,#DCE9F5
261,SIU Edwardsville,-2.13634793548404,-3.83530239597647,-5.97165033146051,226,273,67.09019095538,320,261,57,0.2,0.333333333333333,3,5,7,8,#ECF3F9,#CCE0F0,#DCE9F4
262,North Carolina Central,-4.7862155095938,-1.3441784926695,-6.1303940022633,289,207,68.7949028891492,236,262,66,0.461538461538462,0.769230769230769,6,10,6,7,#D4E4F2,#EDF4F9,#DBE8F4
263,Evansville,-4.91906539594517,-1.460851495018,-6.37991689096317,266,194,71.537254619374,76,263,142,0.5625,0.8125,9,13,9,7,#D3E4F2,#EBF3F9,#D9E8F4
264,Tennessee-Martin,-1.30915323762822,-5.10439030098048,-6.4135435386087,207,303,74.162166694,13,264,360,0.461538461538462,0.615384615384615,6,8,6,8,#F3F7FB,#BCD5EB,#D9E7F4
265,San Diego,-3.40849968827069,-3.07282291543317,-6.48132260370386,246,260,72.09366334019,55,265,181,0.588235294117647,0.647058823529412,10,11,8,9,#E0ECF6,#D6E6F3,#D9E7F4
266,Western Illinois,-5.98283067985941,-0.532041750527052,-6.51487243038646,307,179,67.845846537966,292,266,297,0.214285714285714,0.5,3,7,8,6,#CADEEF,#F8FAFC,#D9E7F4
267,Tennessee State,-3.31496456301572,-3.20308255761594,-6.51804712063166,261,263,71.007311092305,100,267,185,0.538461538461538,0.615384615384615,7,8,5,9,#E1ECF6,#D5E5F2,#D9E7F4
268,Florida Gulf Coast,-1.764302657091,-4.88614460063243,-6.65044725772343,208,294,66.6031870623,334,268,244,0.1875,0.6875,3,11,4,12,#EFF5FA,#BFD7EC,#D8E7F3
269,Southern,-6.65087928855167,-0.113921699626703,-6.76480098817837,315,172,72.407069265175,43,269,19,0.384615384615385,0.692307692307692,5,9,6,8,#C4DAED,#FDFEFE,#D7E6F3
270,Navy,-5.8099735861384,-1.04903615746354,-6.85900974360193,305,197,68.005819266938,285,270,186,0.428571428571429,0.5,6,7,5,9,#CBDFF0,#F1F6FB,#D7E6F3
271,Binghamton,-2.4234214458957,-4.67731508953478,-7.10073653543048,242,289,70.7146927518554,118,271,28,0.538461538461538,0.384615384615385,7,5,6,7,#E9F1F8,#C1D9ED,#D5E5F3
272,Northern Illinois,-1.4719064012871,-5.74376580210904,-7.21567220339614,209,313,71.504330169126,78,272,338,0.461538461538462,0.384615384615385,6,5,4,10,#F1F6FB,#B3D0E9,#D5E5F2
273,UTSA,-0.252201473537354,-7.04199204042999,-7.29419351396735,180,334,72.046699187343,56,273,302,0.3125,0.1875,5,3,6,10,#FCFDFE,#A2C6E4,#D4E4F2
274,Robert Morris,-3.67223748651614,-3.73979567510711,-7.41203316162325,267,272,71.026374585423,98,274,189,0.3125,0.5625,5,9,4,12,#DEEAF5,#CEE0F0,#D3E4F2
275,Idaho State,-2.38266200985934,-5.06988611762084,-7.45254812748018,241,301,66.3434518403,343,275,204,0.133333333333333,0.466666666666667,2,7,5,11,#E9F1F8,#BCD6EB,#D3E4F2
276,Boston University,-8.9002846806192,1.40647299660695,-7.49381168401225,337,132,68.8720611334684,232,276,285,0.625,0.6875,10,11,6,10,#B0CEE8,#FFF7EE,#D3E4F2
277,Western Michigan,-2.63479062245365,-4.88432580365241,-7.51911642610606,244,293,70.0216010342342,160,277,259,0.4,0.533333333333333,6,8,6,9,#E7F0F8,#BFD7EC,#D3E3F2
278,Missouri-Kansas City,-4.22509535101089,-3.31102520353242,-7.53612055454331,277,266,68.521638805516,250,278,29,0.4375,0.875,7,14,4,12,#D9E7F4,#D3E4F2,#D3E3F2
279,Utah Tech,-5.15043605371731,-2.41000638715751,-7.56044244087482,297,236,71.1708498377414,87,279,215,0.571428571428571,0.714285714285714,8,10,6,9,#D1E2F1,#DFEBF5,#D3E3F2
280,Southern Utah,0.412205023346375,-8.00191636500833,-7.58971134166196,172,344,71.4099862311414,81,280,339,0.285714285714286,0.642857142857143,4,9,3,11,#FFFCF9,#96BEE0,#D2E3F2
281,New Orleans,-3.7118760770403,-3.91433942904127,-7.62621550608157,268,274,73.8124244552,19,281,34,0.166666666666667,0.75,2,9,4,9,#DEEAF5,#CBDFF0,#D2E3F2
282,Sacred Heart,-4.11389841788499,-3.64938934038571,-7.76328775827069,275,269,71.0550174755732,95,282,129,0.533333333333333,0.333333333333333,8,5,6,10,#DAE8F4,#CFE1F1,#D1E3F1
283,North Florida,-0.902205255399988,-6.93695234002452,-7.8391575954245,192,331,69.2238485450495,212,283,267,0.333333333333333,0.933333333333333,5,14,6,9,#F7FAFC,#A4C6E4,#D1E2F1
284,Rider,-2.9307712861801,-5.00325409041578,-7.93402537659588,251,300,69.5077363256719,188,284,84,0.375,0.625,6,10,4,12,#E5EEF7,#BDD6EC,#D0E2F1
285,North Dakota,-2.74141386042003,-5.21820287519286,-7.95961673561289,248,304,68.8016701116707,235,285,334,0.375,0.5,6,8,6,10,#E6F0F7,#BAD4EB,#D0E2F1
286,Lehigh,-5.37324893952856,-2.71957370384701,-8.09282264337557,299,253,72.5815557319745,40,286,357,0.307692307692308,0.538461538461538,4,7,2,11,#CFE1F1,#DBE9F4,#CFE1F1
287,Queens,-2.12912554225581,-6.17024406138748,-8.2993696036433,224,317,73.989646243,16,287,108,0.3125,0.8125,5,13,5,11,#ECF3F9,#AECDE7,#CEE1F1
288,Ball State,-1.98898826168093,-6.37165523161215,-8.36064349329308,222,319,67.743500716845,298,288,24,0.357142857142857,0.357142857142857,5,5,6,8,#EDF4F9,#ABCBE6,#CEE0F0
289,Arkansas-Little Rock,0.208628217831357,-8.95716808062367,-8.74853986279231,175,353,73.14955094,31,289,33,0.444444444444444,0.5,8,9,8,11,#FFFDFC,#89B6DD,#CCDFF0
290,Southeastern Louisiana,-3.93494455013173,-4.8221975078078,-8.75714205793953,271,292,67.0174159400242,323,290,227,0.153846153846154,0.461538461538462,2,6,3,10,#DCE9F4,#BFD8EC,#CCDFF0
291,Cal State Bakersfield,-4.8396320661492,-4.17173930199599,-9.01137136814518,291,281,66.4172967719,339,291,290,0.214285714285714,0.428571428571429,3,6,3,11,#D4E4F2,#C8DDEF,#CADEEF
292,Bellarmine,-3.03148978721763,-6.34299662247181,-9.37448640968945,253,321,66.55066797918,337,292,279,0.125,0.5,2,8,1,15,#E4EEF7,#ACCBE7,#C8DDEF
293,Texas A&M-Commerce,-5.82186355121951,-3.55378004000792,-9.37564359122743,306,268,69.1605383108196,216,293,86,0.666666666666667,0.833333333333333,8,10,3,9,#CBDFF0,#D0E2F1,#C8DDEF
294,Portland,-1.83019860434018,-7.55248955407685,-9.38268815841703,218,336,70.6778239227408,120,294,166,0.2,0.533333333333333,3,8,5,11,#EEF4FA,#9CC1E2,#C8DDEF
295,Lafayette,-10.7546393698024,1.29170394916985,-9.46293542063257,348,138,68.0325754721519,284,295,320,0.0625,0.5,1,8,4,12,#9FC4E3,#FFF8EF,#C8DCEF
296,South Carolina Upstate,-4.06685633153888,-5.45662128769985,-9.52347761923873,274,307,68.699078124017,242,296,196,0.230769230769231,1,3,13,2,11,#DBE8F4,#B7D2EA,#C7DCEF
297,Elon,-1.14741406979548,-8.41093778880794,-9.55835185860342,199,349,69.9331735536323,168,297,136,0.466666666666667,0.666666666666667,7,10,6,9,#F4F8FC,#91BBDF,#C7DCEE
298,Middle Tennessee,-10.5748465416196,0.906347274939356,-9.66849926668022,344,142,66.0620433813,346,298,51,0.4,0.466666666666667,6,7,4,11,#A1C5E3,#FFFAF4,#C6DCEE
299,Central Michigan,-5.21570730166347,-4.55622314084217,-9.77193044250564,298,286,68.7625624723601,239,299,269,0.266666666666667,0.8,4,12,7,8,#D0E2F1,#C3DAED,#C6DBEE
300,William & Mary,-2.20570784007091,-7.60372463305225,-9.80943247312316,229,339,68.456775077323,260,300,95,0.642857142857143,0.571428571428571,9,8,5,10,#EBF2F9,#9BC1E2,#C5DBEE
301,Campbell,-7.49724241976099,-2.41656773653641,-9.9138101562974,324,237,66.859314200434,326,301,160,0.5,0.571428571428571,7,8,5,9,#BCD5EB,#DFEBF5,#C5DBEE
302,Jacksonville,-4.62109067519125,-5.35237372625564,-9.97346440144689,285,291,69.506070468623,189,302,14,0.5,0.571428571428571,7,8,6,8,#D6E5F3,#B9D3EA,#C5DBEE
303,Presbyterian,-5.08817894764887,-4.91012711898427,-9.99830606663314,294,296,69.7271447171224,175,303,328,0.625,0.4375,10,7,6,10,#D1E3F1,#BED7EC,#C4DBEE
304,Coastal Carolina,-4.27788346166239,-5.74584348297135,-10.0237269446337,278,314,70.9234229639753,105,304,361,0.428571428571429,0.5,6,7,3,11,#D9E7F4,#B3D0E9,#C4DAEE
305,Texas-Rio Grande Valley,-5.99759517126665,-4.1364696460997,-10.1340648173663,308,279,74.197231207,12,305,175,0.133333333333333,0.4,2,6,4,11,#C9DEEF,#C8DDEF,#C4DAED
306,Sacramento State,-5.72805601029584,-4.5277810114912,-10.255837021787,303,285,67.579675601162,304,306,211,0.266666666666667,0.733333333333333,4,11,4,11,#CCDFF0,#C3DAED,#C3DAED
307,Valparaiso,-8.19544052000231,-2.1713101294262,-10.3667506494285,329,224,68.9048958023263,231,307,351,0.25,0.5,4,8,4,12,#B6D2EA,#E2EDF6,#C2D9ED
308,Bucknell,-3.97865435672841,-6.41883696739672,-10.3974913241251,272,324,67.0339253185507,322,308,343,0.117647058823529,0.764705882352941,2,13,5,12,#DBE9F4,#ABCBE6,#C2D9ED
309,Delaware State,-9.38678538627243,-1.01138531485073,-10.3981707011232,342,195,70.9848287580095,102,309,173,0.25,0.6875,4,11,7,9,#ABCBE7,#F1F6FB,#C2D9ED
310,Georgia Southern,-4.62455547053615,-5.78772731622504,-10.4122827867612,286,315,70.463110153031,129,310,35,0.294117647058824,0.705882352941177,5,12,2,15,#D6E5F3,#B3D0E9,#C2D9ED
311,Texas Southern,-11.4182183859058,1.00385929347469,-10.4143590924311,350,144,70.499730360929,127,311,284,0.461538461538462,1.30769230769231,6,17,2,11,#99C0E1,#FFF9F3,#C2D9ED
312,Eastern Illinois,-7.82959438096349,-2.5909259551276,-10.4205203360911,328,248,68.5106973460698,252,312,348,0.357142857142857,0.5,5,7,4,10,#B9D4EA,#DDEAF5,#C2D9ED
313,South Dakota,-3.0386293345652,-7.5963480291795,-10.6349773637447,255,338,71.0663206437576,94,313,98,0.333333333333333,0.533333333333333,5,8,5,10,#E4EEF7,#9BC1E2,#C1D8ED
314,Chicago State,-8.21254529773747,-2.42661049924335,-10.6391557969808,331,238,68.1782769387343,276,314,314,0.363636363636364,0.590909090909091,8,13,7,15,#B6D2EA,#DFEBF5,#C1D8ED
315,Wagner,-8.50913409885032,-2.4592479811724,-10.9683820800227,323,216,64.57692834,358,315,158,0.333333333333333,0.75,4,9,5,7,#B3D0E9,#DEEBF5,#BFD7EC
316,Le Moyne,-5.46343875407586,-5.52823007160117,-10.991668825677,301,310,69.9985039811696,163,316,42,0.5,0.583333333333333,6,7,2,10,#CEE1F1,#B6D2EA,#BFD7EC
317,Dartmouth,-10.2884266020789,-0.842721028278918,-11.1311476303578,345,188,68.476330580259,257,317,71,0.272727272727273,0.909090909090909,3,10,2,10,#A3C6E4,#F3F8FB,#BED6EC
318,Tennessee Tech,-6.29654089846739,-4.89765674962724,-11.1941976480946,312,295,68.490936733601,256,318,257,0.133333333333333,0.6,2,9,4,11,#C7DCEE,#BED7EC,#BDD6EC
319,Grambling,-6.14279614727249,-5.08292820916132,-11.2257243564338,309,302,66.3652135759,341,319,114,0.384615384615385,0.769230769230769,5,10,2,11,#C8DDEF,#BCD5EB,#BDD6EC
320,Alabama State,-11.7185811063673,0.477537394110104,-11.2410437122572,352,159,70.075828226699,156,320,345,0.142857142857143,0.714285714285714,2,10,5,9,#97BEE1,#FFFCF9,#BDD6EC
321,Army,-9.34557405269856,-1.9745669227512,-11.3201409754498,340,221,66.2843037811,345,321,305,0.133333333333333,0.6,2,9,3,12,#ACCBE7,#E5EFF7,#BDD6EB
322,Idaho,-6.3530946856788,-5.33481111118026,-11.6879057968591,313,305,68.441312738031,261,322,59,0.357142857142857,0.714285714285714,5,10,5,9,#C6DCEE,#B9D3EA,#BBD4EB
323,Eastern Michigan,-5.38476573474912,-6.60540522894105,-11.9901709636902,300,327,68.1411716495364,278,323,147,0.285714285714286,0.714285714285714,4,10,6,8,#CFE1F1,#A8C9E6,#B9D3EA
324,Northern Arizona,-7.16840814745956,-4.95030536888162,-12.1187135163412,321,297,70.1109326245079,154,324,10,0.411764705882353,0.823529411764706,7,14,7,10,#BFD7EC,#BED6EC,#B8D3EA
325,UMBC,-2.35696903032387,-9.7769039227708,-12.1338729530947,238,357,74.746615208,8,325,230,0.5,0.5625,8,9,4,13,#EAF2F8,#7FAFDA,#B8D3EA
326,Alcorn State,-3.00478608848009,-9.16625356010455,-12.1710396485846,252,354,70.5571550466077,123,326,120,0.2,0.6,3,9,1,14,#E4EEF7,#87B4DC,#B8D3EA
327,Prairie View,-9.09104234521478,-3.34187235118633,-12.4329146964011,339,267,72.334572400373,47,327,123,0.142857142857143,0.5,2,7,4,10,#AECDE7,#D3E3F2,#B6D2EA
328,NJIT,-6.64990468262926,-6.1220313258736,-12.7719360085029,314,316,69.7814658256554,174,328,237,0.153846153846154,0.692307692307692,2,9,3,10,#C4DAED,#AECDE7,#B4D1E9
329,Fairleigh Dickinson,-0.957050309830763,-11.8292577519962,-12.786308061827,194,361,73.8547879105,18,329,255,0.333333333333333,0.555555555555556,3,5,2,7,#F6F9FC,#649FD2,#B4D1E9
330,Loyola Maryland,-7.72499765221241,-5.49026918757168,-13.2152668397841,327,308,68.126081916945,279,330,317,0.25,1.0625,4,17,2,14,#BAD4EB,#B7D2EA,#B2CFE8
331,Southern Indiana,-11.4239535608342,-1.99242402486887,-13.4163775857031,351,223,71.0850725258426,93,331,301,0.4,0.666666666666667,6,10,2,13,#99C0E1,#E4EEF7,#B1CEE8
332,Buffalo,-6.8302686177397,-6.62691380038125,-13.4571824181209,318,322,70.5301132629655,125,332,362,0.2,0.933333333333333,3,14,1,14,#C2D9ED,#A8C9E5,#B0CEE8
333,Bethune-Cookman,-8.6164139293772,-4.98436351915436,-13.6007774485316,335,298,73.1480149824,32,333,139,0.230769230769231,0.769230769230769,3,10,4,9,#B2CFE8,#BDD6EC,#AFCEE8
334,Louisiana-Monroe,-10.3062000870869,-4.30789451728412,-14.614094604371,346,282,68.2231691011885,273,334,337,0.307692307692308,0.846153846153846,4,11,2,11,#A3C6E4,#C6DCEE,#AACAE6
335,Lindenwood,-10.3106128152732,-4.58780129704972,-14.898414112323,347,287,70.0854626998072,155,335,233,0.357142857142857,0.857142857142857,5,12,4,10,#A3C6E4,#C3D9ED,#A8C9E5
336,Charleston Southern,-6.48204490050157,-8.45037863203983,-14.9324235325414,311,343,68.1642816879804,277,336,264,0.142857142857143,0.5,2,7,3,11,#C5DBEE,#90BADF,#A8C9E5
337,North Carolina A&T,-4.3854695316595,-10.8737801138986,-15.2592496455581,282,358,70.995384562864,101,337,118,0.5,0.6875,8,11,3,13,#D8E7F3,#70A7D5,#A6C8E5
338,Pacific,-7.13834462815603,-8.1977919774833,-15.3361366056393,320,346,70.4593586802735,130,338,41,0.117647058823529,0.941176470588235,2,16,4,13,#BFD7EC,#93BCE0,#A5C7E5
339,Hampton,-8.15625205783684,-7.22975577521257,-15.3860078330494,330,335,72.93140473192,34,339,282,0.307692307692308,0.923076923076923,4,12,1,12,#B6D2EA,#A0C4E3,#A5C7E5
340,Alabama A&M,-8.56573036316037,-6.85256221996526,-15.4182925831256,333,329,72.24127681981,49,340,172,0.176470588235294,1,3,17,3,14,#B3D0E9,#A5C7E5,#A5C7E5
341,South Carolina State,-8.51861164382945,-6.9042646709414,-15.4228763147709,332,330,73.661033607,22,341,190,0.1875,1.4375,3,23,2,14,#B3D0E9,#A4C7E4,#A5C7E5
342,Florida A&M,-7.58267398550888,-8.35841201675468,-15.9410860022636,325,347,68.6907741262901,243,342,170,0.272727272727273,1.45454545454545,3,16,1,10,#BBD5EB,#91BBDF,#A2C5E4
343,Cal Poly,-11.8848306415972,-4.14372235720483,-16.0285529988021,354,280,67.812489108665,294,343,75,0.0588235294117647,0.529411764705882,1,9,3,14,#95BDE0,#C8DDEF,#A1C5E4
344,Incarnate Word,-7.65102478655987,-8.85659927630484,-16.5076240628647,326,352,71.143236121591,91,344,162,0.285714285714286,1,4,14,3,11,#BBD5EB,#8BB7DD,#9FC3E3
345,Holy Cross,-7.19716654966872,-9.55926059121932,-16.756427140888,322,355,67.596463638194,303,345,294,0.125,0.4375,2,7,3,13,#BFD7EC,#82B1DA,#9DC2E2
346,Southeast Missouri State,-9.37252461086562,-7.5153857000968,-16.8879103109624,341,337,71.99204834352,58,346,210,0.142857142857143,0.714285714285714,2,10,2,12,#ACCBE7,#9CC2E2,#9CC2E2
347,Maryland-Eastern Shore,-12.6539976043318,-4.31244664074624,-16.9664442450781,358,284,70.0146328988463,161,347,80,0.153846153846154,0.846153846153846,2,11,2,11,#8FB9DE,#C6DCEE,#9CC2E2
348,Arkansas-Pine Bluff,-5.47641593233967,-11.768585726719,-17.2450016590586,302,360,74.258916229,11,348,321,0.333333333333333,1.08333333333333,4,13,2,10,#CEE1F0,#659FD2,#9AC1E2
349,Saint Francis (PA),-11.0059928423841,-6.37648973825974,-17.3824825806438,349,323,69.4530827068938,195,349,232,0.214285714285714,0.857142857142857,3,12,3,11,#9DC2E2,#ABCBE6,#99C0E1
350,Morgan State,-8.82276453920334,-8.5751925804093,-17.3979571196126,336,351,72.384407427303,46,350,183,0.0666666666666667,0.933333333333333,1,14,1,14,#B0CEE8,#8EB9DE,#99C0E1
351,Manhattan,-12.854262911702,-4.87349942042146,-17.7277623321234,359,288,70.900505046542,109,351,306,0.357142857142857,0.928571428571429,5,13,3,11,#8DB8DE,#BFD7EC,#97BFE1
352,Central Arkansas,-8.76180990210466,-9.00270470053191,-17.7645146026366,319,345,70.862541297193,112,352,266,0.352941176470588,0.529411764705882,6,9,4,13,#B1CFE8,#89B6DC,#97BFE1
353,Houston Christian,-10.1778928131663,-7.73550227733209,-17.9133950904984,343,342,73.758802718,20,353,157,0,1.09090909090909,0,12,0,11,#A4C7E4,#99C0E1,#96BEE0
354,Northwestern State,-8.93520830110956,-9.62050412408454,-18.5557124251941,338,356,70.4048925461086,133,354,46,0.428571428571429,1,6,14,1,14,#AFCEE8,#81B1DA,#93BCDF
355,Siena,-12.608997570629,-6.28183994246309,-18.8908375130921,357,320,68.9725199524661,226,355,288,0.133333333333333,0.8,2,12,2,13,#8FBADE,#ACCCE7,#91BBDF
356,Long Island,-13.9194773460512,-5.35408273848914,-19.2735600845403,360,306,73.3199299849,27,356,110,0.133333333333333,1.13333333333333,2,17,3,12,#83B2DB,#B9D3EA,#8EB9DE
357,Stonehill,-11.7424753953033,-7.61645131093708,-19.3589267062404,353,341,70.8419060677231,114,357,134,0.375,1.375,6,22,1,15,#97BEE0,#9BC1E2,#8EB9DE
358,Coppin State,-19.0570718444709,-1.37752052419963,-20.4345923686705,362,208,69.4040112520556,198,358,52,0.266666666666667,0.8,4,12,2,14,#5696CE,#ECF3F9,#88B5DC
359,Detroit,-12.246246308194,-8.39468460518458,-20.6409309133786,355,348,69.530523876682,186,359,152,0.111111111111111,0.888888888888889,2,16,0,18,#92BBDF,#91BBDF,#87B4DC
360,VMI,-12.41001026754,-8.41855161755002,-20.82856188509,356,350,74.060991947,15,360,223,0.0714285714285714,0.928571428571429,1,13,0,14,#91BBDF,#90BADF,#85B4DC
361,IUPUI,-8.59264002316098,-12.7385527018923,-21.3311927250533,334,362,67.883999948459,290,361,144,0.125,0.6875,2,11,2,14,#B2CFE9,#5898CE,#83B2DB
362,Mississippi Valley State,-18.2561479877399,-11.0111966733742,-29.2673446611141,361,359,67.11481305349,319,362,12,0.125,1.0625,2,17,0,16,#5D9BD0,#6FA6D5,#5495CD
