"Le Moyne",96.729160157063,113.04048753712,0.14282057636904,3–11,3,14,47.6,54.2,25.4,27.9,17.9,19.2,24.4,32.3,69.8,46.2,56.5,32.9,34.3,8.8,8.8,60.1,58.5,46.3,45.2,69.1,,,,2024,,,,-8.4917723085898,77.6,72
"UC Santa Barbara",103.01824360372,107.43674345379,0.38155442671463,8–6,8,14,54.4,49.1,39.6,28,20.5,13.7,27.3,25.6,69.4,53.8,49.7,37.2,31.8,9.2,6.7,50.9,46.8,29,33.3,69.6,,,,2024,,,,-3.9667696993142,71.8,67.9
"Arkansas Pine Bluff",100.80617869767,121.04299551766,0.10872018815108,2–10,2,12,48.9,58.8,38.9,33.8,17.3,18.2,22,37.8,74.5,45.1,61.6,35.6,36.3,4.5,15.7,51.7,61,46.7,39.4,74.6,,,,2024,,,,-6.3742026645498,75.5,74.6
Toledo,111.8081463472,110.20094971603,0.54153095374843,10–6,10,16,53,56.2,36,25.6,15.7,19.2,30.4,30.4,70.2,51.7,57.5,37.4,36,7,7.4,43.9,47.3,27.6,37.8,70,,,,2024,,,,-2.3123841312079,77.1,75.6
Indiana,106.95387704973,99.004007873816,0.70852468079863,12–5,12,17,52.6,47.8,42.8,28.9,17.5,16.7,27,30.5,70.8,53.3,46.7,33.7,32.9,11.4,9.2,58.2,54,26.9,42.2,70.9,,,,2024,,,,-0.070601191035026,66.2,71.9
"North Carolina St.",109.62147465985,98.857059565688,0.76649429961154,12–4,12,16,50.3,49,29.5,34.3,13.1,19.4,29,27.9,69.4,50.2,47.8,33.6,34.1,7.7,7.2,47.8,46.9,35.9,35.2,69.8,,,,2024,,,,0.21225567020438,71.2,69.1
"Central Michigan",98.04330503513,109.06759464319,0.22698344411744,7–8,7,15,48.6,52.4,25.5,31.8,19.1,18.5,28.7,31.5,67.7,48.3,54,32.8,33.3,8.7,7.6,47.2,55.8,34.6,40.9,68.4,,,,2024,,,,-4.1611512402293,66.8,78.8
Brown,97.679141131655,106.29220188518,0.27452292703393,4–12,4,16,47.5,51.2,34.8,33.2,19.3,16.4,31.4,26.2,68.9,47.5,51.2,31.7,34,12.6,11.4,48.6,49.9,38.2,35.4,69,,,,2024,,,,-8.8085237493202,63.7,67.8
"Wright St.",116.64219811371,111.85670954283,0.61816410989235,7–9,7,16,58.2,56,29.7,31.3,16.7,15.9,29,27.9,72.4,58.4,56.5,38.6,36.9,7.4,6.5,48.6,49,27.5,39.9,72.2,,,,2024,,,,-5.6240553699889,75,70.9
"UC Irvine",105.61006680877,96.834321224808,0.7305963642398,11–5,11,16,52.2,45.4,34.9,35.4,18.2,17,30.4,27.2,69.2,50.8,43.9,37.3,32.2,8.6,8.1,58.4,50.1,27.7,32.7,69.5,,,,2024,,,,-0.70498080856014,73.5,71.4
Furman,106.47706773443,107.8999208865,0.46190974522552,6–8,6,14,52.1,53.9,31.4,28.4,17.4,15.7,31.1,26.5,72.8,56,55.5,31.8,34,6.5,11,60.1,51.5,46.9,34.2,72.8,,,,2024,,,,-5.1773968562953,72.9,68.7
UAB,107.55195425618,109.86091979007,0.43923348376046,9–6,9,15,47.6,52.3,42.9,31.4,16.7,15.8,36.4,30.7,69,48.1,51.8,31.1,35.5,12.6,11.7,46.1,49.8,31.2,37.6,69.1,,,,2024,,,,-2.830669303497,74.3,71.8
Tulane,112.93983310856,106.8623136667,0.65387384162655,10–5,10,15,57.2,50.7,49.1,30,14.9,19.8,19.1,33,74.3,59.8,49.6,35.1,34.7,10,6.9,48.7,54.2,36.3,44.4,74.3,,,,2024,,,,-1.7112936325959,73.8,70.9
FIU,99.604096512402,107.17027070795,0.30111808437123,6–11,6,17,50.2,56.2,31.2,39,20.2,25.9,27.7,35.7,72.5,51.2,56.2,32.5,37.5,9.2,11.7,54,56.6,40.7,39.7,72.2,,,,2024,,,,-7.7826468602055,64.9,69.6
BYU,116.00848411921,91.800230000583,0.93652666093072,13–3,13,16,57.1,44.4,20.9,27.9,15.2,18.1,34.9,21.5,70.8,58.7,46.4,37,27.1,7.8,5.7,66.4,47.7,50.5,33.9,70.2,,,,2024,,,,0.91402587854048,72.1,68.2
"Illinois Chicago",100.53326230026,99.072332419682,0.54198637025256,7–9,7,16,51.9,45.6,24.8,33.6,18.7,17,24.7,28.2,67.6,51.2,46.7,35.3,28.9,15.1,10.5,55.7,43.2,42.1,32.8,68.7,,,,2024,,,,-5.5123869260949,65.6,73.1
Xavier,111.57215242602,94.686380191002,0.86843196727335,8–8,8,16,49.4,45.8,32.3,29.4,17.4,16.9,34,30.2,71,48.3,45.9,34.6,30.4,9.8,11.1,62,60,32,34.9,71.2,,,,2024,,,,-1.391452375197,72.6,67.7
Charlotte,106.68612002348,98.796239974223,0.70755990690343,8–7,8,15,50.2,47.4,30.7,30.3,15.6,16.5,24.6,28.3,64.1,53.3,48,30,31,9.9,6.8,52.5,44.7,37.2,37,64.9,,,,2024,,,,-2.8618637647935,75.2,75.6
Canisius,103.99158253693,106.18285924913,0.44033404407465,6–9,6,15,49.9,50.7,29.4,31.8,18,17,32,31.6,70.1,48.1,53.4,35.4,30.2,6.7,9.1,49,49.3,37.5,33.1,69.3,,,,2024,,,,-5.8648736610975,63.7,67.8
"Wake Forest",113.76021852209,99.929412212805,0.81618804479791,12–4,12,16,55.2,47.2,32.2,28.4,16,17.6,28,27.8,69.6,53.7,45.2,38.4,34.3,12,9.7,44,41.1,38.1,32.2,69.3,,,,2024,,,,0.1709922233922,80.1,73.6
"Florida Atlantic",118.01272290161,99.373524356947,0.87835322242533,13–4,13,17,56.1,48.9,32.7,25.6,16.6,17.6,34.5,30.1,68.9,57.3,48.3,36.2,33.2,6.6,6.8,50.5,39.6,38.9,36.2,68.8,,,,2024,,,,1.1600048131658,69.6,72.2
Northeastern,107.52390139856,110.12295837656,0.43176087739877,7–10,7,17,52.2,54.6,35.6,26.3,20.4,16.9,33.9,29.4,65.8,55.1,54.3,31.3,36.8,8.3,10.5,53.4,47.4,35.3,38,67,,,,2024,,,,-6.4363391162749,74.8,72.4
"Robert Morris",100.28148654272,109.57873924607,0.2651021772719,4–12,4,16,50.8,55.3,30.1,37.8,20.8,19,32.8,30.3,70.3,50.7,57.2,34,34.5,6.4,8.3,48.5,50.7,39.5,34.6,70.2,,,,2024,,,,-8.8663420242272,71.4,71.6
Seattle,102.15397144352,96.754626323321,0.6512379229501,9–7,9,16,50,46.5,36.6,36.9,19.8,18.9,30.1,25.4,68.6,51.9,49.7,31.3,27.3,9.4,8.9,50.4,47.2,38.2,36.1,68.4,,,,2024,,,,-4.4643309514973,73.9,69.1
Villanova,113.27781998245,95.520861584988,0.87661249922817,11–6,11,17,50.3,48.8,31.9,26.7,15.1,16.9,29.7,23.8,65.7,50.1,47.4,33.6,33.9,6.2,13.6,48.8,54.3,48.3,40.4,66.3,,,,2024,,,,0.12135901718958,81.8,69.9
Howard,105.66592839213,113.18381389079,0.31208220650824,6–11,6,17,52,51.9,39.7,35.7,20.6,15.6,30.7,32,69.6,50.9,51.1,35.9,35.4,7.2,9.5,51.7,51.2,38.4,36.7,68.8,,,,2024,,,,-7.6494443832274,73.2,69.3
"Utah St.",112.74260029795,97.373564495291,0.84361228388259,14–1,14,15,54,48.4,38.7,32.7,15.6,18.3,31.2,24.5,70.1,58.1,51.8,30.4,28.3,12,5.8,57,47.5,32.5,36.5,70,,,,2024,,,,2.5730763498216,71.2,69.1
Marist,97.739060255227,99.588330317864,0.44631950436325,8–6,8,14,51.6,46.8,30.9,40.8,18.2,21.8,23.8,26,66.7,51.8,47.1,34.2,30.9,9.9,5.9,49.3,43,37.6,39.6,66.1,,,,2024,,,,-4.6152739823505,64.4,69
"Portland St.",99.323905454613,104.14439867827,0.36702308915962,8–6,8,14,46.7,51.1,32.2,30.3,16.6,18.6,28.5,29.5,68.1,44.8,48.9,32.9,36.8,7.8,11.1,45.2,49.6,40.3,35.2,70,,,,2024,,,,-3.4137016175848,70.4,68.2
Denver,112.8769182669,113.44904656732,0.48546866545672,7–7,7,14,52.7,54.2,39.4,29.2,13.4,13.4,31,26.9,70.9,49.4,54.1,39.1,36.2,8.7,13.9,46.9,46.7,36.6,33.6,71.9,,,,2024,,,,-3.9650285429297,72.5,68.7
"Cal St. Northridge",101.52323330303,102.74817136163,0.46557357699227,11–4,11,15,50.2,46.9,39.7,41.1,19.6,18.6,34.6,24.5,74.7,51.4,47.8,31.2,30.6,10.6,7.9,46.8,58.2,25.8,45.6,75.4,,,,2024,,,,-1.8928261339318,70.8,71.8
Maryland,101.54993483679,94.690084390263,0.69089900920168,11–6,11,17,46.4,44.8,44.8,31.8,17.2,20.1,34.2,31.3,67.1,49.6,42.6,27.5,33.6,12.9,9.2,46.6,46.9,38.5,28,66.8,,,,2024,,,,-1.5071014910237,70.1,72.8
Rice,101.39579721337,107.6941356009,0.33335934719403,5–10,5,15,48.9,52.4,29.6,27.3,18.3,15.6,28.8,27.9,70.3,51.7,51,29.8,36.5,9.2,10.1,53.5,53.1,39.8,37.6,68.2,,,,2024,,,,-5.9786960642537,71.9,73.1
"Abilene Christian",101.03823401515,105.25203556477,0.38464551086235,5–10,5,15,46.4,52,41.4,43.1,17.5,21.6,23.8,32.7,72.3,45.3,52.9,32.8,33.5,4,9,49.6,46.5,26.7,32.4,70.7,,,,2024,,,,-6.6440818238666,73.1,72.7
Rider,98.553622753137,109.33948335765,0.2324813252039,4–12,4,16,44.4,52,29.8,40.6,18.4,14.8,33.3,27.7,69.7,44,52.7,30.1,33.9,9.7,7.9,47.5,52.1,29.1,41.7,69.3,,,,2024,,,,-7.8256281422932,71.2,68.6
"Boston College",113.39890429778,103.47453921974,0.74139670925142,11–6,11,17,52.9,50.6,27.2,27.8,13.9,17.4,26.9,26.9,69.5,51.9,48.7,36.4,36,10.9,8.8,49.3,48.6,35.8,37.1,69.6,,,,2024,,,,-1.3952504241113,75.2,76.5
Arizona,119.41887166868,89.509428966353,0.96495243328417,12–4,12,16,55.5,48.7,33.2,24.9,16.3,18.9,37.6,20.1,75.8,54.9,47.8,37.8,33.3,9.2,7.1,58.4,53.2,30.8,39.1,75.3,,,,2024,,,,2.8561494411113,72.7,69.2
"Penn St.",106.9830933632,100.28393569314,0.67779369315076,8–9,8,17,49.4,51.3,35.8,33.7,15.7,22.9,27.7,33.3,71.3,52.5,52.5,29.9,32.6,7.6,8.2,45.3,57,41,34.4,72.4,,,,2024,,,,-4.1141095686025,73.9,74.5
Hawaii,100.64102531939,99.407893578375,0.53538506463029,8–7,8,15,50.7,47.3,37.5,32,18.8,17,26.6,25.5,67.6,52.7,47,32,32.2,7.4,9.1,49.7,34.5,43.5,24.9,66.7,,,,2024,,,,-4.5719199977978,71,72.1
"San Diego",99.741486706507,104.83356400071,0.3606345128289,8–9,8,17,49.9,50.6,30,36.3,20.3,17.2,28.6,29.9,72.5,47.7,52.1,36.1,32.2,9.7,9.5,49.8,58.3,32.7,38.7,72.6,,,,2024,,,,-5.1046470850061,72,68.6
"UC Davis",102.48461732046,100.41070350285,0.5585069724956,8–7,8,15,52.4,49.3,39.9,41.7,20,21.9,30.5,29.6,68.5,51.8,50.2,35.6,31.6,10.2,8,52,48.4,38.1,32.8,69,,,,2024,,,,-4.5158181486776,70.3,73.7
LSU,105.67598700594,98.196419532752,0.69934720170612,10–6,10,16,52.2,47.4,38.6,31,18.9,21.1,30.6,30.6,70.8,53.7,45.1,33.1,33.6,12.6,10.3,45.3,50.3,36.9,43.9,72.1,,,,2024,,,,-1.3907045244696,71.7,74.1
"Fresno St.",100.21045609761,105.91638879822,0.34596102545755,6–9,6,15,52.5,51,31.9,26.9,20.8,15.6,27.5,28.9,67.4,53.7,49.7,33.5,35.6,6.5,9.7,47.9,44.7,34.7,35.4,67.3,,,,2024,,,,-5.4454919948459,62.5,66.7
UMKC,100.63938107053,109.35295685791,0.27789501131428,4–12,4,16,47.6,52.9,27.8,43.6,19,15.6,34.8,25.4,67.3,47.5,52.9,31.8,35.4,10.9,8.2,52.1,49.5,41.9,35.6,68.1,,,,2024,,,,-8.3344983241077,68.9,70.9
Baylor,120.62301036774,99.497515547962,0.90151567154293,13–2,13,15,58.5,48.6,37.5,30.6,16.4,18.2,35.5,28,69,54.4,50.7,43.7,29.6,9.7,9.4,51.9,49.3,36.5,33.3,68.7,,,,2024,,,,2.7943972422332,74.1,73.1
"Oral Roberts",105.90832403074,110.51051813119,0.38008822209619,5–9,5,14,51.4,50.5,28.1,30.6,13.7,15.2,19.6,33.1,69.2,48.3,49.3,37.8,35,11.8,8.3,39.7,53.6,37.7,39,69.9,,,,2024,,,,-5.1454782899888,74,71.7
Ohio,108.42015423666,110.20295866746,0.4532464579218,6–9,6,15,50.9,50.6,34.3,39.6,14.1,18.6,29.8,32.8,69.2,51.4,50.4,33.3,34,10.6,9.2,47.1,43.8,37.5,37.5,68.8,,,,2024,,,,-7.2082211559669,70.2,70.3
Winthrop,105.768768696,104.04220147257,0.54717795395474,10–6,10,16,50.6,47.8,53,30.6,19.2,17.6,32,33.8,67.7,50.1,50.8,34.3,29,7.1,15.2,44.5,51,39.5,40.6,67.8,,,,2024,,,,-2.1566868752595,70.1,75.9
"Northern Illinois",105.17527831558,109.89554258832,0.37639611047799,4–10,4,14,51.1,52.9,39.2,32.6,17.7,12.8,24.2,32.3,71.7,49.8,52.8,35.3,35.4,11.1,5.3,40.7,50,39.3,32.7,71.2,,,,2024,,,,-6.0256834170538,68,69.6
"Georgia Tech",106.89649180405,102.19067296366,0.62661839595413,8–8,8,16,48.7,48.2,31.1,32.8,18,13.6,34.3,28.7,69.6,50.2,48.7,30.9,31.6,11.9,9.1,52.4,44.7,39,39.1,69.1,,,,2024,,,,-2.7215712003397,65.8,70.6
"Kent St.",105.0523837662,104.53358883442,0.51422934660591,6–8,6,14,50.4,53.2,35.5,34.9,18.5,19.4,30.9,29.7,69.7,47.9,53.1,36.3,35.5,7.5,8,51,54.7,37.3,40.9,69.4,,,,2024,,,,-5.1314367843851,76.4,70
Marquette,114.56760822349,92.998920261843,0.91672339679081,12–5,12,17,52.8,50.1,27.3,27.1,14.4,23.3,27.2,28.8,70.3,56.7,49.8,31.6,33.6,8.1,8,56.4,56.2,42.6,43.9,71.3,,,,2024,,,,1.5592847757302,73.8,71.3
"Weber St.",108.86053747559,104.5245260453,0.61477463943237,8–6,8,14,52.4,53.2,34.1,24.3,14.8,18.1,24.9,23.4,64.3,51.3,54.3,36.1,34.2,3.6,10.3,46.8,49.6,38,36.9,65.1,,,,2024,,,,-2.9906243882998,74.3,66.1
Maine,97.308361629268,103.17615961018,0.33774527704746,7–9,7,16,49.4,50.3,26.9,33.8,16.2,19.4,19.9,28.3,67,52,50.8,29.7,32.9,6.9,9.4,50.5,51,33.8,33.7,67.2,,,,2024,,,,-6.1303824253579,73.6,66.9
"Sam Houston St.",102.01560134451,104.094861817,0.44225039631611,8–8,8,16,45.9,52,37.1,36.6,18.2,19.8,29.5,27.7,70.1,44.4,53.6,32.4,33,7.1,11.5,51,56.9,35.1,39.1,70.4,,,,2024,,,,-4.0127229279827,71.9,68.7
"Incarnate Word",98.707216670766,114.10406701322,0.15883022411936,3–11,3,14,47.5,51.6,38.8,39.2,21,16.3,27.3,34,71.9,47.3,52.2,31.8,33.7,10.3,13.2,49.5,54.9,42.2,36.1,71,,,,2024,,,,-8.876876610566,75.1,73.5
"St. Francis PA",91.367379776614,113.31607154523,0.077567647859112,3–12,3,15,46,53.1,30.6,33.5,22.3,17.9,32.3,34.9,67.3,45.2,53.6,31.6,34.9,10.6,11.8,52.7,52.3,37.9,35.3,67.6,,,,2024,,,,-9.5366138380341,63.9,69.6
SMU,108.25294134329,91.156475835957,0.87833635976575,10–5,10,15,52,41.2,26.7,33.6,18.4,19.1,37.6,31.8,67.9,51.3,42.4,35.5,26.1,14.6,13,56.5,51.9,35.1,37.6,68.7,,,,2024,,,,-0.97345185933066,66,69.4
Richmond,107.10475640278,95.543853524373,0.78810718238706,11–5,11,16,53.5,45.7,24.1,26,12.2,17.7,18.6,26.9,68.1,52.9,46.7,36.4,29.5,8.7,7.6,47.9,49.1,37.2,41.7,67.7,,,,2024,,,,-1.205779952353,70.6,70.6
Providence,104.86653677181,91.0247307776,0.83588286918113,11–6,11,17,52,44.9,31.8,26.7,18.4,17.7,26.3,25.6,69.6,54.5,43.1,32.4,32.4,12.1,8.5,52.4,36.6,42.7,31.6,69.7,,,,2024,,,,-0.50036913575894,67.4,74
Louisville,103.9431364036,108.03900109646,0.39067984119661,6–10,6,16,48.3,52.1,40.6,31,17.6,16.9,30.8,28.3,70.4,48.3,53.9,32.1,32.8,8.1,9.5,46.1,54,32.4,38.3,70.3,,,,2024,,,,-6.0408976164658,74.6,74.2
Davidson,105.19638634512,100.92117245605,0.61706896672581,8–6,8,14,51.2,51.3,35.5,28.6,17,17,27.2,27.1,65.9,53.4,51.9,32.1,33.6,6.6,9.9,50.6,53.3,43.3,42.9,67.2,,,,2024,,,,-2.4505573071631,68.9,62.7
"North Florida",103.10948278018,111.25686965806,0.29430250241498,6–9,6,15,50.9,52.6,24.8,37.2,16.4,15.6,23.6,31.5,69.2,49.1,52.5,34.9,35.2,7.4,14.5,49.2,46.9,55.3,28.9,68.5,,,,2024,,,,-5.6039869468318,78.7,73.6
"Missouri St.",101.97879996063,99.084043602547,0.582041627078,10–7,10,17,50.5,45.3,35.3,23.8,18,13.8,27.1,25.3,69.4,53,46.2,31.4,29,11,8.6,50.8,43.8,42.9,34.4,69.7,,,,2024,,,,-3.4201150619232,70.7,72.4
Vanderbilt,100.43483056806,104.72117765632,0.38210774464964,5–11,5,16,46.2,50.7,34.4,30.3,16.2,16.2,27.4,25,68.3,48.3,47.2,28.9,37.9,8.1,9.3,43.3,50.2,42,36.8,67.9,,,,2024,,,,-6.5872643578721,71.6,77.3
"Utah Tech",98.936840325687,105.47902684318,0.32380273618921,6–9,6,15,50.1,49.4,37.5,40,21.3,18.5,26.6,33.4,70.9,47.5,49.4,36.5,33,12.5,11.6,52.7,49.9,35.3,37.7,70.7,,,,2024,,,,-5.3884475094069,63.5,69.2
Akron,106.22446182686,101.3240456537,0.63254550087544,10–4,10,14,53.9,49.6,35.5,28.9,18,18.3,29.8,28.3,67,55.5,50,34.4,32.6,6.6,7.9,51,48.9,41.6,35.7,66.9,,,,2024,,,,-0.97497766605733,70.7,67.5
Memphis,111.96387623265,100.30525232791,0.7798031500531,15–2,15,17,53.8,48.5,39.3,26.7,17.8,19.4,30.3,32.8,72.6,53.5,48.1,36.3,32.7,13.4,11.6,49.1,52.2,38.6,43.4,73.5,,,,2024,,,,3.1085458029095,74.2,70.2
"Central Arkansas",97.287476625747,114.12697720067,0.13753976081329,4–13,4,17,46.4,53.8,30.3,35.2,19,16.5,27.6,35.1,69.7,44.1,51.6,33.3,38,9.7,8.2,54.1,50.6,39,41.4,69.8,,,,2024,,,,-9.8805063316555,74.6,68.6
"Murray St.",109.90364728841,107.29885428862,0.56852602067173,6–10,6,16,49.8,53.3,33.1,28.4,13.4,18,26.5,26.4,66.4,51,53.5,31.8,35.4,8.8,10,46.8,50,37.6,40.6,67,,,,2024,,,,-6.5614754187005,71.3,70.2
American,106.548554378,114.27182186432,0.30900800662011,9–8,9,17,53.9,54.5,27.5,30.9,17.4,16.4,29.7,26.7,64.7,54.4,54.3,35.6,36.6,5.6,8.9,55.5,50.6,44.8,42.9,64.9,,,,2024,,,,-5.1575309777877,70.2,67.8
"Notre Dame",97.161544831922,95.275016250439,0.55613360210658,7–11,7,18,46.7,45.9,27.9,26.5,20.5,15.4,29.1,25.6,65.1,48.3,44.7,29.7,32.2,6.9,9.7,43.3,48.3,43.4,34.9,65.6,,,,2024,,,,-5.3607844719245,70.6,73.8
Creighton,116.88524998187,93.71802554258,0.92692420382708,13–4,13,17,57.8,44.8,25.8,14.1,16.1,11.4,28.8,23.6,67.8,61.4,44.6,36,30.2,8,8,57.4,37.9,48.8,27,67.6,,,,2024,,,,1.9170767611257,75.4,73.9
Duke,118.85051054994,97.795632338539,0.90398823285051,13–3,13,16,55.2,49.2,35.3,26.6,13.3,19.4,29.5,24.1,69,54.4,48.4,37.8,33.6,11.5,12.8,57.2,52.6,35.6,37.5,69.1,,,,2024,,,,1.5463718138189,74.6,69.3
"Bowling Green",101.7061966344,103.11055075087,0.46065522982445,10–4,10,14,50.4,48.9,35.6,27.5,15.8,14.8,27.9,25.3,70.2,52.8,48,30.9,33.8,6.7,11.7,41.8,44.9,37.5,33.7,69.9,,,,2024,,,,-2.2787156229699,65.1,65.4
UCLA,98.645991849306,96.17653906121,0.57237549000724,6–10,6,16,44.7,48.2,37.4,35.6,18.2,19.7,30,28.5,66.4,45.2,47.5,28.9,32.7,11.2,5.7,49.3,47,26.3,44.4,66,,,,2024,,,,-4.8927749986742,71.2,70.4
Pacific,93.798707252736,113.59757769332,0.099537169215697,4–13,4,17,48.3,55.2,35.6,36,18.1,17,19.1,30.3,69.9,48.9,57.2,31.5,34.6,4,10,62.2,48.5,39.7,38.8,70.2,,,,2024,,,,-10.295811661741,62.2,72
"Texas A&M",115.92654809801,100.4077676904,0.8392620975562,10–6,10,16,45.3,48.6,36.5,31.5,15.6,18.1,44.7,29.6,66.6,48.3,46.7,27,34,9.3,13.3,46.1,60.4,38.6,43.2,65.8,,,,2024,,,,0.28698625760626,70.4,71.8
"North Texas",109.51396559357,92.936916708815,0.86847113617327,8–5,8,13,51.5,43.5,29.5,36.9,20.1,20.3,37.2,32.3,62.2,47.9,43.5,38,29,8.8,9.4,42.9,46,39.6,35.2,62,,,,2024,,,,-1.6564080947496,76,68.4
Nevada,109.85638643441,94.369949159321,0.85162953770865,14–2,14,16,51.6,45.7,47.7,30.6,13.7,18.6,25.5,26,68.4,52.1,45.7,33.8,30.4,12.8,6.6,52.8,53.5,30.9,42.6,69,,,,2024,,,,1.2848207535745,73.3,67
UTSA,104.09370128105,112.28049195748,0.29511914031387,6–10,6,16,49,50.3,34.9,37.4,16.3,14,30.9,30.7,72.2,47.3,49.6,34.2,34.5,11.4,13.7,53.4,51.1,44,34.9,72.1,,,,2024,,,,-7.6109846227724,71.6,71
"Mississippi Valley St.",84.581561108967,119.33042485299,0.018741963539412,0–17,0,17,40.9,58.8,29.7,37.8,25.9,15.6,28.3,37.7,65.5,40.7,60.5,27.6,37.5,4.5,7.4,38.8,58.4,24.5,39.9,65,,,,2024,,,,-10.223345404776,60.2,70.3
"Gardner Webb",98.40512688312,103.38765149319,0.3616949356267,3–12,3,15,45.8,51.8,33.7,44.3,14.1,16.5,24.9,25.3,71,45.6,52.5,30.7,33.7,6,10,46.8,47.6,34.6,34.9,71.7,,,,2024,,,,-8.1001648174588,65.5,72.7
"Norfolk St.",102.91976209621,106.51195277364,0.40262567101369,7–8,7,15,46.9,50.3,44.2,45.3,18.4,21.1,31,34.3,66.6,46.4,51.6,32.1,32.7,8.9,10.4,43.5,63.4,32.8,49.3,66.5,,,,2024,,,,-4.8256514849781,77.3,71.4
Chattanooga,103.34262687641,106.55192259147,0.41297065048479,8–7,8,15,52.6,50.3,29.9,28.8,17.3,15.4,27.3,27.3,69.6,55.2,48.6,33.5,35.1,10.2,11,52.7,49.6,52.2,42.7,68.1,,,,2024,,,,-4.3347524775642,73.7,66.3
"Georgia Southern",99.56312328829,115.0052117463,0.16001259216393,2–15,2,17,49.6,54,24.8,40,19.7,17.5,27.8,36.8,69.4,47.4,53.1,34.6,36.8,10.4,12.5,41.4,55.5,47.3,39.4,69.6,,,,2024,,,,-11.255650907903,70.7,71
"Northern Arizona",94.660342550048,109.36177059036,0.15973357343061,7–10,7,17,48.1,54.7,28.5,39,19.5,18.3,22.1,31.3,69.5,49.1,57.6,31,33.3,8.1,6.9,55,46.3,37.5,38.3,69.1,,,,2024,,,,-5.9729682860427,65.1,73.2
Nebraska,115.42704904637,100.12757052123,0.8368844121573,13–4,13,17,52.8,46.8,34.7,24.3,15.5,16.8,30.6,28.6,69.7,53.8,45.6,34.4,32.3,7.5,9.7,59.8,51.4,45.2,41.8,69.9,,,,2024,,,,1.1174146710376,75.2,71.6
Yale,108.56082349641,101.2229143953,0.69100726996018,9–6,9,15,50.5,50.1,26.3,28.5,14.8,15.7,28.4,25.6,66.8,50.1,48.1,34.3,35.6,10.5,8.1,49.9,54.7,34.8,38.1,67,,,,2024,,,,-2.2610907018999,73.3,74.8
"Tennessee Martin",103.13700717716,110.1837288737,0.31863626094115,6–8,6,14,49.9,50.5,29.8,28.4,15.8,13.6,26.3,27.5,74.7,47,50.6,36.5,33.6,6.9,12.5,44.8,51.3,37.7,42.5,74.9,,,,2024,,,,-5.2661806223955,74.5,70.7
"Morehead St.",103.96278486117,102.51746546352,0.54016276269011,9–5,9,14,52.1,46.9,30.3,36.5,19.5,15,32.7,27.2,67,55.1,47.2,32.2,30.8,12.6,7.9,49.3,44.7,43.8,33.3,67.3,,,,2024,,,,-1.5769335258891,70.7,73.2
Tennessee,115.15909220905,91.453002553811,0.93404967542588,12–4,12,16,51.2,43.9,32.6,37.8,15.8,18.9,33.6,26.9,70.8,51.7,42.5,33.7,30.8,13.4,7.1,62.4,49.6,41.8,38.6,71,,,,2024,,,,2.3368853222186,77,69.9
"Texas St.",97.147962742675,102.34119104415,0.35459862032969,5–10,5,15,46.1,49.3,35,41.3,20.4,17.1,33,30.8,67.7,46.1,51.6,30.8,29.7,9.5,10.2,47.1,50.9,26.4,33.3,67,,,,2024,,,,-5.6740005162674,64.6,70.8
"Jackson St.",101.32874558002,106.6128333103,0.3578775398271,7–9,7,16,46.9,52.8,34.7,39.3,20.2,18.8,33.1,33.9,71.4,45.9,52.4,32.6,35.5,10.6,10.2,51.3,58,34.5,43,71.4,,,,2024,,,,-4.1883351845912,69.1,70.9
Mississippi,114.31168856211,101.37613084342,0.7991593159955,15–1,15,16,53.4,46.4,34.7,27.9,14.7,18.9,28.7,34.7,69.2,50,46.8,40.1,30.5,17.2,6.8,58.3,53.1,32.9,37.6,67.6,,,,2024,,,,2.3698553727488,73.6,71.6
Wyoming,102.93940421192,106.35489099433,0.40724365243181,7–8,7,15,49.6,51.8,40.1,26.6,21.6,17.6,30.6,32,69.5,47.1,54,36.3,32.1,7.8,11.2,46.4,47.3,33.8,37.2,68.7,,,,2024,,,,-3.8133350689268,77.2,77
Minnesota,108.06856346087,100.1960399498,0.7047098801984,12–5,12,17,55,47,33.7,27.6,17.9,17.5,33.3,28.4,69,57.9,46,33.7,33,11.6,8.3,67.8,51.4,39.9,28.5,68.8,,,,2024,,,,-1.6300437694176,67.6,73.1
Illinois,117.56558739782,95.486743816943,0.91622311655183,12–4,12,16,53.5,43.7,33.1,23.4,16.7,13.6,36.2,27.1,70.9,54.8,42.2,34.4,31.4,9.6,8.9,45,42.8,40.3,29.9,71.5,,,,2024,,,,0.95223150809245,73,68.4
UTEP,95.074827369047,99.973797071423,0.35943789551032,6–8,6,14,47.8,51.3,50.6,50.1,22.8,25.7,28.7,31.7,70.3,50,52.5,28.5,32.6,7.7,8.8,50.5,45.3,30.7,33,70.9,,,,2024,,,,-5.5653686517497,67.7,74.8
"Loyola Chicago",100.73312473565,95.358789493483,0.65260828713268,10–6,10,16,52.4,46.5,31.1,32.1,19.3,17.1,23.7,24.1,70.3,52.6,42.5,34.8,35.6,13.7,10.9,62.8,51.2,41.1,36.7,70.5,,,,2024,,,,-2.3430432312345,67.3,69.3
Texas,112.43556463016,97.702891123134,0.83412727275121,12–4,12,16,54.4,46.3,30.4,33.4,18.2,19.3,32.2,29.1,69.5,54.1,44.2,36.6,33.7,13.6,9.3,55.4,45.6,34.4,32.2,69,,,,2024,,,,-0.22164572833763,74.3,67.9
"Maryland Eastern Shore",89.72881115517,110.67436336746,0.082209097854823,2–11,2,13,41,53.9,26.9,35.8,19.1,18.2,28.7,34,68,38.1,55.2,31.2,34.6,6.5,8.7,50.9,52.9,34.1,39,69.1,,,,2024,,,,-8.096378862399,73.8,67.5
"Western Illinois",98.053880596932,103.29712679847,0.35455810118662,8–6,8,14,46.8,47.4,36.7,28.4,21.6,13.9,37.8,27.9,66.5,45.7,48.2,32.9,30.4,14.9,8.4,52.7,41.4,29.4,32,66.2,,,,2024,,,,-2.7872024002404,62.3,67.8
"Fairleigh Dickinson",98.133926010258,114.65012420134,0.14321408371409,6–11,6,17,47.5,53.7,35.8,33.3,18,18.9,27.8,32.7,73.5,47.3,53.7,31.8,35.8,5.6,8.2,54.2,54.4,40.4,43,73.2,,,,2024,,,,-8.5438560638498,71,69.6
Cornell,113.44221150716,107.09228376711,0.65980609696856,11–3,11,14,57.3,52.5,31.1,28.8,18.4,19.5,28.1,31.7,73.3,63.5,53.5,33.6,34.1,5.4,9.6,58.4,51.3,47,43,73.4,,,,2024,,,,-0.3106564567329,72.9,61.8
"Fort Wayne",104.26346420957,105.19004897166,0.47458478842292,11–5,11,16,53.9,50.8,34.5,33,13.9,23.5,21.9,33.3,73.5,52.1,53.5,37.5,30.9,7.6,9.1,45.3,51.8,41.9,37,73.1,,,,2024,,,,-2.560183663741,70,70.7
"West Virginia",104.90429017626,101.53931793858,0.59264889947005,6–10,6,16,46.2,49.3,38.3,23.9,17.3,15.1,28.2,29.9,67.7,46.6,48.2,30.3,33.9,9.6,11,54,49.4,36.5,40.2,69.4,,,,2024,,,,-5.1504526594139,72.8,71.7
"Cleveland St.",105.14815389756,107.9240553915,0.42564045352367,10–8,10,18,48.4,51.9,34.1,38.8,15.5,20.5,35.4,37.7,69.4,45.8,54.4,35.8,31.8,13,7.7,45.7,52.6,32.9,37.2,69.8,,,,2024,,,,-4.427810950817,66,65.3
Queens,99.943322741352,109.7564143005,0.25405657425944,5–11,5,16,48,54.7,29,28.4,17.5,15,27.2,29.9,74.1,48.5,57.7,31.5,32.7,6.7,15.6,48.7,45,43.4,35,74.4,,,,2024,,,,-6.5929378323641,70.3,72.2
"Southern Illinois",110.13407641391,101.55459080782,0.71761727769458,11–5,11,16,54.3,47.2,37.6,33.3,16.4,16.9,26,29.2,65.5,52.8,50.7,37.6,26.4,8.5,10.5,60.5,45.5,40.8,31.2,65,,,,2024,,,,-2.3603174598798,77.2,68.5
"San Diego St.",112.13625139657,94.546194386085,0.87677088393741,12–3,12,15,50.7,46.9,39.5,32.4,15.5,18.1,29.5,28.4,69.2,51.6,49.4,32.7,28.9,9.8,8.2,50.5,48.8,36.7,41,69.1,,,,2024,,,,2.5497540623087,72.1,71.4
"Nebraska Omaha",101.34461847768,107.99074942823,0.32509243914615,6–9,6,15,48.8,51.5,44.6,33.2,15.7,16.9,25.8,28.9,66.7,49.6,53.5,31.3,32.4,7.4,7.4,41.4,49.7,31.9,40.9,67.9,,,,2024,,,,-6.0886396593586,74.6,74.7
"Texas A&M Commerce",93.857505421546,107.71149774194,0.17032807277647,3–10,3,13,45.8,53.3,26.4,40.6,18.4,18.6,23,34.9,69.5,49,54.2,28.1,34.3,12.8,9.9,54.5,50.7,47.5,33.4,68.1,,,,2024,,,,-5.2637679591859,66,73.8
DePaul,99.005302429521,108.10301635245,0.26678829894643,3–13,3,16,49.2,53.5,34.7,30.9,19.4,15.2,22.8,32.2,67.8,47.7,53,34.6,36.2,9.5,9.4,58.6,54,35,36.4,68.6,,,,2024,,,,-7.6047039819412,72.5,72.5
"UT Rio Grande Valley",96.470889036405,109.38636757731,0.19078504192082,4–11,4,15,46.1,51.1,48.3,40.4,20.5,20.4,27.3,35.8,74.3,47.2,52.5,28.8,32,8.7,12.2,50.4,55.4,28.3,31.6,74,,,,2024,,,,-7.9422831236671,69.4,75.3
"Chicago St.",97.390492715998,106.11195132697,0.27164153924483,9–15,9,24,45.5,52.9,38.7,36,20.1,21.8,31.8,34.9,66.7,46.2,55.3,29.6,32.3,7.8,8.5,43.9,50.6,34.7,35.6,66.4,,,,2024,,,,-9.9671921660856,70.1,69.3
"South Dakota",99.600973233157,112.74284973025,0.19383476334922,5–10,5,15,49.8,52,32.4,26.4,19.6,12.8,31.1,29.4,71.3,48.4,50.6,35.2,36.5,4.7,10.3,48.8,51.7,33.1,35.5,71.3,,,,2024,,,,-7.8503923948087,71.3,69.9
"Montana St.",98.18072916191,103.48946505892,0.35306618756507,6–8,6,14,51.5,52.2,30.3,40,17.5,18.4,18.8,28.6,69,53.9,55.8,32.3,30,4.8,7.5,47.8,49.1,44,33.6,68.6,,,,2024,,,,-5.3213322100015,76.4,70.3
"Oklahoma St.",104.93732479123,98.184815579599,0.68241325506072,8–8,8,16,53.6,47.3,28.5,28,19.9,16.8,29.6,25.5,68.4,53.1,47,36.2,32,8,7.2,57.1,40.6,44.2,30.1,68.2,,,,2024,,,,-3.9168331682544,65.5,74.2
Wagner,94.419311964169,106.70910987416,0.1966839011172,6–7,6,13,43.6,49.1,26.6,29.8,15.5,18.8,27.7,31.3,63.1,40.2,51.8,32.4,30.1,6.9,10.7,55.6,60.9,40,40.8,62.9,,,,2024,,,,-4.752464579692,67.8,66.4
"Bethune Cookman",95.586894782787,109.47505250874,0.17363213978967,5–9,5,14,45.8,53.3,35.7,50.7,21.4,22,31.9,33.5,72.8,47.2,51.3,28.3,37.8,7.9,7.3,47.7,60.8,29,37.5,72.3,,,,2024,,,,-6.3169586882996,72.6,72.2
Wofford,107.78055310566,110.62430978898,0.4256821303866,7–7,7,14,52.9,51.8,27.6,35.8,16.1,13.3,27.6,23.9,70,53.2,50.1,35.1,36.4,7.4,9.7,54.1,47.4,44.4,38.1,70.1,,,,2024,,,,-3.4867828308517,62.7,74.4
"Cal Poly",93.236153997278,109.00406431747,0.14223245067253,3–14,3,17,45.1,51.3,31.3,43.3,18.3,17.9,24.8,34.3,66,44.6,50,30.7,36.2,10.4,9.4,41.5,45.5,31.8,31.2,66.4,,,,2024,,,,-11.117842941124,71.1,73.5
Towson,101.25336717068,102.90891985768,0.4535069074678,8–8,8,16,45.7,49.7,37.7,31.2,20.5,17.1,41.6,27.7,62,44.3,50.4,32.2,32.2,12.6,11.7,43.9,46.7,34.8,33.8,61.8,,,,2024,,,,-4.0769345846174,62.6,71.1
"Delaware St.",92.71544888216,104.25609063595,0.2060135513536,7–9,7,16,44.5,53.3,33.5,36.5,21.8,21.6,33.4,27.8,71,45.4,50.5,27.7,38.3,5.8,6.2,46.7,56.2,23.5,40.1,71.2,,,,2024,,,,-6.0756478892288,73.1,69.1
"Prairie View A&M",92.940112335392,106.78435117356,0.16842307691759,4–10,4,14,43,53.1,33.3,50.1,18.2,23,26.6,37.2,73.4,41.6,54.3,31.3,33.7,6.6,11.4,43.4,49.6,25.5,33.7,73.3,,,,2024,,,,-5.6975048323445,72.4,70.9
"Alcorn St.",101.69352239387,116.72948575825,0.16997577378043,1–14,1,15,45.2,58.4,32.2,38.6,17.4,16.8,31.3,34.4,70.6,44.2,59.6,32.2,38.2,5.7,11.5,40.1,66.1,24.8,51.1,70.2,,,,2024,,,,-8.2982747714115,67.1,73.5
Liberty,109.68862585272,102.73429629048,0.67988561982242,8–7,8,15,52.9,49.5,23.8,32.7,14.9,17.5,27.3,27.3,65.4,55.1,50.1,33.6,32.1,4.9,12.7,57.3,42,47.6,32.6,65.2,,,,2024,,,,-3.053376291183,66.8,75.1
"UNC Wilmington",110.87487454336,105.70782475657,0.63386154581054,8–5,8,13,48.5,52.4,36.2,36.7,12.3,16.7,26.1,29.3,67.5,50.4,51.3,30.4,36.1,5.5,10,37.7,46.9,40.2,37.7,68.3,,,,2024,,,,-1.6517160617723,78.4,71.1
Presbyterian,96.966088219911,111.90043861142,0.16146680744311,6–10,6,16,51.3,52,36.8,42.1,17.4,17.6,23.3,25,70,52.2,52.5,33,34.2,8.8,9.9,50.7,46.2,33.6,38.3,69.6,,,,2024,,,,-7.9932537403612,66.6,77.2
Michigan,114.90080400467,102.28639012469,0.79205618478656,7–10,7,17,54.9,50,32.3,29.2,18.2,14.5,32.2,30.1,69.8,53.2,49.5,38.3,33.9,9.2,12,48,43,39.7,33.5,68.7,,,,2024,,,,-4.0084005245175,70.9,72.2
Bellarmine,99.216672583564,109.82175174319,0.23724306031497,1–15,1,16,47.1,53.8,20.5,28.8,16.1,15.4,21.5,32.1,66.3,45.9,55.7,32.8,34.1,4.3,9.5,51.6,53.3,38,43.5,66.2,,,,2024,,,,-10.369956307027,79.8,75
"East Carolina",106.46798973459,107.73885687525,0.46593828087956,8–8,8,16,48.4,50.6,36.9,33.1,16,19.3,35.1,32.6,66.2,50,52.7,30.4,31.9,8.4,9.6,46.1,52.2,36.1,44.2,66,,,,2024,,,,-4.9013681185372,68.8,73.6
Northwestern,112.20749311078,98.667944593569,0.81438839546777,12–4,12,16,53.8,50.8,28.2,37.4,14.4,21,25.8,29.2,65.1,52.8,49.6,37.1,35.2,10.1,8.3,60.4,55.2,36.6,38.8,65.2,,,,2024,,,,1.1997019964393,72.4,74.1
"College of Charleston",109.38349043396,102.66711225277,0.67452729554466,12–4,12,16,50.4,50.2,30.6,27.8,15.8,16.4,32.9,27.6,72.1,52.4,50.7,32.3,32.9,8.5,11.7,54.3,42.9,48.3,37.4,72.9,,,,2024,,,,-0.826092853047,72.9,71.2
"Eastern Illinois",95.346114221321,109.22438875647,0.17325322442748,4–10,4,14,44.5,55.3,24.4,38.5,17.7,20.4,28.4,26.6,67.2,42.3,55.2,33.3,36.9,7.7,12.2,48,60.1,29,40.9,67,,,,2024,,,,-6.3356854393365,72.8,72.6
Buffalo,94.188563873734,113.97439006756,0.10040230119189,1–14,1,15,46,54.7,27.5,27.1,21.8,14.7,33.2,29.9,69.8,51.9,56.6,25.4,34.1,10.6,9,49.2,55.8,42.8,34.7,69.5,,,,2024,,,,-10.763263562355,70.7,70.4
"Northern Kentucky",103.2101039268,107.83575924433,0.37655662127382,7–9,7,16,49.8,51.4,36.6,30,17.7,20.6,29.7,33.4,68.6,52.1,52.4,29.8,33.3,7.7,9.2,50.4,56.6,31,39.5,68.7,,,,2024,,,,-5.3558458460748,68.2,74.8
Valparaiso,95.817224388102,105.07281640535,0.25722766118928,4–12,4,16,44.9,50.6,26.7,30.6,17.4,17.8,27.3,33.1,67.9,45,51.1,29.9,33,9.6,6.8,49.9,54.4,34.7,35,68.5,,,,2024,,,,-8.464019073961,72.6,66.1
Elon,105.65810688283,114.4646378269,0.28482327093944,6–9,6,15,50.6,53.1,32,33.2,17.3,14.4,30.2,31.9,68.6,48.1,54.9,36.1,33.3,8.1,10.3,50.5,47.6,41.7,36.9,69.9,,,,2024,,,,-6.0036241799138,71.3,72.7
"Appalachian St.",104.2204263366,95.997158069446,0.72014477557664,11–4,11,15,51.9,44.7,28.5,23,15.7,16,27.6,27.4,68.2,56,43.9,29.7,30.8,14.8,4.7,50.4,45.4,35.6,36,67.6,,,,2024,,,,-0.88104839331571,67.6,69
"North Alabama",101.96139136971,110.28873638703,0.28846781328553,5–10,5,15,47.6,51.6,32.1,39.7,16.1,16,28.4,27.3,69,46.8,50.3,32.7,36,7.8,9.7,43,54.8,35.8,36.4,69.5,,,,2024,,,,-6.394717185405,75.1,71.6
Oklahoma,112.9778912064,94.195946475199,0.89001286023536,13–3,13,16,55.7,44.4,33.2,28,18.4,18,33.1,25.6,70.1,57.7,46,35,27.6,9.7,10.4,50.8,44.8,38.7,34.8,69,,,,2024,,,,1.4596482733784,75.9,76.2
"St. John's",115.92604620893,95.359345848996,0.90430072853937,12–5,12,17,50.3,46.8,27.8,33.3,16.7,18.4,40.4,31.4,70.3,49.7,46.2,34.3,31.9,12.9,7.4,53,48.7,32,34.7,71.2,,,,2024,,,,1.3726717056331,70.9,71.8
"Long Beach St.",104.33118953708,107.33132614406,0.41920754921387,9–7,9,16,50.3,52,38.4,35.6,18.7,19.4,33.1,31,74.1,51.8,52,31,34.7,11.5,6.1,51,59.5,28.1,45.1,74.6,,,,2024,,,,-3.5395074109039,67.3,67.4
Samford,112.56531580716,102.54395320219,0.74503109835612,13–2,13,15,57.5,49.8,31.7,39.8,19.6,22.7,34.5,31.9,76.5,54.8,48.9,41.1,34.1,11.4,10.3,61,53.9,40.2,38.2,76.2,,,,2024,,,,0.28530294208884,73.4,70.6
"Eastern Washington",109.08189957561,105.30026837823,0.6000694644789,7–7,7,14,55.9,52.6,34.5,39.9,19.6,17.3,25.6,28.5,70.7,53.7,51.9,39,35.7,9,10,62.4,49.5,45.1,39.1,71.1,,,,2024,,,,-2.2809829958925,72.1,72.5
"Kansas St.",107.41539819751,95.146086701313,0.80136314627428,12–4,12,16,50,46.2,36.2,24.9,20.6,18.1,37.5,30,68.1,52,44.8,31.4,32.4,12.3,10.3,57.7,47.2,40.9,38.4,67.8,,,,2024,,,,0.41147036782394,73.5,74.1
Pepperdine,104.28970611192,107.47808513177,0.41427642666026,7–10,7,17,50.2,54.8,30,36.5,17.4,18.4,31.2,24.7,69.2,49,53.7,35.2,38.2,7.6,5.9,50.8,50.9,30.9,30.2,68.7,,,,2024,,,,-5.8174987788109,67.3,72.8
"UC San Diego",109.0811638851,103.1589154731,0.65519366235204,9–6,9,15,52.1,49.8,33.1,29,14.8,18.3,27.8,29.5,66.4,52.2,48.8,34.6,34.4,8.2,11.8,46.1,52.8,41.6,35.7,66.5,,,,2024,,,,-3.2529200588484,74.7,69.4
"Grambling St.",93.774182612877,107.52445705074,0.17171365607553,3–11,3,14,45.9,54.3,30.4,35.3,21.2,18.3,25.5,33.6,66.3,46.8,51.3,29,40.5,6.4,7.6,38.8,65.5,29,32.7,65.8,,,,2024,,,,-6.2203306167488,70.5,71.7
"Texas Southern",92.63675365506,102.81516478551,0.23168177678743,3–11,3,14,42.1,49.3,25.2,41,16.9,16.6,28.9,33.5,69.1,42.1,48.2,28,34,11,10.2,44.9,54.9,36,37.8,68.7,,,,2024,,,,-6.3231543589243,65.9,67.5
Colorado,113.8629617752,97.314474231814,0.8588839042357,12–5,12,17,55.9,49,35.8,29.2,19.2,17.3,33,24.6,70.4,54.8,47.2,39,34.8,5.7,8.4,58.9,41.6,29.6,35.8,70,,,,2024,,,,-0.11295791923958,76.6,73
VMI,88.667625965036,110.69367080886,0.072324035334074,0–14,0,14,47.7,53.1,26.2,32.1,23.5,14,27.9,30.6,73.7,46.8,54.5,33.1,34,6.5,8.2,37.7,49.4,32.9,38.8,74.7,,,,2024,,,,-10.996433805189,65.8,62.6
Auburn,119.79112409923,92.108667376527,0.95355712557237,14–2,14,16,53.2,43.3,39.3,36.4,14.1,19.8,34.1,27.4,71.4,55.1,42.5,33.5,29.7,15.2,6.9,64.9,45,38.7,36,72.1,,,,2024,,,,1.8470181478933,75.5,74.2
"New Orleans",99.909197976377,109.78568674373,0.25273342356863,3–10,3,13,45.3,54.6,40.5,37.7,18.6,19.3,26.4,34.3,72.6,44.3,57.6,32.1,32.9,9.2,10,41.3,57.1,27.6,36.1,73.3,,,,2024,,,,-6.5715258837866,71,67.6
"Idaho St.",102.07258509383,110.69848358633,0.28232689703758,4–11,4,15,51.3,53.9,28.7,32.7,19.8,17.8,30,30.9,64.1,54.2,55.2,30.9,33.6,8.4,6.9,46.9,47.3,37,27,65,,,,2024,,,,-8.1224531867329,69.3,74.8
Columbia,106.33506202632,110.67510872288,0.38697521236375,6–6,6,12,51.2,51.5,30.9,27.6,17.1,16.7,26.8,28.3,71,47.6,53.6,38.3,32.6,6.1,12,62.1,55.8,36.7,44.9,69.6,,,,2024,,,,-3.7623810027927,78.6,74
"Western Carolina",107.71163035873,99.295268209338,0.71821729861143,12–2,12,14,51.9,45.4,26.7,33.7,15.3,12.5,29.2,23.8,67.7,51.1,43.3,35.5,33.9,7,8.2,41.3,35.3,35.5,27.8,69,,,,2024,,,,0.19852913082132,67.7,67
"Eastern Kentucky",103.91961675126,106.47300731979,0.43066245027969,5–9,5,14,47.6,50.7,29.2,30.3,17,14.1,31.8,29.5,71.3,46.2,45.2,33.4,40.2,15.1,6.3,48,51.5,35.9,36.4,69.8,,,,2024,,,,-5.4095072408503,66.9,71.6
Penn,107.54859263114,106.7324086473,0.5218875277218,7–8,7,15,52.5,52.1,28.4,22.7,19.4,14.4,32,27.1,66.4,49.4,52.2,37.8,34.6,7,11.4,54.7,54,42.2,41.1,66.4,,,,2024,,,,-3.6474855877699,64.5,70.5
"South Carolina St.",97.378434548255,113.53731562126,0.14609560901719,2–14,2,16,43.6,56.6,33.6,50.6,20.1,20.8,36.2,33.1,72.9,42.9,57.5,30.5,36.9,9,11.4,53,62.5,27.5,41.5,72.3,,,,2024,,,,-9.9393938738762,68.9,75.6
Idaho,100.43689965745,108.63917243401,0.28848008138783,5–9,5,14,48.7,53.2,28.9,38,16.3,17.7,23.5,29.3,66.8,47.9,51.3,33.1,37.3,10.6,11.4,49.8,53.8,44.1,39.9,67,,,,2024,,,,-6.3959400714681,71.9,70.3
"Stony Brook",102.94354933152,106.45372115696,0.40477934239693,8–8,8,16,48.5,52.4,28.6,24.4,16.6,17.6,27.9,30,67.6,47.5,50.2,33.5,36.9,10,6.8,44.1,58.9,37.7,43.8,68.6,,,,2024,,,,-3.8986819126476,70.6,70.6
Evansville,100.33679591072,103.64682714705,0.40775533220147,9–7,9,16,50.5,52.1,28.7,27.1,16.2,17.7,22.8,25.7,71.3,50.5,51,33.7,35.6,10.8,8.8,54.8,52.7,34.2,42.9,71.1,,,,2024,,,,-3.0129413734419,71.2,71.6
"Saint Peter's",97.222878959874,99.62799992436,0.43020185805913,8–5,8,13,44.9,48.3,39,46.3,20.8,21.1,36,28,65.2,43.7,49.6,31.6,30.9,10.2,12,50.4,52.2,32.8,40.2,64.5,,,,2024,,,,-2.7856757070468,76.4,70.5
Virginia,103.50265628255,92.675805218055,0.78085111385957,11–5,11,16,50.1,45.7,28.2,25.7,13.3,22.1,25.4,29.8,62.2,48.4,45.1,35.8,31,15.7,6.8,63.6,53.6,32.9,40.3,62.1,,,,2024,,,,-0.70636603111774,65.6,71.3
UCF,101.91505285958,91.749314520621,0.7700185244612,10–5,10,15,47.9,45.8,37.2,37.5,18,23.1,35,25.5,70.9,48.1,44.6,31.6,31.9,16.8,8.9,47.4,56.2,36.4,38,71,,,,2024,,,,-1.5657941501064,68.8,72.9
Drexel,104.30927402582,98.418575884295,0.66116791010947,11–6,11,17,50.3,45.2,29.5,26.9,18.1,14,35.8,25.3,65.6,51.3,45.2,32.1,30.2,10.9,7.1,43.2,48.6,31.5,37.2,64.9,,,,2024,,,,-2.9488571832137,72.4,71.3
"Charleston Southern",99.27901973784,113.61421220429,0.17493396066669,3–11,3,14,47.2,52.9,36.5,35.3,18.9,13.4,23.3,31.3,66.8,44.5,53,34.6,35.1,7.5,7.5,45.2,43.4,36.9,29.8,66.6,,,,2024,,,,-7.2422169934382,76.6,71.7
"Northern Iowa",109.55374712586,101.64572863488,0.70299486096517,8–8,8,16,53.1,52.5,33.4,33.9,16.3,17,23.8,21.9,68.2,53.3,51.4,35.3,36.1,5.1,10.6,47.2,42.9,37.8,40.4,67.6,,,,2024,,,,-3.2272255418082,73.6,76.5
"South Carolina",111.04251994479,98.441291304333,0.79982608478288,14–2,14,16,50.9,46.9,32.1,31.2,16.4,16.9,34.8,26.6,65.1,51.2,45.1,33.6,33.8,8.5,12.1,57.3,49.3,43.3,33.5,65.2,,,,2024,,,,1.9890407671784,74.5,70.7
Lamar,104.10623083072,112.10144380483,0.29924149851256,7–8,7,15,51.2,51.7,32.6,43.3,18.7,19.8,33.1,32,72.3,48.2,49.7,37.5,36.2,10.5,8.6,57.6,62,36.4,43.5,71.5,,,,2024,,,,-5.3965868155206,72.5,71.5
Kentucky,119.23022543503,99.413705226122,0.88995803732104,12–3,12,15,57,48.1,30.1,31.7,12.8,17.7,28.2,28.5,74.7,55.3,49,39.8,31.3,15.1,8,55.8,51.3,38.7,43,74.2,,,,2024,,,,1.1366385910997,73.8,68.6
Lafayette,90.945188986762,101.31474975014,0.22413804284666,4–12,4,16,44.6,48.3,23.8,30.5,19.2,17.7,23.8,30.1,67.4,46.9,46,27.5,34.6,13.2,7.1,57.5,52.2,40.9,38.4,68,,,,2024,,,,-8.7917959560996,68.1,73.4
"North Carolina Central",98.538799249911,107.00381755479,0.27933500107145,6–7,6,13,46.2,49.2,39.7,37.7,17,18.4,28.6,35.2,66.4,48.7,53.4,28,28.6,8,12.2,42.9,59.6,37.5,40.1,68,,,,2024,,,,-4.0991349837386,69.3,72.9
Wisconsin,119.0681102906,96.811663970932,0.9152641797423,13–3,13,16,53,51.2,36.6,30.5,14.9,18.4,31.6,22.5,65.7,53.5,50.5,34.6,34.9,4.5,9.6,46.6,44.9,34.1,37.5,66.1,,,,2024,,,,3.3262225734997,76.3,68.3
Alabama,127.04782711972,97.315837578353,0.95546494297808,11–5,11,16,58.3,48,38.3,35.1,16.4,16.9,34.9,28.3,72.6,57.8,48.8,39.2,31.1,11,11.4,51.1,43.9,48.2,37.5,73.1,,,,2024,,,,1.2363434419393,77.7,71.1
"Tennessee Tech",96.479835825017,110.97893105571,0.1665784885806,4–11,4,15,49,52.6,34.1,25.7,17.5,15.2,16.9,28.8,68.4,50,53.5,31.3,34.2,6.5,10.5,42.7,54.1,34.6,40.4,67.4,,,,2024,,,,-8.351866108301,72.9,76.1
NJIT,96.635752459988,110.96194404328,0.16942006894081,3–11,3,14,45.6,51.3,32.3,42.7,18.2,17,28.1,37.2,69.1,44.9,48.8,31.1,37.3,9.5,11.6,44.9,53.8,39.9,34.9,69.4,,,,2024,,,,-7.9868268211632,70.3,68.4
IUPUI,93.18320144778,116.37644819996,0.072023013237218,2–14,2,16,46.6,57.5,30.8,33,21.2,17.9,30.1,35.1,67.6,49,58.5,26.7,37.1,5.7,7.5,40.2,57,26.8,37,67.6,,,,2024,,,,-11.149249997776,73.1,71.6
"Alabama A&M",93.757181233566,115.02438907321,0.086985278357162,3–15,3,18,45.3,53.6,45.3,46.6,22.7,18.7,31.6,35.5,72.6,46.1,51,28.8,38.4,11.2,8.4,43.2,57.5,27.1,40.1,71.6,,,,2024,,,,-11.317607952928,71.4,73.5
"Cal Baptist",101.04517176961,101.69211944949,0.48165955174588,8–7,8,15,46.8,47.5,38.3,30.3,17.4,17.2,34.1,25.5,66,47.2,47.5,30.8,31.8,6.7,8.8,42.9,44.6,35.8,26.2,66.2,,,,2024,,,,-4.8117490429764,66.6,70.9
Dartmouth,88.893475190944,104.3504069053,0.13662235991885,2–11,2,13,45.4,52.5,26.6,25.8,19.2,14,19.1,23.4,66.4,49.2,51.6,27.2,36,8.6,10,49.6,46.1,45.1,38.6,66.7,,,,2024,,,,-8.0750632031884,67.4,69.7
"La Salle",106.11645259224,109.95500234685,0.39923771942726,9–8,9,17,49.1,51.3,27.3,31.5,14.2,16.9,26.8,33.4,67.3,48.3,49.7,33.5,36.3,7.5,9.6,53.7,54.5,41.2,32.7,68,,,,2024,,,,-4.2119060942934,72.8,69.4
Tulsa,98.525693792676,98.570735340371,0.4986859817367,8–7,8,15,49.3,47.2,42.4,32.2,19.6,21,28.1,31.8,72.2,50.3,48.7,31.9,29.8,7.7,7.9,48.2,49.3,41.5,37.3,71.5,,,,2024,,,,-4.8265137385412,72.9,67.6
Kansas,112.67169946329,93.39656900921,0.89638353725992,13–2,13,15,55.2,45.6,32.5,24.2,17.1,17,28.6,25.9,70.5,55.1,44.3,36.8,31.9,12.1,8.1,70.8,47.1,30.5,38.8,69.8,,,,2024,,,,3.0263290319364,74.6,69.3
"St. Thomas",106.81786289748,101.54562727138,0.64154928187818,10–6,10,16,53.4,49.3,29.2,31.5,15.9,19.1,25.9,28.9,63.1,53.6,49.5,35.5,32.6,6.8,8.5,54.5,49.4,48.3,37,64.1,,,,2024,,,,-3.4501466567703,73,72.3
"Grand Canyon",110.21965802601,100.31623871884,0.74700428096527,15–1,15,16,53.7,46.5,44.7,32,18.1,19.3,36.2,27.9,69.2,55.5,45.9,33.5,31.9,13.8,5.9,42.6,48.2,34.4,33,69.2,,,,2024,,,,1.6007696170066,74.7,70.2
"Michigan St.",116.38406644574,93.740383964855,0.92331153092879,10–7,10,17,53.8,45.4,31.4,30.2,15.7,18.1,31.3,28.3,67.9,53.5,45.4,36.3,30.3,13.5,6.9,63.6,56.1,32.7,42.2,67,,,,2024,,,,-0.74971870658452,70.1,73.2
"Cal St. Fullerton",97.836357848254,102.84690201051,0.36022905177785,6–9,6,15,45.5,51.3,36.7,35,19.1,18.8,26.1,32.3,67.5,45.8,51.9,30,33.5,7.9,9.5,35.2,53.3,33,39.2,66.7,,,,2024,,,,-4.6223144892801,73.3,68.1
"Southeastern Louisiana",97.996175320931,109.68040759871,0.2149424919546,3–11,3,14,45.8,53.8,32.3,32.1,20.8,16.8,31,31.9,65.4,45,54.2,31.4,35.6,4.6,10.9,58.9,62.8,38.2,44.6,65.1,,,,2024,,,,-6.7087709276606,72.2,75.6
"UC Riverside",100.84744478027,109.65216135776,0.27635813829446,5–11,5,16,45.2,53,25.9,37.6,14.6,15.8,28.5,25.1,66.9,44.8,51.4,30.5,37.4,3.1,10.9,54.2,57,41.7,32.8,67.4,,,,2024,,,,-6.8761891763907,69.4,71
Clemson,118.9156347121,99.399802852843,0.88710827129133,12–4,12,16,55.8,49.4,26.2,30.3,14.8,13.7,29.2,25,68.8,56,47.8,37,34.4,13.8,6.5,53.9,46.9,39.7,41,68.1,,,,2024,,,,1.8612438354596,76.6,72.4
"Central Connecticut",100.2830657655,105.73219023509,0.35240275228553,7–7,7,14,49.9,51.4,29.8,29.3,17,19.2,26.3,29,68.9,50.6,51.5,32.2,34.2,12.6,8.3,53.7,56.6,31.8,33.9,69.1,,,,2024,,,,-4.5984314300502,71.1,67.2
"Coastal Carolina",100.57649548498,111.3270820241,0.23724009699695,3–11,3,14,50.1,48.4,32.1,28.5,19.2,13.2,33.1,33.9,71,51.3,48.2,31.7,32.3,11.1,9.4,45.5,56.3,32.7,48.6,70.1,,,,2024,,,,-9.1172957830837,63.7,72.5
"North Carolina A&T",101.54949848531,119.02704648008,0.13868554061364,4–13,4,17,46.3,56.9,33.7,29.8,13.6,16.7,23.4,35.8,69.5,47,56.8,30.2,38,8.8,11.7,47.3,51.9,38.3,35,70.5,,,,2024,,,,-9.4024435172106,71.3,70.2
Washington,112.78607785892,100.28670227404,0.79425838059084,10–7,10,17,52.7,48.7,35.9,34.9,17,16.8,30.4,30.2,72,52.9,49.1,34.9,31.9,11.3,7.9,52.4,50.4,34.9,34.7,72.2,,,,2024,,,,-1.3962466120777,71.2,66.7
"Colorado St.",117.26245728598,97.883832145219,0.88867546774124,11–3,11,14,58,50.2,33,28.8,15.1,18.1,23.3,27.4,68.7,60.2,49.9,36.1,33.9,8.1,7.7,64,45.9,37.4,35.8,68.1,,,,2024,,,,1.9408165062383,75.9,73
"Indiana St.",117.21520287289,98.390920806047,0.88217865358433,13–3,13,16,61.1,48.6,36.5,28.3,17.4,17.5,23.1,25.7,72.9,60.2,48.9,41.3,32.1,4.2,12.4,59.1,37.4,49.7,32.6,73.1,,,,2024,,,,1.2590591748496,78.1,75.3
UMBC,101.51817952744,117.86914143413,0.15220930646187,4–13,4,17,52.2,52.2,23,29.9,18.5,14.3,26.6,31,75.6,50.7,53.8,36.5,32.7,7.3,7.7,43.1,45.2,36.1,33.5,75.9,,,,2024,,,,-10.413417467144,69.2,72.7
"Louisiana Monroe",93.628600281515,108.100868934,0.1607198226039,2–11,2,13,41.2,51.5,34.8,42.9,20,17.1,34.8,29,67.4,44.1,50.9,23.2,34.8,8.4,12,54.9,60.6,31.8,44.2,67.5,,,,2024,,,,-7.9966429179387,63.3,71.1
"The Citadel",101.20265942352,106.71272468751,0.35213293149741,5–9,5,14,50.4,50.8,31.7,19.2,17.3,14.4,28.5,25.4,65.7,49.3,51.5,35,33.1,8.2,12.4,42.9,54.4,34.4,38.9,65.5,,,,2024,,,,-6.4389638673555,72.7,74.5
Hofstra,106.70928723597,101.00181754492,0.65297711508369,7–9,7,16,54,50.6,20.8,29.5,16.1,17.7,22.7,30.6,67.8,55,48.8,35.2,35.4,10.9,8.2,54.7,54.4,47.3,42.8,67.8,,,,2024,,,,-4.692981461282,75.6,74.1
"UMass Lowell",103.65029702873,101.40454028055,0.56264548872143,9–4,9,13,49.4,46,36,26.2,19.4,16,33.5,26.4,71.2,51.3,48.8,29.8,27.1,10.4,8.6,42.8,42.2,28.5,34.6,70.5,,,,2024,,,,-1.8385616817223,73.2,70.8
"South Alabama",102.94889634052,107.70838341451,0.3729132317086,7–7,7,14,49.6,52,28.6,33.9,15.7,15.8,24,29.5,69.3,51.1,54.3,31.3,32.1,6.3,10.8,39.3,47.7,36.1,36.7,68.9,,,,2024,,,,-3.9489206298527,72.8,67.7
Butler,114.41946506456,99.261500351115,0.83675844886598,10–6,10,16,52.7,48.5,29.6,22.7,15.3,16.8,28.8,31.2,69.5,52.9,50,34.9,30.8,9.2,11.3,50.9,45.8,36.4,40,69.7,,,,2024,,,,-0.088424312941569,78.6,69.4
"SIU Edwardsville",102.16659910159,109.32030879666,0.31468857428507,7–8,7,15,47.7,50.3,37.2,34.4,15.6,15.7,28.8,31.5,64.8,45.8,49.3,34,34.6,11.5,9.8,42.6,55.7,36,38.9,65.7,,,,2024,,,,-5.1028806103318,71.7,72.7
"Northern Colorado",107.83630589042,111.26143693217,0.41105984106152,7–7,7,14,54.7,55.1,29.9,30.5,16.1,16.8,22.8,24.8,72.5,55.9,52.4,35.2,39.5,5.4,7.8,48.6,47.9,37.8,40.1,72.8,,,,2024,,,,-4.3392726641763,71.4,76.9
Iowa,115.90590546551,101.48342125592,0.82173656361383,11–6,11,17,53.6,50.4,31.6,29,13.4,18,29.3,28.8,75.3,54.1,51.4,34.9,32.4,9.4,8.4,62.3,49.4,31.2,36.1,75.4,,,,2024,,,,-0.17464481747525,75.4,70.5
"Florida A&M",92.716943382196,111.21112317087,0.10991491537641,1–11,1,12,45.2,57,23.6,42.7,21.1,16.2,24.3,32.6,69.6,42.2,56.8,35,38.2,7.8,9.7,53.8,54.6,29.2,42.3,68.7,,,,2024,,,,-5.9740172085102,65.4,66.2
TCU,116.12415719688,97.934233977819,0.87644454285706,13–3,13,16,53.9,47.6,36.4,32.4,16.7,22.2,35.8,27.6,73,55.2,48.8,33.9,30.3,10.8,7.6,61.8,54.2,29.2,34.2,72.9,,,,2024,,,,1.180867639838,73.4,67.7
"Middle Tennessee",92.138852454405,99.76793353159,0.28601322836575,4–11,4,15,44.1,49.2,30.6,27,20.9,17.1,29.7,30.8,64.1,47,49.8,26.4,31.8,11.6,10.4,40.1,41.6,39.4,30.5,64.2,,,,2024,,,,-8.3919954028966,64.4,71.9
Oregon,113.86732065305,100.31587386514,0.81109863370462,13–3,13,16,54.1,50.5,35.8,34.9,15,18.9,29,26.7,69.9,53.4,50.5,36.7,33.7,9.5,8.4,50,45.5,37.3,35.4,69.3,,,,2024,,,,1.1343712866099,68.8,69.3
Harvard,103.77465274742,105.85805165443,0.44310027289838,8–6,8,14,51.1,49.6,36.9,25.4,16.7,15.4,25.7,32.9,68.3,50.2,51.3,35,31.4,10.2,11.8,52,48.3,38.6,39.7,69.3,,,,2024,,,,-2.9650017218321,70.3,63
Florida,116.85942264779,99.050476105108,0.87005377875692,11–5,11,16,52.4,47.6,38.6,32.8,17.6,15.2,41,27.2,74.1,53.7,46.1,33.2,33.8,11.9,9.6,51.7,41.3,34.6,31.5,74.7,,,,2024,,,,-0.42458349498537,65.9,69.2
"Saint Joseph's",110.31692582068,98.211459324542,0.79194613162085,11–6,11,17,53.8,45.8,28.7,32.4,16,17.9,30.7,30.1,69,53.1,45.6,36.3,30.6,11.4,11.9,58.2,56.8,49.6,47.5,69.4,,,,2024,,,,-2.6262695194104,74,66
"Saint Mary's",110.90474708827,91.216662542379,0.90443400824865,12–6,12,18,50,45.1,26.4,36.5,17.4,18.4,40.4,23.9,63.9,52.1,42.9,31.1,33.7,12.1,7.3,58.5,48,37.4,28.7,63.8,,,,2024,,,,-1.0098037441949,67.1,68.8
"Texas A&M Corpus Chris",98.769345988413,105.58638516099,0.31701265772004,6–7,6,13,44.6,50.8,33.3,54.5,18.1,20.5,34.4,24.3,70.9,46,52.7,27.6,31.9,8.1,12.1,49.8,55.4,30.2,38.9,69.9,,,,2024,,,,-3.9406685135655,71.3,73.1
"Ohio St.",115.3751156597,97.8203455026,0.869681459798,12–5,12,17,51,47.3,32.3,26.9,16.1,16.8,35.6,28,67.2,50.1,46.4,35.1,32.7,11.5,7,52.5,42,37.5,34.1,67.1,,,,2024,,,,-0.56307693811298,74.7,67
"Florida St.",106.71759687937,97.495387974669,0.73873062594734,10–6,10,16,49.3,50.2,37.6,41.4,16.5,21.3,29.8,31.1,72.8,48.7,49.5,33.6,34.1,12.4,6.2,48.5,46.9,32.6,40.2,72,,,,2024,,,,-1.3288778625222,69.5,65.8
"Seton Hall",111.91069264804,101.16262039406,0.76154636608915,12–5,12,17,51.4,48.6,31.7,28.2,19.7,19,38.1,30.8,67.3,52.7,46.6,32.3,34.2,13.4,10.3,48.1,57.4,29.8,41.6,67.2,,,,2024,,,,0.58254335633861,76.6,77.6
"North Carolina",116.6363672112,92.719061380504,0.93333605281799,13–3,13,16,51.5,45,39.8,27,14.3,16.6,33.1,26,72.5,50.8,46,35.3,28.8,11.7,10.4,49.3,42.6,34.9,38.1,72.4,,,,2024,,,,2.9859713664356,76,74.4
"Houston Christian",90.249977537173,108.35470339843,0.10885328970465,1–12,1,13,43.9,52,34.2,29,23,14.6,28.4,34.4,74.6,47.1,55.3,23.1,31.1,7.6,12.8,41.1,58.3,25.4,37.5,74.3,,,,2024,,,,-7.5424994934573,60.4,69.9
Lehigh,96.167317199986,106.58461334689,0.23455443801352,2–11,2,13,48.6,54.3,29.7,34.6,17.1,18.2,22,24.2,73.1,49.4,51.9,31.5,39.1,5.8,7.4,48.4,45.4,36.9,36.7,73,,,,2024,,,,-7.7639934029694,70.6,72.2
Navy,94.759097778494,106.69448754399,0.20354819515609,5–9,5,14,44.1,49.9,32.4,38.5,15.8,22.1,29.8,29.4,67.8,44.5,54.4,28.9,29.4,5,13.7,50.9,53.2,33.9,44.1,67.7,,,,2024,,,,-7.2147153225548,72.7,70.8
"Santa Clara",105.65042247379,101.62378390132,0.60989446485885,11–7,11,18,52.3,47.6,30.3,30,19.3,15.1,31,28.9,70,52,47.5,35.1,31.8,7.3,6.2,51.9,48.8,36.8,38.4,70.7,,,,2024,,,,-1.602264491544,69.9,69.6
"Loyola Marymount",105.10537858724,105.00265598774,0.50281116698664,7–9,7,16,49.8,46.9,35.4,30,17.3,13.7,30.9,26.9,67.3,48.7,47.2,34.3,30.8,6.9,10.6,46.6,50,40.8,27.8,67.3,,,,2024,,,,-5.8080137448782,73.2,76.4
Delaware,106.73515220045,102.71115850023,0.60872181385131,9–7,9,16,51.9,49.9,30.8,28.3,15.7,17.1,27.8,27,68.8,53,50.6,33.3,32.6,7.1,10.9,53,48.9,36,38.5,69.3,,,,2024,,,,-3.9811550789914,71.7,71.4
"Miami OH",102.41472916981,107.74298543953,0.35818327885575,6–8,6,14,53.9,50.7,33,32.6,17.6,18.2,20.9,32.6,68.2,51.5,54.3,38.3,28.9,5.2,11.5,59.4,45.3,41.2,33.2,68.8,,,,2024,,,,-5.1613050386889,71.9,72.8
"New Mexico",110.0750166973,94.026773459607,0.85962745532034,13–3,13,16,51.4,47.3,36.9,36.7,14.8,21.8,32.6,25.3,74.1,51.6,47.1,33.8,31.7,12.2,8.8,51.8,54.1,27.6,36.3,74.7,,,,2024,,,,0.83049808837802,68.4,73.1
"Coppin St.",80.854772638415,104.51157068304,0.049670550262785,2–14,2,16,40.7,50.2,27.3,33.1,23.8,21.8,25.9,38.1,67.4,42.1,50.4,25.1,33.2,8.6,8.7,40.6,61.4,31.2,40,67.7,,,,2024,,,,-10.88640789786,69.2,74.1
Temple,100.32870395875,104.00783110398,0.39791381962518,7–9,7,16,44,51,32.9,28.9,14.6,18.8,29.2,29.5,68.9,43.6,50.5,29.6,34.6,6.4,9.5,45.2,53.9,45.2,37.5,69.5,,,,2024,,,,-5.4019244058015,73.6,73.2
Monmouth,101.82282645973,102.9516554113,0.46834492880276,9–8,9,17,49.5,49.9,30.2,32.4,17.6,19,29,32.6,68.9,45.5,51.2,37.8,32.3,11.5,10.2,50.5,57.5,35.8,45.7,69.2,,,,2024,,,,-3.7169618452997,70.4,71.2
Southern,100.44533563912,101.75771596678,0.46274878208444,6–8,6,14,48.6,53.4,30.8,42.8,18,21.9,24.3,34.6,71.5,49.4,57.7,31.5,31.2,7.9,10.8,51.7,60.9,38.8,39.4,70.4,,,,2024,,,,-2.7130537186278,64.6,67.7
"Southern Miss",99.200247476336,107.60080871767,0.28195028864553,7–8,7,15,47.5,52.1,38.3,33.7,17.6,18.8,30,33.3,69.5,46.1,50.7,33.6,36.3,13.3,8.4,49.9,52.6,32.4,38.2,69.5,,,,2024,,,,-5.2153672838885,70.7,66.9
California,109.81680242974,105.3558594019,0.61701619314299,6–11,6,17,50.5,52.2,30.5,33.5,17.5,15.1,31.7,25.5,69.4,49.9,50.7,34.2,36.6,7.2,9.3,46.1,44.7,43,36.9,69.1,,,,2024,,,,-5.7561243447589,72.3,73.7
"Georgia St.",104.61989417928,107.38389808846,0.42558682423246,7–7,7,14,49.3,50.5,29.8,38.8,14.5,14.4,30.4,27.4,70.7,50.6,54.2,31.3,29.6,6.5,9.6,42.2,49.1,34.5,37.9,69.5,,,,2024,,,,-4.301460229823,75.5,69.9
"Miami FL",116.14213033883,99.93825253349,0.84915835279825,12–4,12,16,57,48.9,26.9,19,17.5,18.2,29.5,27.7,72.4,54.5,53.4,40.7,29,9.9,8.6,52.7,53.9,37.9,45.2,71.8,,,,2024,,,,0.36424796341899,78.7,75.5
Georgia,106.92396911741,96.72069257731,0.76012089552972,12–4,12,16,50.1,45.7,41.6,27.5,15.9,17,26.8,30.3,71.2,47.7,46.5,35.6,29.6,8.4,11.8,51.8,52.2,41.8,37.6,70.7,,,,2024,,,,-0.031876549271073,70.6,72.6
"North Dakota",99.256508423422,110.16107957868,0.23170373815408,6–10,6,16,47.5,52.8,34,32.1,16.8,16,29.7,29.2,68.4,49.8,52.6,29.7,35.4,6.5,6.8,46.1,46.4,44,33.2,68,,,,2024,,,,-7.2771562019532,68.3,75.4
"Louisiana Lafayette",105.38664245756,104.74248303474,0.51761961643057,7–8,7,15,51.7,51.6,27.1,43.4,17,21.5,30,36.3,70,51.4,56,34.8,28.5,10.5,11,45.6,48.6,36.1,32.7,68.4,,,,2024,,,,-4.5970398757645,74,70.8
"Saint Louis",109.62817187543,112.33968055207,0.43021433328106,7–8,7,15,50.8,53,38.1,33.6,17.4,14.4,26.2,29.6,68.7,47.3,54.4,37.9,34,7.5,10.4,48.6,48.7,37,41.3,69.6,,,,2024,,,,-4.3455287493502,73.1,72.2
"Arizona St.",101.13216980097,94.865214521973,0.67604797559087,10–6,10,16,47.8,48.6,37.5,24.3,15.4,19.8,20.2,30.4,71.8,48.8,49.3,30.8,31.8,11.8,6.1,50.1,55.1,38.1,39.5,71.1,,,,2024,,,,-0.2231498251234,63.5,68.2
Iona,102.18030170779,104.66166986441,0.43145151563018,7–9,7,16,49.8,51.9,31.1,43.3,16,22.3,29.1,30.9,68.7,48.2,51.2,34.9,35.2,10.4,10.8,53.3,56,38.3,41.8,68.7,,,,2024,,,,-6.0349835734529,64.8,71.8
Stetson,108.9907091304,112.86796740368,0.40083317692464,8–8,8,16,52.5,51.8,27.1,30.3,17.6,14.4,27.6,34.1,66.2,50.5,52.9,36.7,33.4,6.8,9.9,54,53.8,44.2,38,66.4,,,,2024,,,,-3.7823459778534,81.1,72.6
Marshall,99.999884778878,103.42979057885,0.4042407650333,8–9,8,17,47.7,50,33.5,29.8,16.9,16.9,30.5,28.7,73.6,47.8,49.5,31.7,33.9,11.6,7.9,58.5,51.4,38.5,36.8,73.5,,,,2024,,,,-5.8769821611745,71,70.8
"Eastern Michigan",99.826115308776,111.21065686841,0.22409527336803,6–8,6,14,49.9,54.2,29.2,32.6,17,15.8,24.2,30.1,66.7,50.5,55.8,32.5,34.5,5.5,6.8,43.8,50.9,31.5,39.7,66.4,,,,2024,,,,-5.2698984315243,70.1,69.7
Niagara,105.78828596641,115.96017825711,0.25811652929649,6–9,6,15,52,54.3,33.6,31.5,16.1,15.2,25.2,26.7,68.6,49.7,54.9,38.2,35.1,4.7,8.1,46.7,43.3,30.5,29.6,69,,,,2024,,,,-7.0065578902182,76.8,69.6
Campbell,94.206987855857,106.71397374487,0.19254395468181,5–9,5,14,48.5,49.6,39.7,25.7,19.1,18.1,23.1,31,65.1,49,52.4,31.9,30.3,7.8,9.8,49.3,48.4,38.2,41.1,65.8,,,,2024,,,,-7.1695336233159,73,70.2
Mercer,99.879561641748,105.0712323285,0.35830129747884,6–8,6,14,49.4,51.6,27.5,41,17.3,19,28.5,29.5,67.7,47.4,50.6,35.7,35.6,8.6,7.5,52.6,47.4,32.3,35.7,67,,,,2024,,,,-5.2728892258354,62.4,70.6
Lindenwood,91.519408788955,108.58250987126,0.12281576331779,4–10,4,14,43.3,52.3,41.5,46,19,18.2,22.3,29.2,69.7,44,54.1,27.8,33,7.4,8.5,31.6,51.9,29.9,39.6,70.4,,,,2024,,,,-7.4125905967878,72.7,71.6
"St. Bonaventure",110.27918191885,100.7520904328,0.73866676052448,10–5,10,15,53.6,49.8,28.5,34.3,16.6,19.3,31.4,26.5,66.3,52.3,52.5,37.2,30.5,11.3,7.9,48.5,56.9,38,39.8,66.6,,,,2024,,,,-1.6002929282067,78.7,68.6
"Oregon St.",103.88034851248,103.17826578656,0.51948697623149,8–7,8,15,50.2,49.7,37.7,36.8,19.8,18.1,27.9,29.9,66.5,50.2,49.7,33.6,33,11.3,8.9,46.6,54.5,33.8,38.5,66.8,,,,2024,,,,-3.1396120322708,75.3,71.4
Lipscomb,106.75240284462,106.91502297269,0.49562384375326,9–7,9,16,54.1,50.6,26.8,22.7,15.9,16.2,24.3,30,71.2,54.2,51.5,36,32.7,8.6,10.1,51.6,43,42.6,36.3,70.7,,,,2024,,,,-3.5092041716156,75.3,70.3
"Kennesaw St.",102.91284240645,106.76038249484,0.39601401875094,9–5,9,14,51.4,50.9,37.5,42.4,16.3,19.9,29.4,32.2,76.9,52.9,51.7,33,33,12.7,13,49.4,47.1,42.9,36.8,77,,,,2024,,,,-2.8093777644398,67.3,71.9
"James Madison",109.76335999352,99.416858982049,0.75741484152095,14–2,14,16,53.1,47.2,31.5,35.2,14.9,21.3,33.2,29.3,72.6,54.7,49.5,33.6,28.2,7.6,7.8,51.8,41.9,37.6,32.3,73.3,,,,2024,,,,0.54002068883437,69.2,69.9
Georgetown,107.51873556731,108.06289642659,0.48549016896233,8–9,8,17,49.5,51.5,37.9,28.8,19.2,17.6,34.5,32.4,67.1,47.9,53.4,34.6,32.1,10.2,10.1,51.5,51.3,41.8,35.4,67.5,,,,2024,,,,-4.2937881674359,71.7,69.9
"USC Upstate",99.556543132354,110.733260646,0.22730657453751,2–11,2,13,47.7,55.2,29.6,46.2,16.8,18.9,25.8,33.1,67.3,45.8,56.8,33.7,35,9.5,9.7,51.9,48.1,40.5,37.5,68.1,,,,2024,,,,-8.1973927039163,65,74.4
"Morgan St.",95.154969505971,115.19051615537,0.09998179312649,1–14,1,15,45.8,54.1,24.9,39.1,20.6,16.6,28.2,37.7,71.4,45.7,55.2,30.9,34.7,6.4,9.9,42.8,49.4,28.4,34,71.9,,,,2024,,,,-10.201110945158,69.3,70.4
"New Hampshire",102.46048913367,105.96868759633,0.40440029775333,8–7,8,15,48.4,49,31.4,28.4,15.7,15.5,23.2,27,74.6,46.2,52.5,34.2,28.6,4.7,13.1,48.5,49.9,42.7,36.4,73.9,,,,2024,,,,-3.3807647191745,73,74.2
"Iowa St.",112.8953175546,87.872676331076,0.94692827371438,13–3,13,16,54.6,45.9,39.7,31.6,15.2,26.6,32.9,24.6,69.8,55.5,42.9,35,32.8,10.6,6.9,61.1,57.8,31.2,46.8,70.5,,,,2024,,,,0.62851005537039,70.6,70.3
Vermont,107.16590334838,103.82911364259,0.58995148190963,11–5,11,16,53.4,48.4,26.4,24.9,13.9,13.4,22,25.9,64.3,53.7,46.1,35.4,35,8.5,8.3,50.5,42.9,44.9,36.1,64.8,,,,2024,,,,-1.9450570987335,69.5,72.2
Purdue,124.98779991627,91.518507074877,0.97299249410922,15–2,15,17,56.8,46.7,40.4,23.4,17,15.3,36.6,24.3,71.1,55.1,47.1,39.8,30.8,11.1,6.3,64.8,56.9,37.3,39.9,69.4,,,,2024,,,,5.1434930987916,72.1,69.8
Drake,112.5657281973,102.13042461044,0.75376536943697,13–3,13,16,54.4,51.5,30.9,32.8,14.1,20.2,26.6,23.5,68.6,57.8,51.8,33.1,34.1,5.6,6.1,56.8,42.2,40.9,40.4,68.5,,,,2024,,,,0.083943826487199,76.7,69.6
"Mississippi St.",111.03103323021,91.821106118094,0.89886048097928,12–4,12,16,51.7,45,39.1,33.1,18.8,19.1,33.8,26.7,69.7,54.1,47.2,32.1,27.7,11.5,7.7,56.1,45,40.4,39.4,69.5,,,,2024,,,,0.79911084855483,71,70.3
"Holy Cross",97.049397529432,117.97916652883,0.095711373377366,3–13,3,16,49,52.9,23.3,30.1,18.2,12.3,24.8,31,65.8,48.7,50.3,33,38,7.4,11.2,45.4,51.3,38.4,39.3,66.2,,,,2024,,,,-10.307674077058,63.7,75.3
Houston,116.10527709514,81.533195669837,0.98312829367678,14–2,14,16,50.4,40.8,31,40.4,14.6,26.6,40.9,28.9,64.4,49.7,40.5,34.4,27.4,20,6.6,50.7,64.8,36.6,40.9,65.3,,,,2024,,,,2.7084018658127,66.9,63.2
Hampton,94.052340097112,112.58419962833,0.11221883988682,1–13,1,14,47.4,53.5,32.2,36.3,20,15.8,27,30.9,72.1,48.2,53.9,30.9,35.1,6.5,7.3,47.6,46.2,39.9,39,72.8,,,,2024,,,,-10.915937147872,70.5,76.8
"Western Michigan",100.1121104546,111.43511743727,0.22578851173664,6–9,6,15,49.9,52.2,35.7,31.5,19.8,15.8,34.3,30.1,68.6,50.1,51.3,33.1,35.6,6.8,6.8,50.3,53.7,37.8,41.6,69.9,,,,2024,,,,-6.0287880447905,61.5,68.6
"New Mexico St.",98.893780962583,106.13061254359,0.30742656918256,3–10,3,13,47.1,51.8,37.6,57.2,21,17,25.9,28.6,69.9,48.3,49.9,29.8,36.1,7.6,6,52,61,34.6,44.1,68.2,,,,2024,,,,-6.2719696621597,73.2,70.1
"Ball St.",102.85534774453,112.49719552364,0.26299612594624,6–8,6,14,52,53,37.9,29.8,19.8,14.4,29,27.3,66.4,50.2,52,36.5,36.6,7.6,8.1,48.8,49.3,39.9,34.5,66.1,,,,2024,,,,-5.7637887567821,77.2,72.6
Milwaukee,108.06621828709,116.16421958984,0.3034340680252,7–8,7,15,50.3,52.5,34.9,33.5,17.8,16.1,37,35.7,69.5,51.5,50.5,32.4,37.2,12.5,13.2,47.5,55.6,41.7,37.7,70.1,,,,2024,,,,-4.8847165870947,72.9,75.2
Portland,100.36333918523,110.50262422292,0.24847052983769,5–11,5,16,50.1,53.8,34.8,27.8,19.2,14.8,25.9,30.8,69.8,52.4,54.2,31.5,35.5,7,6.9,52.8,57.9,43.6,45.9,70.5,,,,2024,,,,-7.2933917809036,69.2,68.7
Albany,101.9740614085,106.87967683325,0.36811085203208,9–7,9,16,49.7,48.5,33.9,36.2,19.1,17.2,34.1,31.2,73.9,50.4,51.2,32.4,27.6,7.6,10.5,47.7,46.5,35.9,27.8,74,,,,2024,,,,-4.3842991941505,70.7,69.8
"Washington St.",110.59469261373,97.083278457401,0.81734824968561,12–5,12,17,52.6,44.8,34.1,34.7,16.1,16,31.6,25.3,67.7,53.7,43.4,33.5,31.7,13.9,6.7,47.3,45.2,32.1,33.2,67,,,,2024,,,,-0.028239754722256,69.6,75.6
"Tarleton St.",101.86450790207,104.82672055619,0.41832603000397,7–6,7,13,46.5,50.7,25.3,35.7,18.6,20,31.9,35.6,65.5,46.6,50.3,30.8,34.2,10.5,10.2,47.6,50.8,29.8,38,66.2,,,,2024,,,,-2.3693454864259,74.7,69.6
"San Francisco",107.08603456688,95.65351200435,0.78555747031009,13–4,13,17,55.6,46.5,23.3,37.5,18.8,21.6,34.6,23.3,67.7,57.9,46.8,34.7,30.7,11.6,5.5,52.2,47.2,40,38.4,67.4,,,,2024,,,,-0.91497671529304,77,69.5
Bucknell,98.293816607196,111.11677506178,0.19621254794844,5–12,5,17,50.3,53.9,29.7,31.4,20.3,16.5,24.8,29.4,65.2,49.9,53.3,33.9,36.4,10.1,11.2,52.4,60.5,44,42.3,66.6,,,,2024,,,,-8.5276945357723,75.5,71.6
Connecticut,123.27133018555,98.514896435553,0.92943686672405,15–2,15,17,58.4,45.1,35.3,37,15.8,16.9,37.5,27.7,67.2,61.8,42.4,35.9,34.2,13.9,8.2,62.4,47.8,42.5,30.6,66.3,,,,2024,,,,3.4235587104676,72.9,71.4
"Southern Indiana",88.781100884017,102.91044819477,0.15467672698184,2–13,2,15,43.8,48,31.5,45.4,21,15.5,27,26,70.7,43.9,46.8,29,33.2,9.3,9.1,52.4,54.4,35.1,37.7,71.1,,,,2024,,,,-9.3207657542138,69.9,74
"Florida Gulf Coast",100.81239958625,111.5584773402,0.237794949084,4–12,4,16,49.4,53.8,31.3,31.9,18.7,15.5,30.8,29.2,65.9,47.3,52.2,35.3,37.4,8.8,7.7,45.5,51.9,36.9,42.6,65,,,,2024,,,,-8.2944941722667,67.7,69.1
"San Jose St.",107.56550971708,105.78932125925,0.54772438377871,7–9,7,16,53.1,50.5,27.3,34.9,14.8,16.5,23.5,30,66.5,53.9,49.5,34.8,35.1,9.5,8.7,49.8,48.7,43.9,32.6,66.9,,,,2024,,,,-5.7578672294208,69.8,70.6
"Utah Valley",96.380234461414,100.99852607994,0.36859361513036,6–9,6,15,45.1,50.8,40.8,37.7,18.1,18.7,26.9,27.1,68.6,49.2,50.5,24.1,34.2,10.5,10.3,56.8,58,31.3,36.2,68.5,,,,2024,,,,-5.2956468474169,70.9,67.8
Missouri,108.06514492198,103.13299355172,0.63116575399485,8–8,8,16,51.9,49.9,26.7,37.2,15.8,20.9,28.4,34.1,69,53.3,50.6,33.3,32.6,16.9,8,50.1,51.5,42.2,40.2,68,,,,2024,,,,-3.4027350055709,76.2,75.7
Cincinnati,109.97848474259,94.106871362711,0.85721116244312,12–4,12,16,51.3,46.8,29,26.6,15.9,16.9,37.7,20,70,50.9,47.2,34.7,30.7,11.3,9.6,55.7,51.8,34.7,37.9,70.2,,,,2024,,,,0.12247772423069,68.1,74.5
"South Dakota St.",108.2485979017,106.31869681537,0.55153544496695,6–9,6,15,54.9,51.9,29.9,31.7,18.5,16.9,25,28.9,69.3,55.7,49.4,35.9,36.6,9.7,11,50.2,52,41.3,46.5,70.7,,,,2024,,,,-5.7431022567422,67.3,72.5
"Boston University",94.684557077835,102.83483220502,0.27896688595584,6–10,6,16,46.2,49.1,29.8,36.3,18.8,16.7,26.4,20.6,67.3,44.9,49,32,32.9,7.7,8.2,51.7,51.7,40.9,42.4,68,,,,2024,,,,-7.9056494384223,66.2,70.6
"Air Force",99.747560296288,104.93533519409,0.35822657573554,7–8,7,15,53.8,50.2,34.2,35.2,19.1,19.4,23.9,28.6,64.8,53.6,48.9,36,35,14,10.5,63.3,51,44.5,36.7,63.7,,,,2024,,,,-5.8540854455172,67.8,70.9
"Texas Tech",114.78839740117,96.908150421269,0.87514734820821,14–2,14,16,53.7,47.8,34.2,23.9,15.7,19,32.4,28.9,66.7,53.7,47.6,35.7,32.1,9.6,11.8,53.5,43.5,40.8,40.5,67.2,,,,2024,,,,1.5866126215721,77.9,66.7
Bradley,109.07366728649,97.150094964824,0.79105773641193,11–5,11,16,54.8,46.5,30,35.9,19.2,19.4,30.5,30.1,67.9,54.3,46.7,36.9,30.8,10,6.1,49.7,46.4,41.4,37.5,68.1,,,,2024,,,,-1.8024255107488,68.2,70
Troy,103.47572045901,101.2770995517,0.56143348556175,8–6,8,14,48.9,49.4,41.8,40,20.3,20.2,35.6,30.6,70.8,45.8,48.5,35.7,34.2,7.9,13.7,54.6,45.5,40.6,33.4,71.9,,,,2024,,,,-3.2629679610591,72.8,68.1
Gonzaga,114.18122120688,96.275279907972,0.87670767776157,10–5,10,15,53.5,46.2,32,27.2,16.3,17.5,35.1,27.5,72,56.3,44.9,31.7,32.4,9,7.6,50.9,49.2,31.7,36.9,71.6,,,,2024,,,,-0.81442434609249,71.2,72.7
"South Florida",103.70259566665,103.47671989014,0.50626857066047,9–5,9,14,49.5,49.2,39.4,37.4,14.9,20.4,27.9,28.3,71.4,49.3,48.8,33.1,33.2,10.1,7.8,56.5,55.1,39.2,38,70.6,,,,2024,,,,-2.9505258782015,72.2,65.9
Stonehill,89.848707646691,111.12753886134,0.079853435079282,1–17,1,18,45.5,52.6,22.4,30.9,19.5,17,21.2,34.1,71.1,45.5,52.5,30.4,35.2,7.1,14.9,47.9,61.2,45.7,46.2,70.3,,,,2024,,,,-12.41315032261,69.9,75.4
"Loyola MD",91.990993188472,109.02006180898,0.12420764166887,2–15,2,17,48.2,53.4,27.7,31.1,21,16.3,26.7,28.5,67.8,48.1,53.5,32.2,35.4,6.6,11.4,55.6,51.4,38.6,37.5,67.5,,,,2024,,,,-11.878011201588,61.5,68
Belmont,107.78130415768,105.02222772601,0.5740073749793,10–6,10,16,54.9,52.8,33.1,26.7,18.2,17.4,21.6,29.3,72.9,54.1,55.6,37.4,32.4,6.9,8.1,52.7,55,38.9,39.9,72.6,,,,2024,,,,-1.6049656156025,72.6,71.5
Siena,90.131481397014,109.58127770397,0.09560286234492,3–13,3,16,44.7,54.1,32.3,28.7,23.6,15.5,35.4,30.3,69.2,47.2,53.8,26.3,36.6,10.3,8.7,47.7,48.5,32.2,34.2,68.7,,,,2024,,,,-10.167529945508,62.6,72.3
"Southern Utah",107.15572849551,114.86082037592,0.31033866665029,3–11,3,14,47.7,55.6,34.9,31.5,15.6,16.9,29.3,32.4,69.7,50.4,57.7,28.8,33.3,4.6,9.4,44.4,45.8,37.6,26.7,70.8,,,,2024,,,,-7.7146277838623,73.4,71.8
Pittsburgh,108.47344577344,96.510494828495,0.79311693418175,10–6,10,16,50.8,46.4,33.5,29.1,14.5,17.8,33.7,24,69.1,50.9,49.2,33.8,28.1,14.3,11.3,54.3,53.6,45.5,39.9,68.1,,,,2024,,,,-2.3311501803786,68.5,76.1
Montana,108.76868971729,104.52255708057,0.61252466297317,8–6,8,14,52.4,51.1,25.4,33.3,14.6,13.8,26.9,25.4,67.5,53.2,50.6,34,34.8,7.3,9.2,50.1,44.2,35.6,31,68.6,,,,2024,,,,-2.2061792000751,78,69.5
"LIU Brooklyn",90.453037141785,110.33462107068,0.092381269875508,3–12,3,15,44.7,52.4,30,39.5,20.6,15.8,20.9,30,72.5,45.8,55.3,28.3,30.9,5.3,10.5,49.6,53.8,33.7,31.6,72.5,,,,2024,,,,-9.1349536639237,70.9,69.7
Massachusetts,111.02541282447,102.34261275644,0.71838795265613,11–5,11,16,51.2,47.8,37.8,41,15.1,20.4,37.2,31,71.3,53.4,46.6,31.1,33.1,9,7.8,56.7,51.6,31.9,39.2,71.3,,,,2024,,,,-2.4382771737243,68.6,71.7
"Mount St. Mary's",101.62804930201,105.98813514,0.38152339407331,6–10,6,16,52.2,48.4,27,37.2,21,19.8,32,30.6,69.5,53.9,48.5,32.6,32.1,10.5,7.6,51.2,49.9,34.4,31.5,70.4,,,,2024,,,,-7.3011275765186,70.6,75.8
Bryant,98.599994461616,98.257591270155,0.50999990829135,9–7,9,16,50,44.5,28.6,36.3,15.7,17.1,18.3,32.7,75.4,49.3,44,33.9,30.4,14.5,9.1,52.4,48,40.8,34.4,75.5,,,,2024,,,,-2.814070906677,64.9,68.1
Syracuse,103.69183601759,95.57214992632,0.71864133537049,10–5,10,15,48.5,49.5,32.8,27.7,17.4,21.1,26.9,32.6,73.7,49.9,51.2,30.5,31.2,13.2,7.7,49.1,51.1,33.5,38,73.2,,,,2024,,,,0.15249115439883,74.4,68.5
"Jacksonville St.",98.474355787881,98.697393720885,0.49349604429633,7–8,7,15,48.4,47.3,31.6,34.9,20.4,18.9,33.6,26.7,65.7,49.2,47.7,31.1,31,12.3,8,41.4,45,30,35.8,64.9,,,,2024,,,,-5.1637127949098,70.2,70.3
"McNeese St.",111.75920682571,102.3780293884,0.73267882000429,11–2,11,13,53.2,48.4,39,28.6,13.6,19.5,30.6,29.3,65.5,48.7,46,42.1,33.9,12.7,9.5,46.3,59.9,31.2,50.1,65.8,,,,2024,,,,0.54089027559138,68.8,74.9
Quinnipiac,101.05732497976,103.36172781558,0.43553861756065,11–4,11,15,48.1,49,34,25.8,17.4,16.4,31.1,26.2,72.5,47.9,48.8,32.3,32.9,9.2,9.3,55.1,54.8,34.3,35.8,72.5,,,,2024,,,,-1.7633767511283,77.6,67.3
"Rhode Island",108.41593972353,105.91764283171,0.56662708301285,8–7,8,15,53.2,49.8,38.6,28.2,19.4,14.1,32.1,30.2,68.5,52.8,48.8,35.9,34.4,8.7,10.9,51,50,32.1,36.9,68.9,,,,2024,,,,-3.4882279510544,62.3,68.3
"High Point",115.34172549669,109.01092362299,0.65682751869392,12–4,12,16,52.6,50.8,45.4,35.1,16.7,13.3,38,22.5,68.8,54,48.8,33.5,36.2,9.3,8.1,40.9,48.1,38.9,35.8,68.9,,,,2024,,,,-1.6971140098781,78.2,73.8
Radford,106.59770167619,106.08001372786,0.51399269458788,9–7,9,16,50.8,49.3,25.8,35.2,16.5,16.3,29.8,33.3,66.1,48.9,51.3,36.1,30.7,9.8,7.7,39.4,45.5,35.9,37.6,65.1,,,,2024,,,,-2.9234175043513,74.3,73.6
"East Tennessee St.",99.726923064868,104.68394280161,0.36404143901789,7–8,7,15,45.4,49.2,33.1,38.1,17.5,18.2,31.9,32.2,69,46.8,49.3,29,32.7,11.9,9.7,44.4,47.7,42.2,36.5,69.8,,,,2024,,,,-4.4294317611295,70.3,70.8
Duquesne,107.78764234406,100.27480176405,0.6965364656768,8–6,8,14,49.9,49.6,34.7,36.2,17.3,20,32.2,30.6,69.4,49.9,48.3,33.3,34.8,11.5,10.4,49.7,50.4,43.1,34.7,69.5,,,,2024,,,,-2.2163902756598,70,70.8
"Virginia Tech",110.45811729688,97.203719164406,0.81305976221204,10–6,10,16,53.4,48.9,36.6,29.2,17.7,18.1,28.1,24.9,68.2,53.6,49.4,35.4,32,7.9,9,59.8,47,41.6,36.2,68.7,,,,2024,,,,-0.64468999571424,78.4,70.8
VCU,107.72590973648,100.91937052304,0.67930610733027,10–7,10,17,52.8,45.6,36.5,36.6,19.4,15.8,30.9,28.2,67,53.7,45.4,34.4,30.7,13.6,6.1,57.6,42.9,43.4,34.3,66.7,,,,2024,,,,-3.3821857073359,76.8,72.5
"North Dakota St.",108.01531559776,113.20456838649,0.36827594342876,5–10,5,15,53.2,54.9,28.9,33,15.8,13.2,24.9,28.2,66.6,50.7,53.2,38.7,39.1,3,11.6,42.7,44.2,34.6,30,67.3,,,,2024,,,,-6.2372617652849,69.4,73.5
"Northwestern St.",95.517877918284,114.56739244878,0.10994797035062,2–13,2,15,46,56.4,33.6,38.5,20.4,18.5,28.1,34.4,70.8,46.3,59.4,30.3,34.1,7.2,12.6,46.4,51.6,39.5,37.6,70,,,,2024,,,,-9.8208213777673,67.1,72.6
Fairfield,102.9170261827,106.02860344255,0.41519338916754,9–7,9,16,52,50.5,28.8,27,17.2,19.7,26.8,32.8,70.7,50.8,51,35.9,32.9,5.4,8.3,51.8,49.4,40.3,33.7,70.8,,,,2024,,,,-4.4431082489191,77.7,70.3
Arkansas,107.49409061838,101.52052967174,0.65870095641617,9–7,9,16,51.3,48.8,45.7,35.4,16.6,15.1,26.6,28.4,72.9,52.3,47.7,32.9,33.8,16.2,6,44,47.6,33.7,35.9,71.3,,,,2024,,,,-1.9416325565787,71.1,70.5
"Cal St. Bakersfield",98.913784136175,110.55509041566,0.21762657533701,3–11,3,14,45.7,53,28.4,42.8,17.5,17.8,33.3,34.4,65.4,45.9,52.3,30.1,36.1,10.8,6.2,39.4,51.7,25.1,38.9,65.5,,,,2024,,,,-7.7166850807198,67.9,71.2
"George Washington",104.9836074466,103.65040732478,0.53667779150718,13–3,13,16,54.2,45.3,38.1,20.8,18.8,15.5,26.2,31.1,72.5,51.8,44.4,38.7,31.1,14.3,10.3,46.9,46.3,39.4,40.1,73.2,,,,2024,,,,-0.78377530385285,73.6,73
"UNC Asheville",106.65778611062,107.01050932398,0.49050904252916,8–8,8,16,50.1,50.2,44.8,36.9,18.5,16.2,30.7,32.8,70.5,47.8,52.8,36.2,30.2,9.6,10.8,56.9,49.8,35.8,34.8,69,,,,2024,,,,-4.1572222134442,75.5,74.2
Dayton,120.28897197181,100.90289575343,0.88298341052027,13–2,13,15,56.9,46.8,37.9,20.4,17.1,16.5,29,32.8,63.5,53.8,46.1,40.3,32,11.6,9.9,61.4,50.4,46.2,36.3,63.9,,,,2024,,,,3.2042180913319,75.4,71
"Stephen F. Austin",99.414603819711,98.212053106153,0.53493196285425,9–6,9,15,50.5,47.7,39.7,51.7,23.2,23.8,35.6,29.7,73.3,50.8,45.5,33.2,34.8,8.7,8.9,46.7,52.1,33.6,33.1,73,,,,2024,,,,-3.6882155480907,71.3,71.5
"Arkansas St.",109.43686808125,109.90543337954,0.48771913733335,7–10,7,17,52.3,50.7,32.9,39.2,17.6,13.6,33.1,30.3,71.2,52.1,51.2,35,33,10.1,12.9,56.3,43.1,46,28.2,69.7,,,,2024,,,,-6.1639035600917,71,74.6
Army,90.929158796423,106.91381250918,0.13443096445382,3–12,3,15,46.7,51.5,25.2,33.7,19.7,17.1,29.4,23.9,64.3,45.6,52.1,32,33.7,10.6,10.7,58.1,51.3,47.6,36.3,64.3,,,,2024,,,,-10.432390442199,58.5,69.4
"Southeast Missouri St.",91.030026694217,114.85658951637,0.064543743517845,2–12,2,14,45.5,54.3,30.1,48.7,19,16.7,24.4,28.7,71.6,45.5,54.2,30.4,36.3,8.1,8.8,48.2,48.8,35.7,29.7,71.4,,,,2024,,,,-9.6325474345737,63.9,69.5
Binghamton,100.9116663319,110.5093633091,0.26021927903825,6–7,6,13,48.2,50.4,36.5,33.4,18.1,13.3,30.2,27.3,70.4,49.7,48,29.6,36.2,12.1,12,54.5,48.9,29.8,38,71,,,,2024,,,,-4.3826644961069,67.1,69.7
"George Mason",106.68896258453,99.174063106545,0.6984596737996,12–5,12,17,52,46.4,35.5,31.6,17.4,15.5,31.6,26.3,66.1,51.5,42.8,35.2,34.6,10.3,10.3,47.1,48.7,37,39.9,65.9,,,,2024,,,,-1.3165670948733,75.2,73.9
"Old Dominion",98.770034500828,107.58548047008,0.27226690551441,3–13,3,16,47.7,53.5,25.2,37.4,14.9,18.2,26.3,31.5,70.9,48.5,51.6,30.7,37.1,10.2,8.8,36.4,56.2,34,44.6,71,,,,2024,,,,-9.5262936704403,65.6,74.1
"Green Bay",101.70397121345,106.48638784135,0.37088212598437,9–8,9,17,53.4,48.2,27.5,33.9,20.9,14.1,27.8,29,63.9,54.1,48.8,35.1,31.5,6.1,16.3,49.9,50.1,47.6,35.2,64.3,,,,2024,,,,-4.6136437321918,73.1,70.2
"UNC Greensboro",104.65454219114,101.49504042141,0.58723133760683,10–5,10,15,52.4,47.5,25,35.1,16.1,17.3,27.4,31.1,67.5,48.9,47.3,37.8,31.9,7.6,11.4,54.7,49.1,44.1,47,66.5,,,,2024,,,,-1.7845177852254,68.2,72.3
"Little Rock",105.66663136105,113.26289799715,0.31037671646497,8–10,8,18,50.7,52.2,36.2,42.7,16.5,18,32.1,32,72.2,51.1,52.1,33.2,34.9,11.2,7.8,51.2,45.7,34.8,36.2,72.6,,,,2024,,,,-8.2829899876646,73.4,74.6
Detroit,88.788964879479,111.81514234725,0.065882884669907,0–18,0,18,43.8,54.9,29.2,31.7,20.6,16.8,26.8,33.9,68,46.8,53.2,25.7,38.6,6,9.1,42.8,55.1,36.9,36.7,68.9,,,,2024,,,,-13.847755563815,71.5,74.8
"Austin Peay",98.384983344043,106.02598969304,0.2973070137464,5–10,5,15,45.8,50.7,24.9,39.1,14.9,18.3,28.7,30.6,65.3,44.9,53.3,31.7,31.1,10.1,8.3,41.9,55.1,35,39,65.7,,,,2024,,,,-6.4681822252599,69.1,69.9
Rutgers,98.175295315888,91.055606665001,0.70386447020225,9–7,9,16,44.1,45.4,36.3,28.7,16.4,22.1,31,31.5,69.4,44.2,43.3,29.2,32.5,15.9,9.2,50.8,53.2,34.2,38,69.2,,,,2024,,,,-1.6063461214775,66.5,68.9
"Nicholls St.",101.74115920322,107.37176859303,0.34990619815814,5–9,5,14,48.7,50.5,34.8,37.7,18.3,16.2,27.7,35.9,68.3,46.1,52.5,34.9,31.3,11.3,13.3,45,51.4,40.7,37.2,68.1,,,,2024,,,,-5.0266774478802,74.1,65.8
"Sacramento St.",97.214751073939,108.9165570917,0.21297497506846,4–11,4,15,48.8,53.8,32.7,34.2,24.8,15,34,26.6,66.4,51.4,53.8,30.4,35.8,8.6,9.8,54.5,50.4,44.7,37.9,67.4,,,,2024,,,,-7.4927018939789,71.5,71.1
"William & Mary",101.93852534068,115.57270699384,0.19098945342835,5–10,5,15,51,53.6,36.3,35.3,16.1,14.7,24.9,26.8,67.5,52.2,52.3,33.1,37.2,4,13,50,44.4,47.8,38.2,67.8,,,,2024,,,,-8.0187368518153,72.1,77.2
Colgate,101.55073506866,104.98022896652,0.40565537245032,8–8,8,16,50.8,51.1,25.2,26.8,18.1,16.2,27.5,24.9,67.2,49.3,51.9,35.5,33.3,7.3,8.4,56.3,54.4,39,39.3,67,,,,2024,,,,-3.9575991081134,68.4,65.3
USC,111.08430369312,99.732604340287,0.77550529940661,8–9,8,17,52.1,50.6,35.7,30.7,18.4,18.7,30.8,29.6,71.2,50.7,48.7,36.1,35.8,12.2,10.1,57.4,58.9,39.3,38.4,71.1,,,,2024,,,,-3.351177926019,71.1,72.4
Merrimack,95.820496904881,98.036164193478,0.434653936106,7–9,7,16,49.1,46.6,34.5,34.6,19.7,22.8,22,36.6,68.6,52.1,45,29.9,33.3,9.2,10.9,49.7,56.3,41.5,31.2,68.2,,,,2024,,,,-5.1218229401823,71.8,73.1
UNLV,113.50728901348,104.28145292829,0.72609422513513,6–7,6,13,52.6,51.1,27.7,29.3,14.6,19.3,26.4,34.4,66.6,53.6,50.6,34,34.8,10.5,9.2,51.1,56.3,37.6,33.4,67.2,,,,2024,,,,-2.8967742579736,73.1,75.7
"Illinois St.",95.27789462628,101.2487371033,0.33203449814786,7–9,7,16,45.8,51.4,36.9,30.5,18.3,17.8,31.2,24.7,67.5,50,50.3,26,35.4,6.7,9.1,48.9,51.9,38.5,37.5,67.2,,,,2024,,,,-5.7481581010434,69,73.1
Manhattan,91.238113855369,107.56954679818,0.13082932535609,3–11,3,14,45.1,52.1,21.1,26.9,19.8,16.6,25,29.4,70.8,45.8,52.8,29.4,33.8,6,12,55.6,58.4,40,32.4,70.7,,,,2024,,,,-7.83062269176,69.8,75.1
Princeton,119.49717693286,104.32690028616,0.82653699321569,12–1,12,13,56.7,49.9,25.5,24.5,13.3,17.5,27.1,27.4,64.7,58.8,49.4,36.4,33.9,4.9,10.6,51.5,49.5,49.7,35.2,65.3,,,,2024,,,,1.8535253807218,78.6,76.8
Utah,117.30436037751,96.832299517534,0.90075127928044,12–5,12,17,54.9,48.2,28.4,24.4,16.1,16.1,28.5,26,71.8,53.7,46.3,37.9,34.2,11.4,7,59.5,54.4,38.1,38.5,72,,,,2024,,,,1.3562074575673,67.4,64
"Louisiana Tech",105.62835298243,97.933223971892,0.7047188897375,9–6,9,15,49.1,46.2,42.9,31.1,19,16.6,33,27.3,66.8,46.7,43.1,35.5,34.3,13.4,10.8,50.1,49.7,36.8,36.5,67.5,,,,2024,,,,-2.2719076027165,69.6,72
"Youngstown St.",105.10425998349,101.96584187912,0.58628332062251,9–5,9,14,50.1,50.1,26.9,31.3,15.3,15.8,30.6,27,70.8,49.6,47.9,33.8,36.1,11.2,8.6,53.9,55.5,42.4,34.7,70.8,,,,2024,,,,-2.367699807952,74.4,67.9
Jacksonville,99.269474198834,113.52307058691,0.1761095067494,6–8,6,14,49,53.1,38,42.6,20.9,17.3,31.3,34.3,69.5,49.6,52,31.8,36.4,8,9.4,41.9,58,32.7,41.8,69.6,,,,2024,,,,-4.5803183223391,70.3,71.3
"Tennessee St.",99.668055508689,108.18104894646,0.28038527867611,5–9,5,14,48,51,35.6,46.5,19.8,19.5,30.7,32.8,70.4,49.4,51.2,30.5,33.8,7.1,12.1,46.5,50.4,38.4,35.3,70,,,,2024,,,,-6.2660983688765,76.4,74.9
Stanford,110.64930474166,101.43445148495,0.73105059630331,9–7,9,16,55.7,50,27.6,24.1,17.5,14.9,23.1,26.6,71.4,54.3,48.2,38.5,35.4,7.6,7.4,62.8,44.1,40.6,36.7,70.4,,,,2024,,,,-2.3899391075342,72.5,68
Longwood,99.409649895688,97.826180788934,0.54603301044486,10–6,10,16,48.6,47,36.2,33.9,18.9,20.4,36.9,25.7,68.4,49.7,47.4,30.5,30.8,7.5,6.6,47.4,46.6,28.1,36.6,68.4,,,,2024,,,,-3.5464002622542,67.1,71.1
"Sacred Heart",99.10790207104,107.5249913719,0.2814233215252,7–10,7,17,49.5,52.3,31.1,33.3,17,21.4,23.9,32.9,71.4,49.6,52.1,32.7,35.1,13.7,8.8,45.6,58.7,32.7,42.5,70.5,,,,2024,,,,-7.0347973237543,71.4,67.2
"Western Kentucky",100.21002189529,97.016718832421,0.59204508370812,10–4,10,14,49.2,47.6,31.6,34,18.3,19.4,29.9,27.4,75.7,48.9,50.4,33.1,28.7,7.7,9.4,42.9,48.2,30.3,37.3,76.3,,,,2024,,,,-1.6803215317245,67.6,68.8
"UT Arlington",105.21572950296,107.419166085,0.44069378606856,6–9,6,15,50.7,51.6,41.3,38,22.5,16.6,31.9,29.5,71.3,50.9,48.1,33.7,38.3,10.5,11.8,62.1,57.3,43.7,37,71.6,,,,2024,,,,-3.9511211591233,70.8,72.8
Fordham,99.814909523883,101.84383640374,0.44240301924567,8–8,8,16,48.7,48.4,39.7,43.6,19,20.7,33.7,29.5,72.2,48.1,46.8,33.1,35,11.9,10.3,53.3,46.1,41,28.8,72,,,,2024,,,,-4.9907545155773,65.9,73.2
"Alabama St.",92.660469743901,101.2538347911,0.26504313041123,6–9,6,15,41.9,50.3,26.4,42.5,16.2,19.8,29.7,29.8,70.5,39.6,51.8,30.5,32.2,10.2,10.6,45.5,56.5,36.8,43.9,68.3,,,,2024,,,,-4.6113321155066,71.5,72.3
"Wichita St.",104.47265151694,101.71021715412,0.57643901092128,7–8,7,15,48.8,48.9,27.6,24.3,17.8,14.7,32.5,27.6,71.6,49.6,49,31.4,32.5,13.3,8.6,42.5,54.1,32.4,42.5,72,,,,2024,,,,-4.4851687915851,66.5,74
Oakland,107.60825515165,103.67145005096,0.60554215734476,11–8,11,19,51.4,52.3,31.4,29.6,16.9,17,29.8,28.1,69.3,52.4,51.2,33.1,35.8,6,7.5,48.2,62.1,38.9,42.1,69.6,,,,2024,,,,-2.5458566623897,71.9,74.2
"Boise St.",108.20545661085,92.741059756681,0.85489681076056,10–4,10,14,50.9,48,34.7,33.7,18,18,29.4,23,67.5,50.4,50.3,34.5,28.9,6,10.9,47.3,45.3,36.7,32.4,69.5,,,,2024,,,,1.1337716447563,72.8,71.1
