"Season","TeamName","Off_1","RankOff_1","Off_2","RankOff_2","Off_3","RankOff_3","Def_1","RankDef_1","Def_2","RankDef_2","Def_3","RankDef_3"
2024,"Abilene Christian",24.6068455134135,14,54.0240518038853,87,21.3691026827012,342,23.1304347826087,28,52.8695652173913,112,24,340
2024,"Air Force",17.7052423343225,233,45.4995054401583,322,36.7952522255193,36,19.9004975124378,119,49.3532338308458,236,30.7462686567164,164
2024,"Akron",18.8953488372093,183,48.8372093023256,238,32.2674418604651,129,16.4383561643836,295,54.1622760800843,74,29.3993677555321,213
2024,"Alabama",20.3331020124913,110,40.9437890353921,357,38.7231089521166,20,20.6429780033841,96,50.4230118443316,207,28.9340101522843,225
2024,"Alabama A&M",26.2861736334405,5,54.6623794212219,75,19.0514469453376,357,24.2,13,43.2,348,32.6,103
2024,"Alabama St.",18.3734939759036,202,48.7951807228916,239,32.8313253012048,111,23.3907524932004,25,44.2429737080689,344,32.3662737987307,106
2024,"Albany",19.4151096669375,154,52.3151909017059,130,28.2696994313566,240,20.6953642384106,90,60.4304635761589,4,18.8741721854305,362
2024,"Alcorn St.",19.3170731707317,159,59.3170731707317,9,21.3658536585366,343,19.5366795366795,139,40.1544401544402,358,40.3088803088803,3
2024,"American",15.1565074135091,332,47.1169686985173,290,37.5617792421746,29,16.1051766639277,303,47.658175842235,279,36.2366474938373,24
2024,"Appalachian St.",15.6419529837251,323,58.5895117540687,16,25.7685352622061,291,15.0657229524773,335,53.3872598584429,94,31.5470171890799,131
2024,"Arizona",17.8889650445511,225,56.2028786840302,54,25.9081562714188,288,15.0434782608696,337,50.7826086956522,186,34.1739130434783,62
2024,"Arizona St.",19.9458483754513,127,50.5415162454874,184,29.5126353790614,210,14.5759717314488,347,52.2968197879859,129,33.1272084805654,90
2024,"Arkansas",24.0637450199203,17,51.3147410358566,167,24.6215139442231,313,20.3703703703704,104,49.9194847020934,219,29.7101449275362,197
2024,"Arkansas Pine Bluff",23.1026785714286,27,37.7232142857143,361,39.1741071428571,16,17.6684881602914,238,52.2768670309654,130,30.0546448087432,188
2024,"Arkansas St.",18.2156133828996,210,43.8661710037175,343,37.9182156133829,28,22.3703703703704,44,56.2962962962963,32,21.3333333333333,356
2024,"Army",13.6263736263736,356,44.1758241758242,339,42.1978021978022,3,18.5110663983903,192,52.5150905432596,122,28.9738430583501,223
2024,"Auburn",21.7843866171004,53,49.6654275092937,210,28.5501858736059,234,23.7868696479543,19,47.9543292102759,273,28.2588011417697,248
2024,"Austin Peay",15.8004158004158,317,53.6382536382536,97,30.5613305613306,179,21.2295869356388,76,50.5283381364073,200,28.2420749279539,249
2024,"BYU",11.6788321167883,362,44.963503649635,330,43.3576642335766,2,17.6237623762376,244,56.8316831683168,23,25.5445544554455,319
2024,"Ball St.",21.9413549039434,46,45.2982810920121,327,32.7603640040445,113,16.9738118331717,272,53.3462657613967,95,29.6799224054316,202
2024,"Baylor",19.2037470725995,169,47.7751756440281,269,33.0210772833724,105,18.7015503875969,185,56.5891472868217,28,24.7093023255814,330
2024,"Bellarmine",14.8221343873518,342,51.3833992094862,164,33.7944664031621,83,16.7487684729064,283,48.7684729064039,252,34.4827586206897,58
2024,"Belmont",17.9549114331723,221,49.4363929146538,220,32.6086956521739,120,15.2931854199683,332,53.5657686212361,90,31.1410459587956,148
2024,"Bethune Cookman",22.0512820512821,44,57.025641025641,38,20.9230769230769,348,25.5454545454545,6,44.7272727272727,338,29.7272727272727,195
2024,"Binghamton",20.2835332606325,113,57.7971646673937,28,21.9193020719738,338,18.75,180,47.9838709677419,271,33.2661290322581,88
2024,"Boise St.",19.8994974874372,129,50.251256281407,195,29.8492462311558,194,19.9780461031833,115,56.6410537870472,26,23.3809001097695,344
2024,"Boston College",16.2141779788839,299,52.790346907994,117,30.9954751131222,164,17.3667205169628,260,49.9192245557351,220,32.7140549273021,99
2024,"Boston University",17.5889328063241,237,47.4308300395257,278,34.9802371541502,59,20.6603773584906,93,45.4716981132075,330,33.6792452830189,71
2024,"Bowling Green",18.7078109932498,189,53.2304725168756,107,28.0617164898746,245,15.5466399197593,326,54.9648946840522,50,29.4884653961886,212
2024,"Bradley",15.75,319,49,233,35.25,55,21.2825278810409,75,49.4423791821561,232,29.275092936803,215
2024,"Brown",18.9213893967093,182,50.091407678245,198,30.9872029250457,165,18.034188034188,216,52.991452991453,109,28.974358974359,222
2024,"Bryant",15.6879194630872,321,49.3288590604027,222,34.9832214765101,58,21.7067108533554,62,50.7042253521127,191,27.5890637945319,269
2024,"Bucknell",18.2315405651778,208,45.3965360072926,325,36.3719234275296,41,17.2779136104319,266,47.2697636511817,290,35.4523227383863,41
2024,"Buffalo",17.4874371859296,245,53.2663316582915,106,29.2462311557789,218,14.8523206751055,341,57.5527426160338,16,27.5949367088608,268
2024,"Butler",18.0892717306186,214,52.3101018010963,131,29.600626468285,206,14.0034364261168,353,53.2646048109966,96,32.7319587628866,98
2024,"Cal Baptist",21.3793103448276,61,50.8374384236453,177,27.7832512315271,251,18.4455958549223,195,60.1036269430052,5,21.4507772020725,355
2024,"Cal Poly",19.7945845004669,135,54.1549953314659,84,26.0504201680672,286,23.673792557403,23,51.1480601741884,174,25.1781472684086,323
2024,"Cal St. Bakersfield",17.4242424242424,248,62.1212121212121,2,20.4545454545455,350,22.3291626564004,45,46.7757459095284,305,30.8950914340712,158
2024,"Cal St. Fullerton",22.7979274611399,33,52.020725388601,144,25.1813471502591,302,18.8486536675952,176,49.9535747446611,218,31.1977715877437,146
2024,"Cal St. Northridge",21.8696397941681,50,59.3481989708405,8,18.7821612349914,359,23.9190432382705,15,42.1343146274149,354,33.9466421343146,67
2024,"California",17.9547228727557,222,46.2138953942233,307,35.8313817330211,46,19.1097467382962,166,49.5778971603991,229,31.3123561013047,139
2024,"Campbell",23.0078563411897,28,48.0359147025814,261,28.956228956229,226,15.3846153846154,330,52.6870389884089,117,31.9283456269758,118
2024,"Canisius",15.7798165137615,318,50.6422018348624,181,33.5779816513761,90,17.5156389633601,252,58.0875781948168,11,24.3967828418231,336
2024,"Central Arkansas",19.5840554592721,146,46.6204506065858,301,33.7954939341421,82,18.3234421364985,203,45.8456973293769,325,35.8308605341246,32
2024,"Central Connecticut",17.533129459735,242,57.0846075433231,37,25.3822629969419,297,16.0732451678535,306,55.5442522889115,45,28.382502543235,244
2024,"Central Michigan",14.8936170212766,337,55.3191489361702,66,29.7872340425532,196,19.2998204667864,159,49.1921005385996,240,31.508078994614,132
2024,"Charleston",18.102766798419,213,43.9525691699605,342,37.9446640316206,27,16.4588528678304,293,52.8678304239401,113,30.6733167082294,168
2024,"Charleston Southern",22.8381374722838,32,45.8980044345898,316,31.2638580931264,156,19.2949907235622,160,56.7717996289425,24,23.9332096474954,341
2024,"Charlotte",18.669314796425,191,54.2204568023833,83,27.1102284011917,263,19.47261663286,146,51.3184584178499,166,29.2089249492901,218
2024,"Chattanooga",17.2839506172839,255,41.4462081128748,356,41.2698412698413,6,15.9459459459459,311,46.4864864864865,312,37.5675675675676,11
2024,"Chicago St.",22.9233741146169,31,50.9980682549903,175,26.0785576303928,285,19.0672963400236,167,54.5454545454545,60,26.3872491145218,302
2024,"Cincinnati",16.1417322834646,302,54.3307086614173,81,29.5275590551181,209,17.4904942965779,254,51.7110266159696,150,30.7984790874525,161
2024,"Clemson",15.2529182879377,329,51.3618677042802,166,33.3852140077821,98,18.1818181818182,207,46.7532467532468,306,35.0649350649351,51
2024,"Cleveland St.",18.8512518409426,184,51.5463917525773,160,29.6023564064801,205,19.6282527881041,134,52.9368029739777,110,27.4349442379182,274
2024,"Coastal Carolina",16.9590643274854,270,57.3099415204678,35,25.7309941520468,292,17.6151761517615,246,42.2764227642276,353,40.1084010840108,5
2024,"Colgate",14.4821264894592,349,50.5957836846929,182,34.9220898258478,60,14.6341463414634,345,52.5745257452575,121,32.7913279132791,96
2024,"Colorado",19.7214076246334,137,55.425219941349,63,24.8533724340176,309,17.8807947019868,226,50.8278145695364,184,31.2913907284768,140
2024,"Colorado St.",17.7578475336323,230,53.4529147982063,101,28.7892376681614,230,17.3116089613035,265,52.7494908350305,116,29.938900203666,192
2024,"Columbia",19.2008879023307,170,47.5027746947836,276,33.2963374028857,99,16.5751920965971,288,47.8594950603732,275,35.5653128430296,38
2024,"Connecticut",18.0594900849858,215,49.8583569405099,203,32.0821529745042,137,22.6211849192101,39,50.4488330341113,204,26.9299820466786,293
2024,"Coppin St.",18.8073394495413,185,57.7981651376147,27,23.394495412844,322,19.6302816901408,133,48.4154929577465,262,31.9542253521127,116
2024,"Cornell",16.522491349481,289,48.961937716263,234,34.5155709342561,66,14.4724556489262,348,49.6732026143791,226,35.8543417366947,31
2024,"Creighton",14.4223693892568,350,46.504782928624,303,39.0728476821192,17,10.4035874439462,362,65.1121076233184,1,24.4843049327354,335
2024,"Dartmouth",16.4674634794157,292,49.667994687915,209,33.8645418326693,79,14.6079484425349,346,51.5574650912997,154,33.8345864661654,69
2024,"Davidson",19.2820512820513,163,47.7948717948718,268,32.9230769230769,107,14.8958333333333,339,49.1666666666667,242,35.9375,28
2024,"Dayton",20.0726612170754,122,40.6902815622162,359,39.2370572207084,15,13.4297520661157,357,54.3388429752066,64,32.2314049586777,111
2024,"DePaul",20.3615604186489,106,50.2378686964795,197,29.4005708848716,214,17.3139158576052,264,52.1035598705502,138,30.5825242718447,173
2024,"Delaware",17.5585284280936,239,53.8461538461538,91,28.5953177257525,233,16.8141592920354,277,51.858407079646,143,31.3274336283186,138
2024,"Delaware St.",21.5867158671587,56,61.2546125461255,5,17.1586715867159,361,19.1201353637902,164,45.8544839255499,324,35.0253807106599,53
2024,"Denver",21.3128729752771,63,46.7178175618073,300,31.9693094629156,140,15.6414762741652,323,55.8875219683656,40,28.4710017574692,241
2024,"Detroit Mercy",19.2342752962625,166,54.5123062898815,77,26.253418413856,283,17.7350427350427,234,50.4273504273504,206,31.8376068376068,123
2024,"Drake",17.8628389154705,228,51.5151515151515,162,30.622009569378,175,18.1403828623519,210,49.0428441203282,245,32.81677301732,94
2024,"Drexel",17.5206611570248,243,57.6859504132231,30,24.7933884297521,310,17.4748398902104,256,51.7840805123513,147,30.7410795974382,165
2024,"Duke",19.2835365853659,162,51.219512195122,169,29.4969512195122,211,15.7994323557237,316,51.844843897824,144,32.3557237464522,108
2024,"Duquesne",19.5525291828794,147,45.7198443579767,321,34.727626459144,62,20.523138832998,101,50.5030181086519,201,28.9738430583501,223
2024,"East Carolina",20.7746478873239,90,52.2887323943662,134,26.9366197183099,267,19.4295900178253,151,46.8805704099822,301,33.6898395721925,70
2024,"East Tennessee St.",20.4061895551257,105,47.3887814313346,280,32.2050290135397,132,21.5341959334566,67,49.9075785582255,221,28.5582255083179,237
2024,"Eastern Illinois",16.6101694915254,287,56.271186440678,50,27.1186440677966,262,20.1980198019802,109,47.1287128712871,294,32.6732673267327,102
2024,"Eastern Kentucky",17.0087976539589,268,51.6129032258064,158,31.3782991202346,150,17.6203451407811,245,46.6848319709355,308,35.6948228882834,36
2024,"Eastern Michigan",17.0347003154574,265,57.4132492113565,33,25.5520504731861,295,17.3507462686567,262,51.3059701492537,168,31.3432835820896,137
2024,"Eastern Washington",18.2159624413146,209,43.1924882629108,346,38.5915492957746,21,21.5613382899628,65,47.2118959107807,292,31.2267657992565,144
2024,"Elon",18.3729433272395,203,45.1553930530165,329,36.4716636197441,40,18.5216652506372,191,53.1860662701784,102,28.2922684791844,246
2024,"Evansville",16.8081494057725,278,54.6689303904924,73,28.5229202037351,235,15.6976744186047,319,47.1760797342193,293,37.1262458471761,14
2024,"FIU",16.77471636953,280,50.4051863857374,189,32.8200972447326,112,19.4636015325671,148,48.5823754789272,258,31.9540229885057,117
2024,"Fairfield",17.6763485477178,236,47.9668049792531,264,34.356846473029,68,15.8526135389889,315,56.3838903170523,29,27.7634961439589,262
2024,"Fairleigh Dickinson",21.1155378486056,74,46.8525896414343,298,32.0318725099602,139,17.7279305354559,235,46.8885672937771,300,35.383502170767,43
2024,"Florida",19.5369030390738,149,53.9797395079595,88,26.4833574529667,275,19.2434210526316,163,53.6184210526316,88,27.1381578947368,288
2024,"Florida A&M",14.6005509641873,347,56.4738292011019,48,28.9256198347107,227,19.8782961460446,121,46.0446247464503,321,34.0770791075051,63
2024,"Florida Atlantic",16.8571428571429,272,51.8571428571429,149,31.2857142857143,154,15.907207953604,312,53.0240265120133,108,31.0687655343828,151
2024,"Florida Gulf Coast",17.6800748362956,235,49.7661365762395,206,32.5537885874649,123,17.005076142132,271,46.1928934010152,319,36.8020304568528,19
2024,"Florida St.",20.9453952730236,86,52.6487367563162,121,26.4058679706601,279,21.3675213675214,73,46.3247863247863,317,32.3076923076923,110
2024,"Fordham",21.1774325429272,69,45.9525756336877,315,32.8699918233851,110,24.7899159663866,11,51.7647058823529,148,23.4453781512605,343
2024,"Fresno St.",15.9491193737769,309,56.1643835616438,55,27.8864970645793,249,14.9171270718232,338,53.5911602209945,89,31.4917127071823,134
2024,"Furman",18.0052956751986,218,46.7784642541924,299,35.216240070609,56,15.3097345132743,331,57.3451327433628,18,27.3451327433628,277
2024,"Gardner Webb",19.4128787878788,155,52.4621212121212,127,28.125,244,23.7024221453287,22,50.3460207612457,209,25.9515570934256,314
2024,"George Mason",20.4379562043796,101,49.6350364963504,213,29.9270072992701,191,20.1062887511072,112,44.2869796279894,343,35.6067316209035,37
2024,"George Washington",20.5614567526555,98,45.9787556904401,312,33.4597875569044,97,14.356846473029,349,50.2904564315353,210,35.3526970954357,45
2024,"Georgetown",21.5044971381848,59,44.1537203597711,340,34.3417825020442,69,16.3430420711974,296,55.9870550161812,37,27.6699029126214,265
2024,"Georgia",22.7272727272727,34,42.8099173553719,351,34.4628099173554,67,17.9304192685103,223,52.0963425512935,140,29.9732381801963,190
2024,"Georgia Southern",15.042735042735,333,42.9059829059829,350,42.0512820512821,4,20.8363903154806,86,47.2487160674982,291,31.9148936170213,121
2024,"Georgia St.",18.5528756957328,195,54.7309833024119,71,26.7161410018553,271,21.1895910780669,78,52.6022304832714,119,26.2081784386617,307
2024,"Georgia Tech",17.3390557939914,250,52.0171673819742,145,30.6437768240343,173,19.3439865433137,154,49.6215306980656,228,31.0344827586207,154
2024,"Gonzaga",17.536704730832,241,59.2169657422512,10,23.2463295269168,323,17.6414189837009,243,50.431447746884,205,31.9271332694151,119
2024,"Grambling St.",18.9448441247002,179,58.7529976019185,14,22.3021582733813,333,18.8770571151985,174,51.5004840271055,158,29.622458857696,207
2024,"Grand Canyon",23.7194641449961,22,51.6942474389283,154,24.5862884160757,315,19.4548872180451,149,53.1954887218045,101,27.3496240601504,276
2024,"Green Bay",15.8407079646018,315,44.6017699115044,333,39.5575221238938,13,19.7916666666667,124,52.6041666666667,118,27.6041666666667,267
2024,"Hampton",19.3146417445483,160,49.2211838006231,227,31.4641744548287,148,20.6776715899218,91,48.8271068635969,250,30.4952215464813,175
2024,"Harvard",20.2783300198807,114,48.1113320079523,256,31.610337972167,147,13.9105058365759,355,53.6964980544747,85,32.3929961089494,105
2024,"Hawaii",20.8015267175573,89,46.5648854961832,302,32.6335877862595,118,19.6,137,60,6,20.4,360
2024,"High Point",25.2486610558531,10,46.9778117827085,294,27.7735271614384,252,20.3190596137699,106,49.2023509655751,239,30.4785894206549,177
2024,"Hofstra",12.7024722932651,361,46.8883205456095,297,40.4092071611253,10,17.7433247200689,233,45.3057708871662,331,36.9509043927649,16
2024,"Holy Cross",13.1578947368421,359,53.2163742690058,108,33.625730994152,89,17.6422764227642,242,47.479674796748,285,34.8780487804878,55
2024,"Houston",17.056856187291,264,51.8394648829431,151,31.1036789297659,160,23.8442822384428,16,44.7688564476886,337,31.3868613138686,136
2024,"Houston Christian",19.0588235294118,177,64.7058823529412,1,16.2352941176471,362,16.3023679417122,297,55.5555555555556,44,28.1420765027322,252
2024,"Howard",21.8480814408771,51,47.141738449491,289,31.0101801096319,162,19.2565055762082,162,50.4089219330855,208,30.3345724907063,182
2024,"IUPUI",19.4690265486726,153,61.9469026548673,3,18.5840707964602,360,17.0463472113119,270,53.2600157109191,97,29.6936370777691,199
2024,"Idaho",17.5661375661376,238,45.2910052910053,328,37.1428571428571,30,20.0584225900682,113,46.34858812074,316,33.5929892891918,73
2024,"Idaho St.",16.2271805273834,298,55.7809330628803,57,27.9918864097363,247,18.4772516248839,193,60.9099350046425,3,20.6128133704735,359
2024,"Illinois",18.4391736801836,197,49.885233358837,201,31.6755929609793,144,15.4772937905468,329,57.2752548656163,20,27.2474513438369,282
2024,"Illinois Chicago",13.5483870967742,357,49.4009216589862,221,37.0506912442396,31,21.1864406779661,79,54.2372881355932,69,24.5762711864407,334
2024,"Illinois St.",21.7514124293785,54,52.5423728813559,125,25.7062146892655,293,17.8378378378378,230,50.2702702702703,211,31.8918918918919,122
2024,"Incarnate Word",23.4580384226491,24,44.0849342770475,341,32.4570273003033,125,21.8051831992851,59,50.5808757819482,196,27.6139410187668,266
2024,"Indiana",21.2025316455696,67,58.3860759493671,20,20.4113924050633,351,17.8426601784266,229,46.3909164639092,315,35.7664233576642,34
2024,"Indiana St.",18.9267585206671,181,40.1740391588107,360,40.8992023205221,8,17.9640718562874,222,55.6030795551754,43,26.4328485885372,299
2024,"Iona",16.8265039232781,277,49.694856146469,207,33.4786399302528,96,23.0633802816901,30,44.1901408450704,345,32.7464788732394,97
2024,"Iowa",18.1756756756757,212,56.8918918918919,41,24.9324324324324,307,16.8564920273349,276,54.2141230068337,73,28.9293849658314,227
2024,"Iowa St.",20.4284621270084,102,55.7000765110941,59,23.8714613618975,318,19.4860813704497,144,40.0428265524625,359,40.4710920770878,2
2024,"Jackson St.",20.353982300885,107,50.9734513274336,176,28.6725663716814,232,20.8895949166005,84,44.7974583002383,336,34.3129467831612,60
2024,"Jacksonville",21.377183967112,62,53.6485097636177,96,24.9743062692703,306,22.262118491921,46,44.3447037701975,341,33.3931777378815,84
2024,"Jacksonville St.",18.6372745490982,192,57.9158316633267,24,23.4468937875751,321,20.6217616580311,97,51.3989637305699,161,27.979274611399,255
2024,"James Madison",17.0133729569094,266,53.3432392273403,103,29.6433878157504,204,20.6531332744925,95,56.3106796116505,31,23.036187113857,347
2024,"Kansas",17.9880647911338,220,56.9479965899403,40,25.0639386189258,304,15.5223880597015,327,50.1492537313433,215,34.3283582089552,59
2024,"Kansas St.",21.0307564422278,81,48.5453034081463,244,30.4239401496259,184,16.6512488436633,286,49.7687326549491,225,33.5800185013876,74
2024,"Kennesaw St.",19.6891191709845,142,47.1502590673575,287,33.160621761658,101,23.050259965338,31,49.3934142114385,235,27.5563258232236,271
2024,"Kent St.",21.2206572769953,66,46.9483568075117,296,31.830985915493,142,18.6440677966102,189,48.0225988700565,269,33.3333333333333,85
2024,"Kentucky",16.2995594713656,296,49.7797356828194,205,33.920704845815,77,18.4210526315789,197,47.3684210526316,287,34.2105263157895,61
2024,"LIU",19.2429022082019,165,54.8895899053628,70,25.8675078864353,290,20.7705192629816,88,57.1189279731993,21,22.1105527638191,353
2024,"LSU",20.966420966421,85,51.2694512694513,168,27.7641277641278,254,19.5143884892086,141,42.9856115107914,349,37.5,12
2024,"La Salle",16.8548387096774,274,48.0645161290323,258,35.0806451612903,57,17.5918686473808,247,53.7920250195465,84,28.6161063330727,235
2024,"Lafayette",15.3926701570681,327,52.565445026178,124,32.0418848167539,138,18.8181818181818,177,47.6363636363636,280,33.5454545454545,76
2024,"Lamar",18.7446988973707,188,48.685326547922,241,32.5699745547074,122,23.0246389124894,32,41.8011894647409,355,35.1741716227698,50
2024,"Le Moyne",17.0859538784067,262,42.9769392033543,349,39.937106918239,12,15.6367041198502,324,48.12734082397,267,36.2359550561798,25
2024,"Lehigh",17.7350427350427,232,52.7777777777778,118,29.4871794871795,212,18.6823992133727,186,49.1642084562439,243,32.1533923303835,113
2024,"Liberty",13.0676552363299,360,47.451343836886,277,39.4810009267841,14,19.8818897637795,120,54.7244094488189,56,25.3937007874016,322
2024,"Lindenwood",25.8465011286682,6,52.8216704288939,116,21.3318284424379,344,23.9693192713327,14,47.5551294343241,282,28.4755512943432,240
2024,"Lipscomb",15.7384987893462,320,48.4261501210654,247,35.8353510895884,45,13.628762541806,356,56.0200668896321,36,30.3511705685619,180
2024,"Little Rock",20.7520891364903,92,52.0891364902507,139,27.1587743732591,261,23.3676975945017,26,48.7972508591065,251,27.8350515463918,257
2024,"Long Beach St.",20.4490777866881,100,58.8612670408982,13,20.6896551724138,349,18.7301587301587,183,44.6031746031746,339,36.6666666666667,21
2024,"Longwood",19.9826238053866,125,58.9052997393571,12,21.1120764552563,347,20.4198473282443,103,50.9541984732824,179,28.6259541984733,234
2024,"Louisiana",16.25,297,53.2142857142857,109,30.5357142857143,182,22.864768683274,36,56.0498220640569,35,21.085409252669,357
2024,"Louisiana Monroe",21.1125158027813,75,57.6485461441214,31,21.2389380530973,345,22.8571428571429,37,42.5396825396825,350,34.6031746031746,57
2024,"Louisiana Tech",23.314606741573,25,46.0674157303371,311,30.6179775280899,176,19.5,143,47.8,277,32.7,100
2024,"Louisville",23.8780694326842,20,51.4817950889077,163,24.6401354784081,311,18.1224489795918,212,52.2448979591837,131,29.6326530612245,205
2024,"Loyola Chicago",16.637323943662,285,49.2957746478873,223,34.0669014084507,75,19.3308550185874,156,46.6542750929368,309,34.0148698884758,66
2024,"Loyola MD",15.0369003690037,334,52.0295202952029,143,32.9335793357934,106,16.5094339622642,291,52.3584905660377,127,31.1320754716981,149
2024,"Loyola Marymount",20.6502636203866,95,45.8699472759227,318,33.4797891036907,95,19.620253164557,135,58.4086799276673,10,21.9710669077758,354
2024,"Maine",16.7141500474834,283,57.9297245963913,23,25.3561253561254,299,18.3503243744208,202,54.6802594995366,58,26.9694161260426,292
2024,"Manhattan",14.0291806958474,352,52.300785634119,133,33.6700336700337,87,16.2337662337662,298,57.3283858998145,19,26.4378478664193,298
2024,"Marist",16.1463939720129,301,52.529601722282,126,31.3240043057051,152,23.1470923603193,27,46.7502850627138,307,30.1026225769669,186
2024,"Marquette",16.0334346504559,306,51.8237082066869,153,32.1428571428571,134,16.1739130434783,302,46.7826086956522,304,37.0434782608696,15
2024,"Marshall",19.9530516431925,126,49.2957746478873,223,30.7511737089202,171,17.4178762414057,258,51.6424751718869,152,30.9396485867074,155
2024,"Maryland",25.2902155887231,8,49.0878938640133,232,25.6218905472637,294,20.5555555555556,99,54.4444444444444,62,25,327
2024,"Maryland Eastern Shore",19.4723618090452,152,49.2462311557789,226,31.2814070351759,155,18.3183183183183,204,51.0510510510511,176,30.6306306306306,170
2024,"Massachusetts",20.1989288446825,118,56.6182096403979,45,23.1828615149197,325,23.513986013986,24,45.2797202797203,332,31.2062937062937,145
2024,"McNeese St.",20.1232032854209,120,50.3080082135524,192,29.5687885010267,208,18.107476635514,213,38.785046728972,362,43.107476635514,1
2024,"Memphis",21.294964028777,64,48.0575539568345,260,30.6474820143885,172,16.2183544303797,300,46.9936708860759,296,36.7879746835443,20
2024,"Mercer",14.7798742138365,344,55.3459119496855,64,29.874213836478,193,21.9219219219219,54,49.2492492492492,238,28.8288288288288,229
2024,"Merrimack",20.1696512723845,119,49.5758718190386,216,30.2544769085768,187,21.3493530499076,74,52.3105360443623,128,26.3401109057301,304
2024,"Miami FL",15.6833457804332,322,50.0373412994772,199,34.2793129200896,72,12.8892733564014,360,52.076124567474,141,35.0346020761246,52
2024,"Miami OH",18.0443548387097,216,45.9677419354839,313,35.9879032258064,42,18.9773844641101,170,58.0137659783678,12,23.0088495575221,348
2024,"Michigan",17.2693726937269,256,48.4132841328413,248,34.3173431734317,70,17.4178762414057,258,54.392666157372,63,28.1894576012223,251
2024,"Michigan St.",17.0099160945843,267,55.5301296720061,61,27.4599542334096,257,19.5691202872531,138,46.4991023339318,311,33.9317773788151,68
2024,"Middle Tennessee",18.2530795072788,207,52.8555431131019,115,28.8913773796193,228,16.4519326065411,294,58.8701684836472,9,24.6778989098117,332
2024,"Milwaukee",20.2072538860104,116,47.6683937823834,270,32.1243523316062,135,19.3360995850622,155,48.298755186722,265,32.3651452282158,107
2024,"Minnesota",17.1579743008314,260,52.4565381708239,128,30.3854875283447,185,17.6623376623377,239,57.6623376623377,15,24.6753246753247,333
2024,"Mississippi",19.3236714975845,158,50.7246376811594,179,29.951690821256,190,17.7158273381295,236,51.7985611510791,145,30.4856115107914,176
2024,"Mississippi St.",21.1794019933555,68,49.1694352159468,229,29.6511627906977,202,20.5400192864031,100,50.5303760848602,199,28.9296046287367,226
2024,"Mississippi Valley St.",17.95166858458,223,61.6800920598389,4,20.3682393555811,352,18.4417441029307,196,50.4646175839886,203,31.0936383130808,150
2024,"Missouri",16.3771712158809,294,49.6277915632754,214,33.9950372208437,76,22.01203783319,51,47.2914875322442,289,30.6964746345658,166
2024,"Missouri St.",19.8175787728027,134,48.0928689883914,257,32.089552238806,136,15.9519725557461,310,56.2607204116638,33,27.78730703259,261
2024,"Monmouth",17.6814011676397,234,48.5404503753128,245,33.7781484570475,84,18.7755102040816,179,45.2244897959184,333,36,27
2024,"Montana",15.8896289248335,311,54.9952426260704,68,29.1151284490961,223,18.475073313783,194,55.7184750733138,41,25.8064516129032,316
2024,"Montana St.",18.3569979716024,204,47.8701825557809,267,33.7728194726166,85,21.2150433944069,77,55.930568948891,39,22.854387656702,350
2024,"Morehead St.",17.0707070707071,263,49.2929292929293,225,33.6363636363636,88,22.1644120707596,47,52.2372528616025,132,25.5983350676379,318
2024,"Morgan St.",15.8697863682604,313,60.0203458799593,7,24.1098677517803,316,20.2713487629689,108,53.6312849162011,87,26.09736632083,311
2024,"Mount St. Mary's",15.4109589041096,326,57.3630136986301,34,27.2260273972603,259,22.5890529973936,41,53.1711555169418,105,24.2397914856646,337
2024,"Murray St.",19.1768826619965,172,51.6637478108581,155,29.1593695271454,221,15.7570422535211,318,50.1760563380282,214,34.0669014084507,64
2024,"N.C. State",17.3030056864338,254,52.9650690495532,113,29.731925264013,201,19.4746376811594,145,50.9057971014493,180,29.6195652173913,208
2024,"NJIT",19.9353448275862,128,47.4137931034483,279,32.6508620689655,117,22.1606648199446,48,48.1994459833795,266,29.6398891966759,204
2024,"Navy",21.0695187165775,78,52.620320855615,123,26.3101604278075,281,21.4511041009464,69,47.9495268138801,274,30.5993690851735,172
2024,"Nebraska",19.8347107438017,133,44.778362133734,332,35.3869271224643,52,15.6595744680851,321,47.8297872340426,276,36.5106382978723,22
2024,"Nebraska Omaha",25.4476908576814,7,51.6493873704053,156,22.9029217719133,328,19.4085027726433,152,49.5378927911275,230,31.0536044362292,153
2024,"Nevada",25.2873563218391,9,52.0525451559934,141,22.6600985221675,332,18.3874139626352,199,46.8043264503441,302,34.8082595870207,56
2024,"New Hampshire",19.1150442477876,175,44.2477876106195,338,36.6371681415929,37,17.6623376623377,239,56.1038961038961,34,26.2337662337662,306
2024,"New Mexico",19.7268588770865,136,58.4218512898331,19,21.8512898330804,340,22.1119133574007,49,49.4584837545126,231,28.4296028880866,243
2024,"New Mexico St.",22.6176808266361,36,51.894374282434,148,25.48794489093,296,27.9207920792079,3,38.8118811881188,361,33.2673267326733,87
2024,"New Orleans",24.0883977900553,16,53.7016574585635,94,22.2099447513812,335,18.9214758751183,172,54.6830652790918,57,26.39545884579,301
2024,"Niagara",19.8729582577132,131,53.1760435571688,111,26.950998185118,266,16.7979002624672,280,59.3175853018373,8,23.8845144356955,342
2024,"Nicholls St.",20.9279368213228,87,44.4225074037512,335,34.649555774926,64,19.7093551316985,127,52.4977293369664,123,27.7929155313352,260
2024,"Norfolk St.",26.6862170087977,2,48.6803519061584,242,24.633431085044,312,24.314096499527,12,39.356669820246,360,36.3292336802271,23
2024,"North Alabama",20.2020202020202,117,50.3213957759412,190,29.4765840220386,213,21.5720524017467,64,48.5589519650655,260,29.8689956331878,193
2024,"North Carolina",22.6865671641791,35,49.5522388059701,217,27.7611940298507,255,18.2553956834532,205,51.7985611510791,145,29.9460431654676,191
2024,"North Carolina A&T",20.5932203389831,97,49.6610169491525,211,29.7457627118644,198,15.5555555555556,325,54.7670250896057,54,29.6774193548387,203
2024,"North Carolina Central",22.9527104959631,29,50.7497116493656,178,26.2975778546713,282,21.8614718614719,57,50.8658008658009,181,27.2727272727273,280
2024,"North Dakota",19.6428571428571,143,47.1428571428571,288,33.2142857142857,100,18.6524239934265,188,54.2317173377157,70,27.1158586688578,289
2024,"North Dakota St.",15.8744394618834,312,52.3766816143498,129,31.7488789237668,143,18.0842279108175,214,55.6564822460776,42,26.2592898431049,305
2024,"North Florida",16.0813308687616,304,36.2292051756007,362,47.6894639556377,1,20.671834625323,92,56.3307493540052,30,22.9974160206718,349
2024,"North Texas",17.8733031674208,227,46.1538461538462,309,35.972850678733,43,22.4967490247074,43,50.1950585175553,213,27.3081924577373,279
2024,"Northeastern",20.3502919099249,108,54.3786488740617,80,25.2710592160133,300,14.8506860371267,342,52.4616626311542,124,32.6876513317191,101
2024,"Northern Arizona",16.1496350364963,300,53.4671532846715,100,30.3832116788321,186,20.6974981046247,89,51.5542077331312,156,27.7482941622441,263
2024,"Northern Colorado",16.3427561837456,295,53.1802120141343,110,30.4770318021201,183,17.5302245250432,251,46.9775474956822,297,35.4922279792746,40
2024,"Northern Illinois",20.6929740134745,94,46.9682386910491,295,32.3387872954764,126,17.6520994001714,241,55.3556126820908,46,26.9922879177378,291
2024,"Northern Iowa",18.7710437710438,187,50.6734006734007,180,30.5555555555556,181,19.7943444730077,123,46.7866323907455,303,33.4190231362468,82
2024,"Northern Kentucky",20.0174825174825,124,57.6923076923077,29,22.2902097902098,334,17.8965224766751,224,50.5513146734521,198,31.5521628498728,130
2024,"Northwestern",15.9246575342466,310,52.2260273972603,136,31.8493150684932,141,21.4018691588785,71,46.9158878504673,299,31.6822429906542,128
2024,"Northwestern St.",19.7183098591549,138,48.8933601609658,235,31.3883299798793,149,19.8697068403909,122,52.7687296416938,115,27.3615635179153,275
2024,"Notre Dame",17.4336283185841,247,48.3185840707965,251,34.2477876106195,73,17.5767918088737,249,52.2184300341297,133,30.2047781569966,184
2024,"Oakland",18.0028129395218,219,51.1954992967651,170,30.8016877637131,169,17.363571934798,261,46.9170800850461,298,35.7193479801559,35
2024,"Ohio",19.1176470588235,174,51.038062283737,174,29.8442906574394,195,21.5547703180212,66,48.7632508833922,253,29.6819787985866,201
2024,"Ohio St.",19.1210485736315,173,49.6530454895914,212,31.2259059367772,157,16.0035366931919,308,54.288240495137,66,29.7082228116711,198
2024,"Oklahoma",18.4231069476971,199,51.8345042935207,152,29.7423887587822,199,19.3672099712368,153,54.4582933844679,61,26.1744966442953,308
2024,"Oklahoma St.",14.8497854077253,340,47.0386266094421,292,38.1115879828326,24,17.9981634527089,219,56.9329660238751,22,25.068870523416,326
2024,"Old Dominion",14.7887323943662,343,57.2183098591549,36,27.9929577464789,246,20.5998421468035,98,42.4625098658248,351,36.9376479873717,17
2024,"Oral Roberts",16.8441432720232,275,48.5963213939981,243,34.5595353339787,65,17.8571428571429,227,48.9010989010989,248,33.2417582417582,89
2024,"Oregon",18.5714285714286,194,50.4761904761905,185,30.952380952381,166,19.3181818181818,157,52.0979020979021,139,28.5839160839161,236
2024,"Oregon St.",22.0243673851921,45,51.5463917525773,160,26.4292408622306,278,20.9216589861751,83,48.6635944700461,254,30.4147465437788,178
2024,"Pacific",18.6773905272565,190,49.6872207327971,208,31.6353887399464,146,19.0440627333831,168,51.3816280806572,162,29.5743091859597,210
2024,"Penn",14.8760330578512,338,46.2809917355372,304,38.8429752066116,19,13.2854578096948,358,51.1669658886894,173,35.5475763016158,39
2024,"Penn St.",21.1256746337702,73,49.4988434849653,218,29.3754818812645,215,19.68,130,53.92,78,26.4,300
2024,"Pepperdine",16.7343623070674,282,56.2144597887896,53,27.051177904143,265,19.5083267248216,142,55.035685963521,49,25.4559873116574,321
2024,"Pittsburgh",18.4019370460048,201,44.5520581113801,334,37.046004842615,33,19.2999053926206,158,51.4664143803217,159,29.2336802270577,217
2024,"Portland",19.372197309417,156,47.5336322869955,273,33.0941704035874,103,15.086887835703,333,46.2875197472354,318,38.6255924170616,8
2024,"Portland St.",19.5426195426195,148,46.1538461538462,309,34.3035343035343,71,16.8008048289738,279,51.5090543259557,157,31.6901408450704,127
2024,"Prairie View A&M",21.8783351120598,49,56.350053361793,49,21.7716115261473,341,25.0676284941389,10,50.8566275924256,183,24.0757439134355,338
2024,"Presbyterian",19.3013100436681,161,54.4978165938865,78,26.2008733624454,284,23.801652892562,17,47.4380165289256,286,28.7603305785124,231
2024,"Princeton",15.0248756218905,335,44.3781094527363,337,40.5970149253731,9,15.8878504672897,314,53.9719626168224,77,30.1401869158878,185
2024,"Providence",17.1127331711273,261,49.7972424979724,204,33.0900243309002,104,18.0196253345227,218,53.8804638715433,79,28.099910793934,253
2024,"Purdue",20.4152249134948,104,48.4429065743945,246,31.1418685121107,159,14.8900169204738,340,51.6074450084602,153,33.502538071066,78
2024,"Purdue Fort Wayne",18.3217859892225,206,45.8814472671286,317,35.796766743649,48,18.6757215619694,187,53.8200339558574,83,27.5042444821732,273
2024,"Queens",17.5468483816014,240,47.1890971039182,285,35.2640545144804,53,15.7777777777778,317,57.7777777777778,13,26.4444444444444,297
2024,"Quinnipiac",21.5234720992028,57,51.3728963684677,165,27.1036315323295,264,15.0684931506849,334,54.2465753424658,68,30.6849315068493,167
2024,"Radford",15.8674803836094,314,51.9616390584133,147,32.1708805579773,133,20.7903780068729,87,51.3745704467354,164,27.8350515463918,257
2024,"Rhode Island",18.4474885844749,196,54.9771689497717,69,26.5753424657534,273,16.1990950226244,301,51.7647058823529,148,32.0361990950226,115
2024,"Rice",17.8937558247903,224,52.1901211556384,137,29.9161230195713,192,16.0034602076125,309,51.038062283737,177,32.9584775086505,92
2024,"Richmond",13.7021276595745,355,53.6170212765957,98,32.6808510638298,115,16.7149758454106,284,49.6618357487923,227,33.6231884057971,72
2024,"Rider",19.2760180995475,164,56.8325791855204,42,23.8914027149321,317,21.1460855528652,80,46.6505246166263,310,32.2033898305085,112
2024,"Robert Morris",17.4468085106383,246,49.8723404255319,202,32.6808510638298,115,19.6787148594378,131,54.2971887550201,65,26.0240963855422,313
2024,"Rutgers",21.4814814814815,60,51.8518518518519,150,26.6666666666667,272,17.8814382896016,225,48.5908649173955,257,33.5276967930029,77
2024,"SIU Edwardsville",21.8470705064548,52,48.0635551142006,259,30.0893743793446,188,19.9052132701422,118,47.9620853080569,272,32.1327014218009,114
2024,"SMU",14.4914491449145,348,54.7254725472547,72,30.7830783078308,170,22.0302375809935,50,50.1079913606911,216,27.8617710583153,256
2024,"Sacramento St.",19.3347193347193,157,46.985446985447,293,33.6798336798337,86,18.4115523465704,198,50.7220216606498,190,30.8664259927798,160
2024,"Sacred Heart",18.3319570602808,205,55.1610239471511,67,26.5070189925681,274,17.5815433571997,248,47.096260938743,295,35.3221957040573,46
2024,"Saint Francis",17.5080558539205,244,50.2685284640172,194,32.2234156820623,131,17.9946284691137,220,53.5362578334825,91,28.4691136974038,242
2024,"Saint Joseph's",16.4785553047404,291,41.5349887133183,355,41.9864559819413,5,18.9189189189189,173,42.3714036617262,352,38.7096774193548,7
2024,"Saint Louis",21.5073529411765,58,45.9558823529412,314,32.5367647058824,124,18.6367558239862,190,49.0077653149267,246,32.3554788610871,109
2024,"Saint Mary's",15.0197628458498,336,55.3359683794466,65,29.6442687747036,203,21.7511520737327,61,53.0875576036866,106,25.1612903225806,325
2024,"Saint Peter's",24.9110320284698,13,49.1103202846975,231,25.9786476868327,287,25.273390036452,8,45.9295261239368,322,28.7970838396112,230
2024,"Sam Houston St.",22.4888888888889,38,48.7111111111111,240,28.8,229,19.4705380017079,147,50.5550811272417,197,29.9743808710504,189
2024,"Samford",16.8294515401953,276,47.3328324567994,281,35.8377160030053,44,22.0087336244541,52,47.3362445414847,288,30.6550218340611,169
2024,"San Diego",17.7904142973193,229,52.9650690495532,113,29.2445166531275,219,19.7530864197531,126,50.6172839506173,193,29.6296296296296,206
2024,"San Diego St.",21.9213973799127,48,50.3056768558952,193,27.7729257641921,253,19.7876447876448,125,49.8069498069498,224,30.4054054054054,179
2024,"San Francisco",13.9123750960799,354,53.80476556495,92,32.28285933897,128,21.9047619047619,56,48.3809523809524,264,29.7142857142857,196
2024,"San Jose St.",15.2117545375972,331,48.228176318064,253,36.5600691443388,39,19.6010407632264,136,53.0789245446661,107,27.3200346921075,278
2024,"Santa Clara",16.8556311413454,273,52.3053665910809,132,30.8390022675737,167,17.992277992278,221,50.5019305019305,202,31.5057915057915,133
2024,"Seattle",21.2618841832325,65,50.4753673292999,186,28.2627484874676,241,21.5154349859682,68,53.5079513564079,92,24.9766136576239,328
2024,"Seton Hall",19.0894568690096,176,58.14696485623,21,22.7635782747604,331,18.3603757472246,201,45.7728437233134,326,35.866780529462,30
2024,"Siena",18.4184184184184,200,58.4584584584585,18,23.1231231231231,326,16.08,304,54.88,52,29.04,220
2024,"South Alabama",17.3359451518119,251,54.4564152791381,79,28.20763956905,243,18.0733944954128,215,54.1284403669725,76,27.7981651376147,259
2024,"South Carolina",19.0231362467866,178,46.2724935732648,305,34.7043701799486,63,19.0243902439024,169,51.7073170731707,151,29.2682926829268,216
2024,"South Carolina St.",20.9821428571429,83,56.25,51,22.7678571428571,330,25.260029717682,9,44.4279346210996,340,30.3120356612184,183
2024,"South Dakota",18.8018433179723,186,52.7188940092166,119,28.4792626728111,238,15.0582362728785,336,53.2445923460899,98,31.6971713810316,126
2024,"South Dakota St.",15.4751131221719,325,50.316742081448,191,34.2081447963801,74,18.1411974977659,209,41.6443252904379,356,40.2144772117962,4
2024,"South Florida",22.3364485981308,40,47.1028037383178,291,30.5607476635514,180,20.020325203252,114,49.1869918699187,241,30.7926829268293,162
2024,"Southeast Missouri St.",17.4151150054765,249,53.0120481927711,112,29.5728368017525,207,23.7967914438503,18,53.475935828877,93,22.7272727272727,352
2024,"Southeastern Louisiana",20.2981651376147,112,48.394495412844,249,31.3073394495413,153,18.3673469387755,200,45.4810495626822,329,36.1516034985423,26
2024,"Southern",17.0081967213115,269,51.6393442622951,157,31.3524590163934,151,21.3691026827012,72,51.4338575393154,160,27.1970397779833,285
2024,"Southern Illinois",21.0750853242321,77,45.3924914675768,326,33.5324232081911,93,19.44177093359,150,59.4802694898941,7,21.0779595765159,358
2024,"Southern Indiana",20.0845665961945,121,52.0084566596194,146,27.906976744186,248,25.9391771019678,5,45.0805008944544,334,28.9803220035778,221
2024,"Southern Miss",22.2011385199241,41,51.0436432637571,173,26.7552182163188,270,17.7777777777778,232,49.4222222222222,234,32.8,95
2024,"Southern Utah",21.1650485436893,70,52.0388349514563,142,26.7961165048544,269,16.8761220825853,275,63.1956912028725,2,19.9281867145422,361
2024,"St. Bonaventure",17.3128944995491,252,49.9549143372408,200,32.7321911632101,114,19.1146881287726,165,51.307847082495,167,29.5774647887324,209
2024,"St. John's",16.3799551234106,293,56.245325355273,52,27.3747195213164,258,20.3703703703704,104,51.3468013468013,165,28.2828282828283,247
2024,"St. Thomas",16.7118337850045,284,43.1797651309846,347,40.1084010840108,11,18.7992125984252,178,51.3779527559055,163,29.8228346456693,194
2024,"Stanford",15.2139461172742,330,49.1283676703645,230,35.6576862123613,50,14.0845070422535,352,52.3612261806131,126,33.5542667771334,75
2024,"Stephen F. Austin",21.9383259911894,47,52.15859030837,138,25.9030837004405,289,27.9287722586692,2,45.9231490159325,323,26.1480787253983,310
2024,"Stetson",17.3076923076923,253,44.4055944055944,336,38.2867132867133,23,17.4749163879599,255,52.1739130434783,134,30.3511705685619,180
2024,"Stonehill",14.6877748460862,345,46.2620932277924,306,39.0501319261214,18,18.1568088033012,208,43.878954607978,346,37.9642365887208,9
2024,"Stony Brook",17.2351885098743,257,50.4488330341113,187,32.3159784560144,127,14.0916808149406,351,46.1799660441426,320,39.7283531409168,6
2024,"Syracuse",20.0716845878136,123,54.6594982078853,76,25.2688172043011,301,16.0794941282746,305,53.8392050587173,81,30.0813008130081,187
2024,"TCU",19.8660714285714,132,58.0357142857143,22,22.0982142857143,337,18.7096774193548,184,54.7465437788018,55,26.5437788018433,296
2024,"Tarleton St.",16.884661117717,271,58.5017835909631,17,24.6135552913199,314,19.6868008948546,129,49.4407158836689,233,30.8724832214765,159
2024,"Temple",21.6,55,42.6666666666667,352,35.7333333333333,49,17.1768707482993,269,51.1904761904762,172,31.6326530612245,129
2024,"Tennessee",19.6981731532963,140,47.1803018268467,286,33.121525019857,102,23.1060606060606,29,45.6439393939394,327,31.25,143
2024,"Tennessee Martin",18.214607754734,211,47.9711451758341,263,33.8142470694319,81,16.5654813529922,289,48.0485689505637,268,35.3859496964441,42
2024,"Tennessee St.",22.0573689416419,43,49.4559841740851,219,28.486646884273,237,25.422138836773,7,48.4052532833021,263,26.172607879925,309
2024,"Tennessee Tech",20.2404809619238,115,53.3066132264529,104,26.4529058116232,276,15.669014084507,320,51.056338028169,175,33.2746478873239,86
2024,"Texas",17.2164119066774,258,54.0627514078842,86,28.7208366854385,231,19.6613358419567,132,52.1166509877705,137,28.2220131702728,250
2024,"Texas A&M",22.092050209205,42,51.0460251046025,172,26.8619246861925,268,18.8644688644689,175,44.3223443223443,342,36.8131868131868,18
2024,"Texas A&M Commerce",15.9713945172825,308,47.1990464839094,284,36.8295589988081,35,21.9512195121951,53,52.8780487804878,111,25.1707317073171,324
2024,"Texas A&M Corpus Chris",21.0352422907489,80,56.8281938325991,43,22.136563876652,336,28.1481481481481,1,45.5026455026455,328,26.3492063492063,303
2024,"Texas Southern",16.4960182025028,290,53.4698521046644,99,30.0341296928328,189,21.9204655674103,55,47.5266731328807,283,30.552861299709,174
2024,"Texas St.",19.6923076923077,141,59.0769230769231,11,21.2307692307692,346,22.8971962616822,35,53.8317757009346,82,23.2710280373832,345
2024,"Texas Tech",19.8872785829308,130,47.5040257648953,275,32.6086956521739,120,14.2719382835101,350,50.7232401157184,189,35.0048216007715,54
2024,"The Citadel",18.5997910135841,193,52.2466039707419,135,29.153605015674,222,12.3711340206186,361,54.2268041237113,71,33.4020618556701,83
2024,"Toledo",20.7576953433307,91,56.0378847671665,56,23.2044198895028,324,14.6869983948636,344,54.2536115569823,67,31.0593900481541,152
2024,"Towson",20.5452775073028,99,50.2434274586173,196,29.2112950340798,220,18.2509505703422,206,54.9429657794677,51,26.8060836501901,295
2024,"Troy",23.7161531279178,23,42.390289449113,354,33.8935574229692,78,21.6163583252191,63,51.2171372930867,171,27.1665043816943,286
2024,"Tulane",24.0584166026134,18,50.576479631053,183,25.3651037663336,298,17.3221757322176,263,45.0209205020921,335,37.6569037656904,10
2024,"Tulsa",23.8898756660746,19,45.4706927175844,324,30.639431616341,174,18.7322611163671,182,52.6017029328288,120,28.6660359508042,233
2024,"UAB",25.0657318141981,12,52.0595968448729,140,22.874671340929,329,17.6975945017182,237,50.8591065292096,182,31.4432989690722,135
2024,"UC Davis",21.1293260473588,72,48.2695810564663,252,30.6010928961749,177,23.768115942029,20,52.1739130434783,134,24.0579710144928,339
2024,"UC Irvine",19.7159565580618,139,56.4745196324144,47,23.8095238095238,319,21.7794253938832,60,50.9731232622799,178,27.2474513438369,282
2024,"UC Riverside",16.5876777251185,288,48.1516587677725,254,35.260663507109,54,20.1208981001727,111,52.1588946459413,136,27.720207253886,264
2024,"UC San Diego",19.2064923354373,168,47.2497745716862,282,33.5437330928765,92,16.8132942326491,278,52.3949169110459,125,30.791788856305,163
2024,"UC Santa Barbara",20.7163601161665,93,55.7599225556631,58,23.5237173281704,320,16.2241887905605,299,56.6371681415929,27,27.1386430678466,287
2024,"UCF",21.1091234347048,76,50.4472271914132,188,28.4436493738819,239,22.9896907216495,33,46.3917525773196,313,30.6185567010309,171
2024,"UCLA",22.94921875,30,57.421875,32,19.62890625,355,20.6563706563707,94,43.4362934362934,347,35.9073359073359,29
2024,"UMBC",13.2375189107413,358,53.857791225416,90,32.9046898638427,108,17.2341904100069,267,56.7060458651842,25,26.0597637248089,312
2024,"UMKC",16.7718665464382,281,48.331830477908,250,34.8963029756537,61,22.5993377483444,40,49.8344370860927,223,27.5662251655629,270
2024,"UMass Lowell",21.0636079249218,79,58.6027111574557,15,20.3336809176225,353,16.7785234899329,281,57.7181208053691,14,25.503355704698,320
2024,"UNC Asheville",25.2459016393443,11,45.7377049180328,320,29.016393442623,224,21.4228617106315,70,53.876898481215,80,24.7002398081535,331
2024,"UNC Greensboro",13.9834406623735,353,44.8942042318307,331,41.1223551057958,7,21.0826210826211,82,41.5954415954416,357,37.3219373219373,13
2024,"UNC Wilmington",22.6141078838174,37,48.1327800829876,255,29.253112033195,217,19.95841995842,116,48.8565488565489,249,31.1850311850312,147
2024,"UNLV",16.1290322580645,303,53.2778355879292,105,30.5931321540062,178,17.8343949044586,231,54.140127388535,75,28.0254777070064,254
2024,"USC",19.6168582375479,145,47.5095785440613,274,32.8735632183908,109,18.0237154150198,217,48.5375494071146,261,33.4387351778656,81
2024,"USC Upstate",16.8,279,47.5428571428571,272,35.6571428571429,51,23.728813559322,21,49.0528414755733,244,27.2183449651047,284
2024,"UT Arlington",22.365988909427,39,43.8077634011091,344,33.826247689464,80,21.1340206185567,81,46.3917525773196,313,32.4742268041237,104
2024,"UT Rio Grande Valley",26.6666666666667,3,53.8888888888889,89,19.4444444444444,356,22.9320229320229,34,54.2178542178542,72,22.8501228501229,351
2024,"UTEP",26.3888888888889,4,53.4188034188034,102,20.1923076923077,354,26.7418032786885,4,50.2049180327869,212,23.0532786885246,346
2024,"UTSA",20.3349282296651,109,43.0622009569378,348,36.6028708133971,38,20.8749040675365,85,50.8058326937836,185,28.31926323868,245
2024,"Utah",14.8391812865497,341,51.6081871345029,159,33.5526315789474,91,13.9398998330551,354,50.7512520868114,188,35.3088480801336,48
2024,"Utah St.",20.2982601491301,111,57.8293289146645,25,21.8724109362055,339,18.9320388349515,171,55.1456310679612,48,25.9223300970874,315
2024,"Utah Tech",19.2307692307692,167,49.6153846153846,215,31.1538461538462,158,21.8612818261633,58,48.6391571553995,256,29.4995610184372,211
2024,"Utah Valley",24.2454728370221,15,56.7404426559356,44,19.0140845070423,358,20.1323251417769,110,50.6616257088847,192,29.2060491493384,219
2024,"VCU",20.9807073954984,84,45.4983922829582,323,33.5209003215434,94,22.5217391304348,42,50.6086956521739,194,26.8695652173913,294
2024,"VMI",15.3028692879915,328,55.6854410201913,60,29.0116896918172,225,15.8974358974359,313,52.8205128205128,114,31.2820512820513,141
2024,"Valparaiso",17.7497575169738,231,53.7342386032978,93,28.5160038797284,236,16.6666666666667,285,54.7993019197208,53,28.5340314136126,238
2024,"Vanderbilt",21.0091743119266,82,47.8899082568807,266,31.1009174311927,161,18.7445510026155,181,47.7768090671316,278,33.4786399302528,80
2024,"Vermont",14.6690518783542,346,47.2271914132379,283,38.1037567084079,25,15.6456173421301,322,51.2723845428841,169,33.0819981149859,91
2024,"Villanova",20.6022187004754,96,40.8874801901743,358,38.5103011093502,22,16.0460992907801,307,48.5815602836879,259,35.3723404255319,44
2024,"Virginia",15.5919153031761,324,54.6679499518768,74,29.7401347449471,200,16.6486486486486,287,49.2972972972973,237,34.0540540540541,65
2024,"Virginia Tech",21.1635750421585,71,46.2057335581787,308,32.6306913996627,119,17.4515235457064,257,53.185595567867,103,29.3628808864266,214
2024,"Wagner",17.175572519084,259,45.8015267175573,319,37.0229007633588,34,16.7664670658683,282,51.9760479041916,142,31.2574850299401,142
2024,"Wake Forest",18.9335394126739,180,48.8408037094281,237,32.225656877898,130,18.1244364292155,211,53.2010820559062,100,28.6744815148783,232
2024,"Washington",19.5175438596491,150,52.6315789473684,122,27.8508771929825,250,19.2941176470588,161,53.1764705882353,104,27.5294117647059,272
2024,"Washington St.",18.4251968503937,198,56.5354330708661,46,25.0393700787402,305,22.6381461675579,38,50.0891265597148,217,27.2727272727273,280
2024,"Weber St.",19.4974874371859,151,48.8442211055276,236,31.6582914572864,145,13.1236442516269,359,55.9652928416486,38,30.9110629067245,157
2024,"West Virginia",23.2044198895028,26,49.171270718232,228,27.6243093922652,256,14.821272885789,343,49.8692240627725,222,35.3095030514385,47
2024,"Western Carolina",14.8622047244094,339,54.1338582677165,85,31.003937007874,163,19.9148029818956,117,55.1650692225772,47,24.9201277955272,329
2024,"Western Illinois",19.6332254584682,144,55.4476806903991,62,24.9190938511327,308,16.8898043254377,274,57.4665293511843,17,25.643666323378,317
2024,"Western Kentucky",17.8739416745061,226,57.0084666039511,39,25.1175917215428,303,19.7087378640777,128,53.2038834951456,99,27.0873786407767,290
2024,"Western Michigan",18.0205415499533,217,51.1671335200747,171,30.812324929972,168,17.2323759791123,268,47.5195822454308,284,35.2480417754569,49
2024,"Wichita St.",15.8279963403477,316,57.8225068618481,26,26.3494967978042,280,15.5080213903743,328,48.6631016042781,255,35.8288770053476,33
2024,"William & Mary",20.4271123491179,103,42.5255338904364,353,37.0473537604457,32,20.2772963604853,107,48.0069324090121,270,31.7157712305026,125
2024,"Winthrop",26.865671641791,1,43.7810945273632,345,29.3532338308458,216,19.5352839931153,140,50.7745266781411,187,29.6901893287435,200
2024,"Wisconsin",20.8645054031588,88,52.7015793848712,120,26.4339152119701,277,16.9216061185468,273,51.2428298279159,170,31.8355640535373,124
2024,"Wofford",14.046511627907,351,48,262,37.953488372093,26,20.4688908926961,102,47.6104598737601,281,31.9206492335437,120
2024,"Wright St.",16.0356347438753,305,61.0244988864143,6,22.9398663697105,327,16.5407854984894,290,50.6042296072508,195,32.8549848942598,93
2024,"Wyoming",23.7868696479543,21,47.9543292102759,265,28.2588011417697,242,16.4902998236332,292,54.673721340388,59,28.8359788359788,228
2024,"Xavier",19.1860465116279,171,53.6544850498339,95,27.1594684385382,260,17.847533632287,228,53.6322869955157,86,28.5201793721973,239
2024,"Yale",16.0145586897179,307,54.2311191992721,82,29.75432211101,197,17.5422138836773,250,48.968105065666,247,33.4896810506567,79
2024,"Youngstown St.",16.6353383458647,286,47.5563909774436,271,35.8082706766917,47,17.5097276264591,253,51.556420233463,155,30.9338521400778,156
