"Season","TeamName","Size","SizeRank","Hgt5","Hgt5Rank","Hgt4","Hgt4Rank","Hgt3","Hgt3Rank","Hgt2","Hgt2Rank","Hgt1","Hgt1Rank","HgtEff","HgtEffRank","Exp","ExpRank","Bench","BenchRank","Pts5","Pts5Rank","Pts4","Pts4Rank","Pts3","Pts3Rank","Pts2","Pts2Rank","Pts1","Pts1Rank","OR5","OR5Rank","OR4","OR4Rank","OR3","OR3Rank","OR2","OR2Rank","OR1","OR1Rank","DR5","DR5Rank","DR4","DR4Rank","DR3","DR3Rank","DR2","DR2Rank","DR1","DR1Rank"
"2024","Abilene Christian",75.91,340,-0.86,273,-1.52,341,-1.15,313,-0.44,245,-2.2,329,-1.19,329,1.56564,236,31.56,180,16.97,259,21.6,108,22.47,87,22.68,89,16.17,304,27.8,306,22.25,253,15.4,211,26.19,3,8.23,173,22.83,262,28.03,53,19.91,160,18.08,124,11.03,312
"2024","Air Force",77.66,99,-2.41,358,-0.03,174,0.49,119,1.43,32,3.13,4,-1.22,332,1.41038,266,22.39,341,24.67,35,21.77,100,17.21,267,21.73,123,14.41,342,32.83,225,24.52,202,18.14,150,10.99,189,13.32,53,19.89,323,25.67,108,24.57,44,17.22,159,12.47,256
"2024","Akron",76.4,300,-0.79,266,-0.42,234,-1.45,343,-0.46,247,-0.61,249,-0.6,257,2.73392,28,31.45,183,24.06,46,29.34,4,16.6,290,17.61,254,12.34,353,18.65,357,43.59,6,19.85,111,9.16,247,8.7,158,13.83,360,43.2,1,15.65,305,11.69,339,15.61,118
"2024","Alabama",78.37,24,1.59,37,3.04,1,1.11,44,-0.24,213,0.63,127,2.31,5,2.41414,72,34.44,117,20.28,146,19.68,183,16.68,288,16.86,278,26.4,36,17.82,359,37.44,25,17.56,160,12.28,145,14.82,36,23.16,254,23.02,185,17.96,226,18.12,121,17.62,69
"2024","Alabama A&M",77.05,190,-0.34,208,-0.87,296,0.06,166,0.56,121,0.11,183,-0.61,258,1.5444,239,49.33,2,16.89,261,26.73,20,20.52,149,20.14,168,15.63,318,29.21,285,18.29,312,22.34,70,21.3,13,8.71,157,24.82,199,21.42,231,20.98,130,14.5,272,18.16,52
"2024","Alabama St.",77.24,163,1.58,41,-0.86,294,-1.38,338,-0.24,213,1.39,65,0.36,128,1.30229,281,39.59,30,11.53,358,14.54,327,21.48,114,26.16,29,26.22,38,47.89,23,22.78,237,9.18,342,10.71,200,9.26,141,26.23,154,19.2,294,15.66,304,21.55,29,17.25,76
"2024","Albany",76.39,301,0.16,152,-1.67,345,-1.35,335,-0.9,287,-0.02,194,-0.76,286,1.53887,244,26.3,295,21.67,108,13.6,344,24.14,43,14.76,335,25.78,43,32.2,237,20.48,282,15.95,200,19.63,18,11.65,72,31.73,43,14.91,352,20.65,141,19.71,67,12.93,231
"2024","Alcorn St.",75.94,339,-1.32,314,-0.88,297,-1.26,332,-0.78,274,-1.77,314,-1.1,319,1.7384,203,46.71,5,16.85,264,26.45,23,18.55,229,19.6,188,18.54,242,31.13,254,36.17,37,11.17,308,11.73,171,9.8,121,25.19,179,25.79,104,15.38,313,19.51,76,14.14,176
"2024","American",76.23,321,0.51,117,-0.51,246,-0.1,183,-1.38,330,-3.09,353,0,170,1.96278,151,32.6,164,31.49,1,15.17,311,13.02,354,18.4,236,21.79,136,31.61,247,17.26,322,27.1,21,15.33,66,8.59,165,32.04,42,17.74,323,23.2,73,14.79,264,12.11,272
"2024","Appalachian St.",76.97,209,0.76,92,0.28,136,-0.67,270,-0.24,213,-1.03,281,0.52,101,1.98685,143,34.36,120,18.46,205,19.09,208,17.1,273,23.09,82,22.17,122,39.47,125,19.43,299,25.62,35,9.04,250,6.28,243,22.34,277,21.59,228,20.82,133,16.84,173,18.32,50
"2024","Arizona",78.18,36,3.1,5,0.14,148,-0.02,176,0.56,119,1.41,62,1.62,20,2.22852,98,31.93,175,23.98,48,21.14,122,17.2,268,22.3,97,15.38,323,44.39,57,26.82,165,15.1,217,8.86,258,4.82,300,30.49,56,21.6,227,17.03,262,18.54,111,12.33,263
"2024","Arizona St.",77.82,73,0.07,162,0.97,58,0.76,90,1.11,50,0.48,138,0.52,102,2.2049,99,25.43,307,17.25,249,16.49,283,20.11,165,21.09,141,24.96,66,21.41,346,37.22,27,11.6,299,13.88,101,15.64,25,19.23,331,19.99,272,23.87,59,17.25,158,19.53,32
"2024","Arkansas",78.05,50,0.59,106,0.95,65,0.53,115,1.02,55,1.43,60,0.77,76,2.65571,31,35.97,83,19.81,163,17.26,265,28.53,6,16.31,296,18,259,37.99,151,30.5,100,4.11,360,12.6,136,14.67,39,26.98,136,22.53,199,17.58,238,17.81,132,15.02,142
"2024","Arkansas Pine Bluff",76.34,311,-1.3,312,-2.03,354,-0.79,282,0.54,123,-0.46,227,-1.67,353,2.37612,78,25.66,304,12.1,356,18.52,228,26.83,18,20.79,149,21.68,138,45.64,43,27.57,156,17.15,172,6.67,313,2.86,351,26.94,138,19.3,292,20.05,154,20.14,56,13.48,207
"2024","Arkansas St.",76.94,214,0.33,133,0.54,108,-0.48,242,-0.65,265,-0.75,265,0.43,111,2.31844,85,35.53,92,19.92,157,21.03,128,22.27,94,18.65,225,18.05,255,45.64,44,24.24,206,8.65,346,15.28,70,6.05,259,29.06,84,27.97,56,18.55,205,14.07,284,10.28,327
"2024","Army",75.72,350,-0.94,286,-0.9,298,-2.3,361,-1.28,326,-1.68,306,-0.92,298,0.908292,330,37.17,55,17.02,258,25.18,35,14.22,341,22.35,96,21.17,160,43.03,73,27.9,150,11.96,291,13.62,108,3.39,338,29.28,81,23.68,166,14.9,320,14.95,259,17.11,79
"2024","Auburn",77.64,103,0.93,76,0.51,112,1.01,54,0.3,150,-0.29,220,0.72,82,2.06722,123,45.41,9,25.52,23,18.96,213,15.56,309,18.83,219,21.06,166,42.55,82,23.61,222,19.28,122,9.37,242,5.07,293,32.92,32,24.24,147,14.21,330,16.93,171,11.62,290
"2024","Austin Peay",75.38,356,-2.29,356,-2.08,356,-1.82,351,-0.93,290,-1.73,310,-2.18,359,2.23124,97,23.86,328,16.47,275,14.78,323,26.92,17,22.04,111,19.73,215,46.49,38,20.69,276,8.58,347,14.99,73,9.11,144,20.28,314,20.25,267,24.36,51,17.38,149,17.68,66
"2024","Ball St.",78.2,35,-0.01,175,0.71,89,1.82,18,0.61,107,2.13,26,0.35,131,1.42257,260,21.28,350,24.1,45,17.35,264,16.96,281,17.72,250,23.84,82,45.95,41,24.18,207,12.71,273,9.21,246,7.83,186,23.93,224,21.66,225,18.53,206,15.3,239,20.54,20
"2024","Baylor",78.14,41,1.39,49,1.4,32,-0.15,190,1.02,56,1.34,67,1.39,27,2.1878,103,33.55,136,19.74,168,15.56,306,22.71,79,19.41,197,22.41,115,46.71,34,23.92,212,12.12,288,9.76,229,7.27,204,24.46,208,22.77,192,14.38,327,18.14,120,20.11,24
"2024","Bellarmine",76.87,223,-0.63,246,-1.22,327,-0.17,208,0.46,129,0.18,172,-0.93,299,1.73856,202,33.13,148,19.1,187,20.31,160,19.97,178,21.04,142,19.45,226,31.7,245,22.29,251,17.09,176,14.96,75,13.8,47,23.47,246,22.5,201,22.14,95,15.04,249,16.7,86
"2024","Belmont",77,203,-0.41,211,-0.46,238,-0.15,190,-0.07,187,0.38,150,-0.44,236,1.48907,254,28.63,254,28.37,8,24.31,51,13.36,350,11.63,361,22.17,121,42.76,79,22.75,240,22.01,74,7.2,301,5.05,294,24.17,215,20.82,253,22.35,92,14.08,282,18.41,48
"2024","Bethune Cookman",76.49,287,-0.16,194,-1.03,307,-0.13,188,-1.29,328,-0.7,259,-0.6,255,1.23711,290,29.87,229,16.42,278,21.13,124,19.03,207,20.09,172,23.22,96,41.78,99,17.85,316,19.88,110,15.44,64,4.89,298,35.21,10,26.25,95,17.97,225,11.38,345,9.05,354
"2024","Binghamton",77.59,111,-0.68,256,-0.62,261,0.43,124,0.95,60,2.13,26,-0.65,267,2.65109,33,30.37,212,17.69,236,24.23,53,23.53,59,17.62,253,16.78,287,25.44,327,21.07,271,23.19,55,13.13,121,16.96,15,22.56,270,19.8,279,16.92,267,18.81,97,21.77,15
"2024","Boise St.",78.39,23,-0.91,281,0.89,73,1.85,12,2.24,8,2.14,23,-0.01,173,1.98735,142,28.64,253,23.82,52,24.83,38,20.01,174,21.18,139,10.16,361,40.74,114,27.99,148,18.26,146,9.86,227,3.15,344,24.57,207,20.35,266,17.99,224,16.53,187,20.56,19
"2024","Boston College",77.82,75,2.11,14,-0.03,174,0.1,161,-0.12,193,1.3,72,1.04,58,1.94362,156,26.67,288,24.87,33,15.64,302,19.03,208,20.75,150,19.66,218,34.86,197,32.37,82,15.43,210,7.34,298,9.94,117,26.32,150,22.65,196,21.6,120,16.49,189,12.89,232
"2024","Boston University",77.08,185,0.14,154,0.38,127,-0.72,274,-0.23,210,0.07,185,0.26,142,0.533141,357,39.92,29,22.95,77,19.97,171,17.11,272,22.26,98,17.59,268,41.52,105,28.32,142,10.57,320,9.5,239,9.91,118,23.01,260,20.46,262,15.2,316,22.04,18,19.17,38
"2024","Bowling Green",77.69,94,1.94,20,0.43,121,-0.84,285,0.76,79,0.46,140,1.18,48,1.85258,177,29.48,237,19.84,161,20.87,135,10.63,361,25.8,31,22.87,106,24.84,333,45.6,3,12.03,290,10.3,218,7.23,205,22.47,272,30.51,23,17.63,236,14.6,268,14.8,152
"2024","Bradley",77.48,127,0.85,80,1.8,15,2.13,7,0.58,116,-3.66,356,1.32,34,1.68365,218,26.87,286,23.73,55,19.76,179,17.05,276,19.75,181,19.7,216,37.98,152,28.51,140,17.51,161,11.67,174,4.34,314,25.65,170,21.98,216,20.11,152,18.36,113,13.9,189
"2024","Brown",76.79,235,-1.41,322,0.85,77,-0.02,174,-0.3,235,-0.87,270,-0.28,210,1.67083,220,21.61,347,18.89,193,24.13,55,15.99,301,11.81,358,29.17,15,35.09,193,41.31,9,10.74,316,11.28,179,1.58,360,25.04,185,26.55,83,20.03,155,17.64,137,10.73,318
"2024","Bryant",77.67,97,-1.93,346,-1.03,307,0.85,64,2.07,10,2.67,10,-1.48,347,2.5477,46,22.38,342,14.84,314,23.08,75,19.34,199,25.44,38,17.27,277,28.96,289,17.21,323,33.08,5,14.62,86,6.08,258,18.29,346,17.33,331,27.59,11,22.97,9,13.78,196
"2024","Bucknell",77.41,141,1.58,43,0.5,113,0,171,-0.25,233,-0.5,235,1.04,57,1.49356,253,28.57,255,22.42,88,17.22,268,25.65,28,15.24,328,19.46,225,35.36,188,33.66,65,15.58,209,11.59,175,3.8,331,21.76,289,20.79,255,24.48,48,17.41,147,15.55,120
"2024","Buffalo",77.08,184,-0.83,269,0.1,154,0.25,148,0.15,172,0.02,192,-0.36,229,0.982697,326,30.49,203,25.52,22,19.68,184,21.55,112,15.25,327,17.97,260,42.52,83,23.89,214,12.7,275,16.98,38,3.8,330,33.98,22,25.52,112,20.6,142,9.98,358,9.84,334
"2024","Butler",77.27,157,1.72,30,0.32,132,0.4,129,-1.16,304,-0.65,253,1.02,59,2.78839,21,26.7,287,19.28,184,21.1,126,21.94,103,18.95,212,18.58,240,42.87,78,19.97,292,8.91,344,4.07,353,23.96,5,34.3,18,19.15,295,16.24,287,15.35,237,14.79,154
"2024","BYU",78.48,16,1.59,37,0.93,69,0,170,1.74,22,2.42,15,1.26,39,1.97421,146,36.94,59,17.35,245,24.4,45,23.13,72,20.31,166,14.79,335,26.97,315,18.72,308,24.88,42,16.73,40,12.65,59,25.54,171,19.43,289,19.34,178,21.03,38,14.63,159
"2024","Cal Baptist",76.13,330,-0.66,251,0.07,157,-1.15,313,-0.83,280,-2.5,341,-0.3,215,2.42666,68,20.99,353,18.79,196,14.24,336,18.69,221,19.46,194,28.78,17,39.17,129,32.11,86,9.18,343,11.1,188,8.36,169,34.3,19,31.79,15,15.5,309,13.03,305,5.33,362
"2024","Cal Poly",78.74,8,0.49,121,1.28,41,2.16,6,1.76,16,2.31,19,0.89,71,1.41522,263,30.28,218,16.91,260,16.86,275,30.91,2,16.85,279,18.36,248,42.93,76,29.38,120,10.89,313,8.9,256,7.81,187,28.95,89,22.78,191,13.43,344,21.62,27,13.15,226
"2024","Cal St. Bakersfield",76.58,274,-0.1,186,-0.58,253,-0.44,235,0.51,125,-2.22,331,-0.34,222,1.55458,237,41.07,19,22.87,78,15.07,313,15.48,311,15.42,325,31.1,6,28.52,295,25.12,194,26.39,28,10.02,223,9.88,120,32.61,33,17.42,329,16.63,277,21.97,19,11.32,302
"2024","Cal St. Fullerton",76.93,215,-1.15,306,-1.03,307,-0.51,248,0,182,1.61,48,-1.09,317,1.94047,159,34.1,127,16.09,286,12.01,354,22.05,102,24.79,49,25.01,63,36.51,167,18.83,307,15.83,205,13.16,119,15.57,26,14.81,359,24.55,139,22.1,96,19.43,79,19.03,41
"2024","Cal St. Northridge",77.01,198,-0.47,230,-1.03,307,0.85,64,-0.7,269,0.7,122,-0.75,283,1.54506,238,32.08,173,19.42,179,16.76,280,27.86,11,19.08,207,16.85,285,33.03,222,26.71,170,21.72,81,8.69,264,9.77,122,15.47,358,26.74,79,19.38,175,19.1,91,19.28,36
"2024","California",78.13,43,1.39,50,1.35,37,1.85,12,1.88,14,-1.54,295,1.37,31,2.63269,36,28.88,246,23.04,74,12,355,28.13,8,16.48,294,20.24,202,43.73,66,18.02,314,18.44,143,14.55,87,5.08,292,32.56,35,16.54,344,23.65,61,17.28,155,9.83,335
"2024","Campbell",77.05,189,-1.31,313,-1.03,307,0.07,164,0.64,104,1.15,87,-1.17,326,1.00933,318,37.53,51,19.51,174,30.41,1,18.91,215,16.57,286,14.5,339,24.65,335,21.15,267,28.77,13,14.35,91,10.98,84,21.71,291,26.53,85,21.8,111,18.57,109,11.27,305
"2024","Canisius",78.03,54,-0.81,268,0.41,122,1.56,26,2.33,5,0.91,108,-0.2,192,0.996348,323,25.64,305,15.84,290,20.95,133,19.08,205,19.7,182,24.31,77,36.19,172,42.44,8,7.86,350,7.53,293,5.8,267,23.88,226,27.38,70,22.14,94,15.28,240,11.16,309
"2024","Central Arkansas",78.57,15,-0.41,211,1.97,9,2.27,4,1.78,15,1.53,54,0.78,74,0.999256,322,34.87,109,15.78,292,18.66,223,23.04,74,19.16,205,23.29,92,19.26,354,37.67,22,10.04,329,14.72,83,18.17,11,21.53,294,27.44,68,16.88,269,18.88,95,15.14,138
"2024","Central Connecticut",75.87,347,-1.87,343,-0.03,174,0.11,160,-1.99,350,-2.58,343,-0.95,305,1.74769,200,32.85,156,20.29,145,26.99,16,19.99,175,12.13,357,20.55,190,37.97,153,16.76,330,22.54,68,7.93,285,14.75,38,19.85,324,21.32,235,21.37,124,23.29,8,14.13,177
"2024","Central Michigan",77.4,142,0.21,145,-0.69,269,0.85,64,-0.21,208,1.13,89,-0.24,200,1.57441,232,35.72,87,19.42,180,14.95,319,16.46,295,22.04,109,27.04,29,30.89,263,16.83,329,19.15,125,13.19,118,19.82,8,18.44,344,14.04,356,24.75,40,20.73,44,21.91,14
"2024","Charleston",77.46,129,0.91,77,1.03,52,-0.48,241,-0.89,286,1.01,106,0.97,63,1.72117,208,40.55,23,22.29,93,22.54,85,19.97,177,23.78,67,11.34,357,26.92,317,25.55,183,24.31,47,11.75,170,11.36,79,26.28,152,25.04,125,17.57,240,18.09,123,12.95,229
"2024","Charleston Southern",77.25,162,-0.41,211,-0.02,169,0.69,97,0.42,137,-0.13,203,-0.22,197,1.70126,214,19.43,357,8.12,362,25.7,29,17.28,264,24.78,50,24.05,80,24.78,334,35.07,46,21.59,83,13.48,114,4.91,297,29.21,82,31.3,17,16.16,290,13.79,289,9.38,346
"2024","Charlotte",78.45,18,1.45,48,2.78,3,0.8,83,0.2,164,1.29,73,2.11,9,1.84279,180,26.94,284,21.97,104,22.41,88,13.99,345,16.34,295,25.2,56,25.17,330,27.29,158,13.69,248,17.98,28,15.76,23,23.18,253,32.83,11,9.97,361,18.58,108,15.33,130
"2024","Chattanooga",76.58,275,-0.41,211,1.29,40,0.78,86,-1.86,345,-2.65,345,0.44,110,1.64995,224,34.1,126,19.33,183,22.15,92,13.08,353,19.35,199,26.03,39,17.56,361,48.71,2,20.19,103,8.35,277,5.09,291,16,355,31.19,18,20.32,150,18.52,112,13.89,191
"2024","Chicago St.",76.81,233,-2.41,358,-0.18,207,0.59,108,0.42,136,-0.07,196,-1.3,338,1.85144,178,23.15,335,14.11,329,25.34,32,28.13,9,17.42,262,14.99,330,21.85,344,26.93,163,18.65,136,21.87,11,10.67,96,23.74,232,28.1,52,21.75,116,17.08,164,9.3,348
"2024","Cincinnati",78.02,57,1.88,24,1.51,25,0.83,79,0.6,108,-0.47,230,1.69,19,2.02915,133,38.62,37,23.89,50,16.38,289,19.85,180,16.5,293,23.34,91,37.36,159,16.19,339,27.22,19,10.68,201,8.5,167,32.54,36,19.1,297,23.46,63,12.19,329,12.64,249
"2024","Clemson",78.2,34,0.59,106,1.96,12,1.14,40,0.25,156,1.33,69,1.27,37,2.65007,34,31.22,189,19.43,177,27.68,11,17.63,252,14.98,333,20.23,203,20.84,348,33.91,62,34.68,4,6.08,324,4.34,315,18.81,341,25.75,105,26.18,19,12.97,307,16.18,100
"2024","Cleveland St.",76.71,252,-0.88,278,0.32,133,0.79,84,-1.02,295,-1.38,289,-0.28,209,1.95913,153,30.7,199,19.75,167,24.58,40,20.5,150,12.99,352,22.12,125,33.53,218,15.17,344,27.8,17,17.2,34,6.2,252,21.46,296,23.3,179,24.78,39,17.27,157,13.12,227
"2024","Coastal Carolina",77.05,191,0.79,88,0.45,118,-1.04,304,-1.09,299,0.4,145,0.62,86,1.47823,255,28.39,258,23.61,60,19.75,180,20.14,162,21.33,135,15.08,329,47.06,30,26.1,178,14.43,229,4.34,351,7.99,181,34,21,22.34,207,15.47,310,11.23,350,16.88,84
"2024","Colgate",77.97,61,1.11,67,1.38,34,1.13,41,0.71,98,-0.22,210,1.24,42,2.03643,130,35.76,86,18.32,213,20.46,151,20.07,168,16.53,289,24.49,74,38.33,146,29.07,124,18.74,130,7.67,291,5.98,263,22.23,280,19.35,291,19.57,167,12.18,330,26.52,4
"2024","Colorado",78.46,17,1.15,62,1.37,35,2.03,9,0.89,64,1.13,89,1.26,38,1.76674,193,31.79,176,18.11,221,21.11,125,14.99,327,16.51,292,29.27,12,34.24,209,16.85,328,22.54,67,15.8,56,10.57,98,27.14,129,16.83,336,19.47,169,17.13,161,19.42,34
"2024","Colorado St.",76.48,289,-1.91,345,-0.52,248,-0.47,240,0.15,173,-0.6,246,-1.22,331,2.3348,82,35.05,105,24.23,42,21.17,121,17.32,262,13.5,349,23.66,87,28.76,292,28.9,129,10.29,327,23.05,8,8.86,153,18,348,27.63,63,19.97,158,22.1,17,12.19,268
"2024","Columbia",76.71,254,-0.62,245,-1.37,334,-1.15,313,-0.19,204,1.13,89,-0.99,309,1.74268,201,32.4,170,19.97,154,19.52,191,19.71,188,18.29,240,22.36,117,30.7,267,32.25,84,17.91,152,12.29,144,6.65,232,33.12,30,14.93,351,15.97,295,20.24,54,15.53,122
"2024","Connecticut",78.24,31,2.1,15,0.65,96,0.18,156,0.87,68,1.66,45,1.37,30,2.36182,80,30.49,202,23.42,63,19.39,198,21.5,113,22.06,108,13.55,345,37.33,160,18.91,305,17.06,178,11.24,182,15.32,32,23.35,249,20.45,263,25.64,25,16.85,172,13.63,203
"2024","Coppin St.",76.76,243,-0.29,205,-0.41,233,-0.55,254,-0.04,184,-0.64,252,-0.35,226,0.831243,335,40.69,21,19.41,182,29.51,3,20.07,169,13.74,347,17.12,279,30.28,273,23.89,215,14.8,220,15.16,71,15.73,24,23.67,238,26.36,91,20.52,146,17.43,146,11.88,284
"2024","Cornell",77.2,166,-0.87,275,-0.02,168,-0.09,182,-0.24,213,1.49,56,-0.44,237,1.34533,273,41.78,14,25.41,26,16.66,282,17.95,244,19.57,190,20.29,201,35.66,184,20.6,280,24.8,43,8.07,283,10.68,95,25.01,189,13.75,357,17.06,259,20.79,42,23.26,10
"2024","Creighton",78.61,13,2.91,6,2.1,8,1.16,39,0.44,133,0.7,121,2.5,4,3.02503,10,22.22,345,25.07,30,17.08,270,25.35,31,19.06,209,13.31,347,49.94,15,27.38,157,11.16,309,5.83,332,5.48,282,22.47,273,16.89,335,27.4,12,20.7,45,12.41,261
"2024","Dartmouth",77.8,78,-1.01,297,0.51,110,0.72,93,1.37,35,1.69,44,-0.25,203,1.05149,314,37.69,48,30.02,3,16.33,292,18.61,224,18.71,223,16.16,305,41.27,108,20.21,289,11.17,307,10.98,190,16.16,22,25.77,166,16.59,343,19.36,176,24.13,5,13.99,181
"2024","Davidson",78.68,11,1.26,57,1.77,19,1.03,52,1.05,54,2.56,12,1.52,21,1.7749,189,30.48,204,19.09,188,21.76,101,22.32,93,19.43,195,17.4,273,35.98,177,28.77,133,13.19,265,11.77,165,10.29,106,21.54,293,20.21,268,22.07,98,20.09,58,16.09,102
"2024","Dayton",76.96,212,0.83,84,0.25,139,0.53,116,-0.69,268,-1.85,316,0.54,98,2.37649,77,24.3,323,28.16,9,19.44,196,20.58,148,16.12,306,15.55,321,28.63,294,36.54,35,14.46,228,11.81,162,8.35,170,27.8,118,21.54,229,23.28,70,19.16,89,8.03,359
"2024","Delaware",77.42,140,-1.76,340,-0.87,295,-0.15,190,1.01,57,3.13,4,-1.31,340,2.14709,110,24.14,325,26.54,16,17.97,247,20.49,151,15.97,314,18.96,233,19.54,352,36.52,36,17.13,173,8.99,254,17.74,13,23.63,240,29.9,28,17.47,244,13.71,294,15.23,135
"2024","Delaware St.",77.85,69,1.21,58,1.5,27,1.09,47,-1.13,302,0.85,111,1.35,32,1.36847,270,26.45,292,14.05,333,15.06,314,23.4,65,20.97,144,26.41,35,28.76,291,39.84,15,13.83,245,7.4,297,10.01,114,18.25,347,26.39,89,17.36,249,17.59,142,20.28,22
"2024","Denver",77.65,101,0.95,74,0.93,70,0.91,62,0.15,171,-0.4,224,0.94,66,1.98803,141,28.28,264,20.19,147,16.48,284,13.38,349,25.36,40,24.52,72,47.06,31,23.43,228,9.75,335,10.58,203,9.07,147,28.02,111,21.4,232,13.34,345,21.69,25,15.48,124
"2024","DePaul",77.79,81,-0.41,211,1.03,50,1.24,34,0.59,110,0.8,115,0.31,136,1.95996,152,25.33,309,16.87,262,24.33,50,18.58,227,20.4,163,19.82,213,19.18,355,42.78,7,18.16,148,10.36,216,9.53,133,23.68,236,20.11,271,19.64,165,22.1,16,14.46,167
"2024","Detroit Mercy",75.32,357,-2.2,354,-2.71,362,-1.36,336,-1.18,306,-1.69,307,-2.45,361,0.812943,342,38.67,36,19.58,171,27.2,15,25.85,25,11.4,362,15.94,308,46.58,36,16.9,326,12.48,283,13.85,103,10.11,111,26.51,146,27.34,71,19.71,162,12.68,313,13.7,200
"2024","Drake",76.55,279,0.1,158,0.01,164,-0.45,238,-2.24,355,-0.39,222,0.06,161,1.97127,147,30.45,205,19.1,186,23.07,76,20.44,153,16.62,285,20.77,180,46.77,33,16.44,334,14.54,225,12.07,152,10.17,109,28.99,87,24.55,138,16.43,283,15,250,15.02,143
"2024","Drexel",77.51,120,-0.35,209,-1.03,307,0.63,102,0.84,72,1.73,41,-0.69,276,1.94106,157,38.9,34,26.79,15,17.24,266,15.81,304,18.86,215,21.17,161,50.05,14,19.57,297,12.9,270,11.78,164,5.53,280,29.77,72,18.66,309,20.81,135,14.16,280,16.44,95
"2024","Duke",78.13,44,2.06,17,1.96,11,-0.15,190,-0.07,188,1.13,89,2.01,10,1.72741,206,28.93,244,23.6,61,20.32,159,16.72,287,19.27,201,19.99,206,36.05,175,41.02,11,6.52,358,10.54,205,5.71,272,35.17,11,22.49,203,12.49,353,17.76,134,11.95,279
"2024","Duquesne",76.22,322,-0.63,247,-0.01,167,-0.1,184,-0.95,291,-2.93,352,-0.32,218,2.74163,27,28.26,265,14.27,326,15.77,299,24.02,46,29.47,9,16.4,296,33.92,214,27.97,149,19.92,109,11.87,157,6.2,253,23.71,234,30.43,24,21.28,126,14.95,258,9.54,342
"2024","East Carolina",76.21,324,-0.97,291,0.05,158,-0.62,259,-0.9,288,-2.24,332,-0.46,241,1.72021,209,29.92,227,21.24,118,19.23,205,20.45,152,22.46,93,16.48,292,36.33,170,23.6,223,16.57,189,16.93,39,6.37,239,19.18,334,31.44,16,20.01,157,19.99,59,9.19,351
"2024","East Tennessee St.",77.43,132,0.1,159,0.22,141,-0.15,189,1.14,48,0.13,173,0.16,152,1.59436,231,22.25,344,15.55,297,21.8,98,25.4,30,13.45,350,23.67,86,32.13,238,19.02,304,11.33,305,26.57,2,10.71,94,21.15,303,22.28,211,20.78,137,20.79,43,14.85,148
"2024","Eastern Illinois",76.65,263,-0.99,293,-0.57,252,-0.38,225,0.43,134,-0.96,279,-0.78,287,1.00663,319,36.08,80,13.83,339,20.62,144,17.03,278,22.78,87,25.59,47,34.78,198,31.87,88,6,359,13,125,14.07,45,25.21,177,24.3,146,16.07,292,18.68,102,15.56,119
"2024","Eastern Kentucky",76.2,325,-2.3,357,-0.03,193,0,169,-1.91,347,-0.51,239,-1.17,325,2.45478,61,27.09,279,14.77,316,22.1,93,22.72,78,13.4,351,26.89,31,24.88,331,39.46,16,20.29,101,8.55,271,6.71,227,30.21,60,27.32,72,17.05,261,12.44,320,12.82,234
"2024","Eastern Michigan",78.09,46,0.17,149,0.97,58,1.52,27,1.19,44,0.87,110,0.57,92,1.38432,267,38.22,42,13.21,346,20.53,146,14.97,329,29.69,6,21.47,148,24.09,338,35.18,45,21.63,82,8.47,273,10.41,103,24.82,198,20.12,270,24.82,37,14.32,276,15.73,112
"2024","Eastern Washington",78.03,51,1.06,69,0,165,0.82,80,1.37,36,1.18,84,0.53,99,1.6151,228,33.85,130,28.63,7,21.63,105,21.13,125,16.15,304,12.36,351,17.94,358,14.32,349,29.36,11,23.83,5,14.4,42,17.02,353,19.81,276,24.55,45,20.44,49,18.08,54
"2024","Elon",77.28,155,-0.55,238,-0.73,274,-0.15,190,1.44,31,0.69,124,-0.64,266,1.80049,184,36.08,79,18.12,219,19.62,187,16.88,285,23.71,68,21.52,143,45.48,47,22.13,256,10.64,319,11.85,159,9.74,123,25.15,182,17.92,318,16.45,282,26.38,1,13.96,184
"2024","Evansville",78.01,58,0.59,106,1.72,20,1.21,37,0.37,143,0.45,141,1.15,50,1.35543,271,36.02,81,22.33,90,24.39,46,18.8,218,19.54,192,14.9,332,33.28,220,21.09,269,20.46,97,11.97,155,13.13,55,31.11,51,25.13,123,18.58,204,15.69,224,9.44,345
"2024","Fairfield",77.12,180,0.11,156,-1.01,306,-0.84,286,0.21,163,1.4,64,-0.45,239,1.41701,262,30.39,207,16.52,273,14.47,329,26.05,23,21.29,137,21.64,140,29.81,279,27.59,155,14.19,235,16.56,43,11.8,69,19.23,332,24.97,127,16.96,265,19.7,68,19.09,39
"2024","Fairleigh Dickinson",75.27,358,-2.19,353,-1.34,333,-1.24,331,-1.21,310,-3.4,355,-1.76,355,1.28514,286,30.16,219,24.9,31,19.85,176,20.35,156,18.55,230,16.29,299,19.62,351,38.69,20,24.09,49,14.73,81,2.75,353,22.22,281,21.71,222,21.78,113,16.69,179,17.52,71
"2024","FIU",76,333,1.27,56,-0.58,254,-1.53,345,-3.04,361,-1.87,317,0.34,132,1.78975,185,39.48,32,16.51,274,20.65,143,17.62,253,19.4,198,25.7,45,34.37,206,29.83,109,11.88,294,10.36,213,13.42,52,23.95,222,18.84,306,12.18,355,19.11,90,25.79,5
"2024","Florida",78.64,12,2.2,11,2.31,5,-0.2,211,0.76,79,2.39,16,2.25,7,2.24749,95,32.44,168,19.58,172,18.41,231,18.12,239,20.87,146,23,102,41.66,101,29.06,125,10.35,324,9.99,224,8.83,154,31.57,44,27.82,59,14.51,325,12.13,334,13.92,187
"2024","Florida A&M",76.57,277,0.5,120,-1.51,338,-1.15,313,-0.31,239,-0.43,226,-0.5,245,0.750738,347,38.38,38,22.74,80,22.69,82,15.28,317,18.64,226,20.54,191,27.6,309,29.47,118,17.03,179,20.66,15,4.99,295,23.28,252,28.65,48,17.73,232,16.73,178,13.42,210
"2024","Florida Atlantic",76.59,272,1.65,34,-2.13,358,-1.52,344,-0.63,263,-0.16,207,-0.24,201,2.58936,43,30.75,198,25.38,27,18.25,238,23.9,50,15.95,315,16.48,293,34.89,196,25.36,189,15.36,213,15.8,57,8.52,166,28.98,88,16.66,340,23.07,75,17.01,166,14.21,174
"2024","Florida Gulf Coast",76.27,319,-1.11,302,-0.6,257,-2.15,357,-0.24,213,-0.29,218,-0.85,293,2.25515,92,34.64,112,23.76,54,22.69,81,14.16,342,18.78,220,20.52,194,58.69,2,16.44,335,13.67,251,4.6,349,6.43,237,24.81,200,22.43,205,20.81,134,20.25,53,11.64,289
"2024","Florida St.",79.28,1,1.16,61,1.79,17,1.85,12,2.25,7,3.61,2,1.48,23,2.27834,88,40.51,24,16.21,285,22.42,87,20.07,170,18.83,218,22.33,118,28.01,303,35.91,38,20.78,90,10.88,194,4.2,320,29.02,86,18.54,312,21.76,114,17.89,130,12.56,254
"2024","Fordham",77.01,202,-0.73,261,-0.46,239,-0.06,180,0.51,126,0.07,186,-0.6,256,1.95833,154,35.47,95,22.25,97,21.88,97,14.8,332,16.86,277,24.21,78,40.78,113,20.99,273,13.89,243,13.89,100,10.45,102,29.32,77,24.45,143,18.6,203,18.74,99,8.9,355
"2024","Fresno St.",77.54,116,1.59,37,-0.06,196,-0.15,190,0.78,77,-0.16,206,0.76,78,2.62569,38,33.39,140,20.01,153,18.97,212,21.18,124,19.41,196,20.38,199,54.03,5,22.28,252,9.92,333,8.19,280,5.45,283,39.38,2,20.86,251,12.92,350,10.91,352,15.85,107
"2024","Furman",76.54,280,0.22,144,-0.73,277,-0.74,278,-1.21,309,-0.57,241,-0.26,206,1.53952,243,37.23,54,15.3,307,12.95,350,27.34,13,23.1,81,21.19,159,23.59,341,41.2,10,13.69,247,9.44,240,11.81,68,18.6,343,20.97,246,21.92,105,21.9,21,16.46,93
"2024","Gardner Webb",75.38,355,-0.85,272,-2.26,360,-1.88,352,-1.97,348,-1.87,317,-1.56,350,2.03467,131,36.29,71,18.06,224,23.75,63,17.82,248,16.88,276,23.39,90,44.14,59,25.3,191,11.44,302,15.32,67,3.6,335,26.6,144,23.37,177,25.73,22,13.73,293,10.42,322
"2024","George Mason",77.61,107,-0.41,211,0.5,114,0.46,120,0.58,117,1.18,83,0.04,164,1.76405,197,29.92,226,22.29,94,22.61,84,23.34,67,14.48,339,17.12,278,32.11,239,29.57,114,13.98,241,17.94,29,6.23,250,24.22,214,28.29,51,21.88,108,15.71,223,9.73,338
"2024","George Washington",77.64,102,-0.14,190,0.35,130,0.58,111,0.44,131,1.24,76,0.1,156,1.54169,241,24.83,316,13.59,342,23.28,72,23.45,62,14.38,340,25.21,55,36.85,165,25.85,181,29.07,12,5.45,338,2.62,355,20.86,306,22.67,195,25.3,29,19.16,88,11.88,285
"2024","Georgetown",77.76,84,-0.01,174,0.73,86,0.62,105,0.25,157,1.48,57,0.36,127,2.19234,101,29.79,230,18.07,223,17.49,261,22.66,80,16.7,282,25.04,60,26.46,321,38.92,18,25.43,36,6.1,323,3.03,347,25.04,187,25.35,115,19.28,181,15.74,221,14.55,162
"2024","Georgia",78.29,28,1.49,46,1,53,1.01,55,1.47,29,0.72,119,1.25,41,2.16873,106,36.1,77,16.66,268,20.45,152,21.18,123,19.59,189,22.09,126,45.39,48,20.55,281,18.52,141,9.56,235,5.91,264,28.55,96,17.91,319,18.77,196,21.76,23,12.94,230
"2024","Georgia Southern",76.85,227,0.04,169,0.77,84,-0.21,212,-0.19,206,-1.87,317,0.4,114,1.29776,282,46.38,6,15.57,294,15.82,298,19.8,184,24.59,52,24.17,79,37.76,156,35.31,43,12.93,269,6.98,304,6.92,219,27.43,123,25.9,101,14.97,319,16.43,192,15.19,137
"2024","Georgia St.",76.82,231,-1.29,311,-1.89,351,-0.15,190,0.58,113,1.13,89,-1.59,352,2.09288,119,28.85,247,18.42,206,21.63,106,21.83,108,18.84,217,19.26,228,41.56,104,10.73,358,11.66,298,19.12,22,16.87,17,21.22,299,11.4,361,19.67,164,24.22,4,23.43,9
"2024","Georgia Tech",78.31,27,0,171,0.11,153,1.1,46,2.48,3,2.14,25,0.06,160,1.77551,188,35.47,96,18.59,203,20.88,134,17.12,271,24.21,60,19.07,230,30.98,260,28.86,131,18.7,132,15.41,65,5.86,265,23.86,227,23.95,158,16.22,288,21.54,30,14.29,171
"2024","Gonzaga",77.59,110,0.43,123,1.39,33,1.66,21,-0.54,254,-0.7,260,0.91,68,1.96473,150,21,352,26.82,14,24.18,54,15.14,323,16.27,298,17.59,267,37.17,161,34.41,52,20.03,108,3.66,355,4.73,302,27.85,116,26.35,92,20.55,145,10.27,356,14.98,144
"2024","Grambling St.",77.01,201,0.74,94,0.03,161,-0.31,220,-1.28,327,0.13,173,0.38,118,1.74923,199,40.5,25,13.11,347,20.97,131,18.95,210,22,113,24.88,68,39.56,124,26.82,166,16.2,194,7.95,284,9.36,137,28.58,95,21.1,243,20.88,131,17.51,145,11.81,287
"2024","Grand Canyon",78.43,19,-0.09,184,0.38,126,1.85,12,1.16,47,3.13,4,0.15,153,2.39786,74,23.65,330,14.55,321,25.31,33,23.23,71,15.85,316,20.97,170,28.29,298,28.13,146,26.52,27,11.16,186,5.79,268,23.79,229,22.08,213,24.54,47,15.53,230,13.97,183
"2024","Green Bay",77.17,170,-1.96,348,-0.33,221,0.09,162,0.83,74,1.51,55,-1.14,323,0.746881,348,41.2,17,15.17,310,17.65,256,18.91,214,26.27,28,22,128,24.6,336,35.24,44,19.04,126,10.81,195,10.3,105,24.97,193,28.93,39,15.83,301,14.99,251,15.29,132
"2024","Hampton",77.43,135,-1.38,319,-0.12,200,0.85,64,0.93,61,1.13,88,-0.75,284,1.60775,229,38.31,41,23.04,73,24.65,39,17.41,258,17.63,251,17.09,280,28.31,296,40.33,12,16.5,191,4.79,345,9.89,119,24.71,204,31.11,19,16.06,293,16.68,180,11.29,304
"2024","Harvard",77.57,113,-0.14,188,0.31,135,0.69,98,1.18,45,0.06,188,0.09,158,0.742822,349,28.19,266,21.24,117,20.8,138,17.07,275,15.84,317,24.98,64,42.5,84,21.17,266,12.65,277,16.34,46,7.2,206,25.97,162,23.57,169,12.06,356,20.56,47,17.72,64
"2024","Hawaii",76.75,244,0.8,86,1.21,44,-0.43,233,-1.27,324,-2.31,335,1.01,60,2.40706,73,29.88,228,18.85,194,21.46,110,12.71,357,23.69,71,23.23,95,46.27,40,27.86,153,10.74,315,2.93,359,12.11,62,28.07,108,29.36,33,13.3,346,15.39,234,13.8,194
"2024","High Point",77.28,156,0.62,105,-0.45,236,-1.15,313,0.21,162,1.43,61,0.09,157,1.03482,316,24.43,320,12.23,355,19.55,190,19.03,206,23.61,73,25.55,48,47.22,27,33.13,73,9.37,339,7.23,299,2.95,349,26.28,151,24.05,152,21.11,128,15.74,222,12.75,240
"2024","Hofstra",76.96,213,0.83,82,0.4,124,-1.34,334,-0.24,213,-0.59,244,0.61,87,2.87082,20,19.87,356,15.49,299,24.54,41,13.23,351,28.97,12,17.66,266,56,4,30.72,98,7.79,351,3.71,354,1.55,361,25.17,181,21.61,226,15.55,306,19.89,63,17.67,67
"2024","Holy Cross",76.37,305,-2.16,352,-1.27,329,-0.86,289,-0.14,196,0.53,134,-1.72,354,1.53375,246,33.35,143,24.87,34,16.38,290,25.99,24,14.66,336,17.97,261,49.09,18,18.45,310,24.56,45,6.21,321,1.44,362,23.67,237,25.57,110,25.17,30,16.33,197,9.11,353
"2024","Houston",76.08,331,-1.94,347,-0.78,283,-1.24,330,-1.52,334,0.13,173,-1.36,345,2.17019,105,37.1,57,15.74,293,17.03,271,21.09,126,19.8,178,26.23,37,32.3,234,26.47,172,20.6,96,13.52,113,6.98,215,24.85,195,24.7,136,18.83,195,19.44,78,12.04,273
"2024","Houston Christian",77.6,109,0.05,165,-0.03,174,0.96,58,0.1,176,1.17,86,0.01,168,0.691503,351,31.27,187,17.26,248,14.9,320,24.57,40,17.17,271,25.91,40,27.7,308,23.45,227,25.87,32,12.22,147,10.46,101,30.17,62,18.55,311,23.36,67,12.27,325,15.43,125
"2024","Howard",76.49,285,-0.5,234,-1.17,324,-0.52,250,-0.56,256,-0.5,237,-0.83,292,1.1827,299,37.14,56,23.58,62,15.67,301,20.65,144,23.97,64,16.06,306,24.87,332,20.84,274,22.85,61,19.55,19,11.8,70,27.98,113,23.03,183,22.48,87,14.92,260,11.52,293
"2024","Idaho",76.77,240,-0.41,211,0.86,76,-0.66,269,-0.24,213,-1.43,291,0.22,144,0.177757,362,35.13,104,20.83,131,24.34,49,14.57,338,19.55,191,20.53,193,34.96,194,33.79,63,8.1,349,11.17,185,11.75,71,29.64,75,26.18,98,15.87,298,17.94,128,10.16,331
"2024","Idaho St.",77.42,139,-0.67,252,0.45,116,0.26,146,-0.24,213,1.56,52,-0.11,179,1.22049,292,21.31,349,26.06,20,20.11,166,15.66,307,19.61,186,18.55,241,38.74,137,20.21,288,23.07,59,4.92,343,13.06,56,26.05,159,21.21,242,21.1,129,17.96,127,13.68,201
"2024","Illinois",78.69,10,0.04,166,0.66,95,1.12,43,2.76,2,3.14,3,0.35,130,2.9562,15,34.3,123,19.91,158,19.42,197,15.22,320,26.55,24,18.79,235,27.29,311,21.92,258,23.16,56,9.04,251,18.5,10,23.73,233,27.68,61,19,191,15.75,220,13.71,199
"2024","Illinois Chicago",77.62,105,-1,295,-0.08,198,-0.15,190,1.31,37,2.28,20,-0.54,248,1.90591,166,24.11,326,23.32,67,20.03,170,23.97,48,16.08,307,16.43,294,21.66,345,31.4,91,9.61,337,11.23,183,25.98,3,26.44,147,20.64,259,15.8,302,17.33,153,19.64,30
"2024","Illinois St.",76.13,329,-0.07,179,-0.72,273,-1.55,346,-1.41,331,-1.32,288,-0.4,233,2.46449,58,32.35,171,20.81,133,17.64,257,15.53,310,20.71,151,25.17,57,44.49,56,30.19,105,10.45,321,6.51,319,8.13,176,30.04,66,23.14,181,17.42,245,17.09,163,12.13,269
"2024","Incarnate Word",76.67,261,-0.85,271,-0.6,256,-0.18,209,-0.79,275,0.05,190,-0.72,282,1.06017,313,33.4,139,23.32,68,22.96,78,15.83,303,23.55,74,14.17,343,32.72,229,23.62,221,25.94,31,12.9,128,4.63,308,27.68,120,22.75,194,18.64,201,12.81,308,17.94,58
"2024","Indiana",79.13,3,1.93,21,1.59,23,2.69,3,2.01,11,1.7,43,1.76,17,1.66011,222,31.67,178,24.59,37,24.36,47,22.43,90,16.24,300,12.35,352,33.08,221,29.81,110,22.01,75,8.78,260,6.27,246,34.81,14,22.01,215,22.01,101,7.32,362,13.79,195
"2024","Indiana St.",76.61,270,0.22,143,0.18,146,-0.7,273,-0.21,209,-2.14,327,0.2,147,2.05475,126,22.93,338,22.61,84,20.26,162,18.46,231,15.25,326,23.27,93,31.09,255,32.25,85,18.58,139,11.83,160,6.05,260,30.15,64,23.87,160,21.33,125,10.83,354,13.65,202
"2024","Iona",76.56,278,-1.2,309,-0.4,231,-0.49,243,-0.09,190,-0.75,264,-0.8,289,1.91025,165,37.36,52,15.81,291,14.53,328,27.2,14,25.04,46,17.31,276,31.8,244,10.69,359,30.58,10,19.69,16,7.18,208,15.55,357,15.97,347,22.95,78,24.02,6,21.44,16
"2024","Iowa",78.28,29,0.06,163,1.8,16,1.73,20,1.28,39,0.81,114,0.93,67,1.91982,163,35.63,89,21,127,22.66,83,20.63,146,18.74,221,16.91,284,28.04,302,23.84,217,19.5,113,13.61,110,14.89,35,23.65,239,20.53,261,28.35,7,18.15,119,9.24,350
"2024","Iowa St.",77.43,133,-0.08,181,0.67,93,0.15,158,0.36,145,0.35,154,0.3,138,2.03778,129,30.15,220,19.04,190,19.49,193,19.93,179,20.6,156,20.94,171,41.7,100,14.46,348,18.69,135,9.72,233,15.43,31,18.84,338,17.34,330,22.43,89,19.34,81,22.05,12
"2024","IUPUI",76.62,269,-0.21,199,-1,305,-0.76,279,0.29,153,-0.97,280,-0.61,259,1.42026,261,35.8,85,13.47,345,15.64,303,20.91,136,24.98,47,24.98,65,31.09,256,21.72,261,20.11,107,19.64,17,7.39,201,28.82,92,19.89,275,19.12,188,18.72,100,13.42,211
"2024","Jackson St.",75.53,354,-1.68,338,-1.05,319,-0.15,190,-0.87,283,-4.36,362,-1.36,346,2.28859,87,23.39,333,19.8,165,15.03,315,28.23,7,19.76,179,17.05,281,32.31,233,34.94,48,13.43,257,9.97,225,9.17,143,20.83,307,25.09,124,21.76,115,19.78,64,12.44,258
"2024","Jacksonville",77,205,-0.42,220,0.13,149,-1.41,340,-0.24,213,1.2,81,-0.14,181,1.65206,223,35.51,93,12.8,350,17.68,253,28.07,10,17.63,252,23.7,85,36.42,168,30.72,97,15.11,216,3.34,357,14.21,44,27.1,131,30.79,22,14.71,321,11.32,349,15.87,106
"2024","Jacksonville St.",77.71,90,-0.47,229,-0.06,197,0.7,96,1.2,42,1.46,59,-0.27,208,1.42383,259,35.64,88,20.35,144,14.73,324,16.57,292,15.57,321,32.69,3,45.08,51,22.78,238,17.58,159,6.87,307,7.5,197,24.36,212,19.77,282,25.7,23,17.64,138,12.41,260
"2024","James Madison",77.18,169,-0.8,267,0.12,151,0.68,99,0.45,130,-0.25,212,-0.34,223,3.14004,7,30.38,211,27.47,10,17.52,260,23.08,73,16.04,311,15.9,310,46.57,37,19.95,293,17.28,165,12.36,142,3.84,328,34.65,15,17.72,324,18.67,200,19.25,85,9.71,340
"2024","Kansas",78.72,9,3.86,2,0.63,99,1.85,12,0.29,151,1.23,78,2.24,8,2.94751,16,19.89,355,27.23,13,20.51,148,27.78,12,14.06,344,10.22,360,43.67,67,26.13,175,12.88,271,14.3,93,2.82,352,38.9,3,17.19,332,23.07,74,12.76,309,7.87,360
"2024","Kansas St.",76.77,242,0.72,95,0.68,91,-0.61,257,-1.04,297,-1.65,303,0.7,83,1.95382,155,24.51,317,17.59,240,19.84,177,20.64,145,19.62,185,22.22,120,32.08,240,34.39,53,16.25,193,11.51,176,5.63,278,26.17,155,29.32,35,20.8,136,12.55,317,11.03,311
"2024","Kennesaw St.",76.66,262,-0.73,262,0.21,142,0.93,61,-0.58,260,-2.26,333,-0.26,207,1.93035,161,28.37,261,17.76,235,16.28,293,18.94,211,22.16,103,24.82,69,43.4,70,26.63,171,14.09,237,6.9,306,8.87,152,25.81,165,26.35,93,19.41,173,11.96,337,16.42,97
"2024","Kent St.",75.8,348,-1.55,332,-0.82,289,-0.44,234,-1.52,335,-2.4,337,-1.18,328,1.77161,190,29.72,232,17.78,233,24.52,42,20.8,138,15.68,319,21.08,165,32.29,235,36.61,34,17.45,163,5.9,329,7.56,193,27.22,127,27.45,67,19.12,187,14.85,261,11.19,308
"2024","Kentucky",78.36,26,0.55,112,1.07,48,1.56,25,0.76,78,2.13,26,0.81,73,1.92768,162,29.21,240,16.45,277,14.38,331,24.02,47,22.04,110,23.08,100,29.83,278,34.34,55,23.86,51,6.65,315,5.21,287,23.61,241,22.76,193,15.7,303,13.64,296,24.24,7
"2024","La Salle",75.97,338,-0.31,207,-1.65,343,-0.63,264,-1.59,338,-1.7,308,-0.98,307,2.01428,136,22.58,340,16.37,281,18.69,221,18.45,232,24.25,59,22.14,124,30.38,272,20.1,291,20.65,93,18.52,25,10.19,108,24,221,19.52,285,22.88,81,19.93,61,13.57,204
"2024","Lafayette",77.38,145,1.58,42,-0.03,174,1.41,31,0.19,165,-2,323,0.77,75,1.33267,277,33.22,144,27.29,11,22.51,86,18.17,238,16.08,308,15.83,312,35.34,189,19.14,303,25.81,33,7.67,292,11.94,66,24.72,203,19.81,277,24.45,50,18.69,101,12.22,265
"2024","Lamar",76.34,309,0.07,160,-0.65,264,0.34,136,-2.24,354,-1.54,296,-0.29,211,1.15863,302,39.57,31,19.09,189,23.68,65,18.98,209,17.53,257,20.61,187,50.75,13,16.75,331,19.45,115,9.53,238,3.33,339,31.05,52,21.24,241,22.3,93,14.13,281,11.13,310
"2024","Le Moyne",75.91,342,-1.81,341,-0.7,270,-0.89,294,-1.18,307,-1.6,300,-1.26,334,1.20609,296,31.21,191,26.5,17,28.4,6,18.06,241,15.42,324,11.62,356,26.95,316,25.15,192,18.28,145,16.36,45,13.27,54,23.06,257,25.2,121,15.38,314,17.07,165,19.29,35
"2024","Lehigh",76,334,-0.94,287,-0.13,202,-1.15,313,-1.11,301,-2.43,339,-0.54,247,1.54216,240,36.58,67,17.19,251,12.99,349,24.99,34,25.97,30,18.71,238,41.84,97,25.97,179,18.91,129,6.83,308,6.26,247,22.37,274,23.73,163,24.93,34,18.56,110,10.25,328
"2024","Liberty",74.72,361,-2.41,358,-0.03,174,-2.25,359,-3.74,362,-3.7,357,-1.22,332,2.4319,66,26.91,285,19.5,175,25.05,37,17.26,265,22.39,95,15.63,319,30.88,264,21.2,264,32.2,6,12.16,149,3.4,337,22.75,267,24.48,141,26.24,18,13.66,295,12.72,243
"2024","Lindenwood",77.38,144,-2.1,350,-0.03,174,0.6,106,0.58,111,2.13,26,-1.06,316,1.50777,249,34.63,114,18.82,195,25.95,26,18.92,213,11.75,359,24.39,76,29.65,281,10.48,360,20.69,92,23.5,7,15.5,29,22.14,283,24.23,149,18.29,214,17.38,150,17.78,60
"2024","Lipscomb",76.49,286,0.2,146,-1.38,335,-1.71,349,-0.24,213,-0.11,199,-0.59,253,1.89979,168,30,225,18.64,202,18.91,216,22.25,95,24.82,48,15.38,322,36.75,166,20.43,284,17.61,158,16.98,37,8.23,172,26.38,149,17.43,328,15.01,318,22.42,15,18.77,42
"2024","Little Rock",76.43,295,-1.41,322,0.2,145,-0.38,224,-1.57,337,-0.42,225,-0.61,261,1.33638,276,30.35,214,15.99,287,20.2,163,22.23,97,18.57,229,22.99,103,25.26,329,25.35,190,28.38,14,9.57,234,11.42,78,23.07,256,19.06,299,20.22,151,14,285,23.62,8
"2024","LIU",76.33,313,0.77,90,-1.2,326,-1.75,350,-1.24,312,-0.66,255,-0.22,195,1.00657,320,33.57,135,15.52,298,19.22,206,18.92,212,25.63,33,20.71,184,37.87,154,12.45,355,20.13,106,15.29,68,14.27,43,24.03,218,21.9,219,20.67,138,16.07,208,17.33,74
"2024","Long Beach St.",76.79,238,0.59,106,-0.99,303,-0.15,190,0.54,122,-1.78,315,-0.2,193,2.43882,64,28.84,248,18.23,216,18.02,245,21.38,117,20.37,164,21.94,131,38.98,133,16.46,333,18.57,140,16.3,48,9.65,128,32.09,41,19.81,278,24.93,33,14.34,274,8.77,357
"2024","Longwood",77.13,177,0.14,155,-1.03,307,0.85,64,-0.18,203,0.13,173,-0.45,238,2.07948,120,29.57,235,25.19,29,13.13,347,22.93,76,16.15,305,22.42,114,38.02,150,13.51,353,20.18,104,18.09,27,9.97,115,25.34,175,14.59,354,30.27,3,16.98,169,12.61,251
"2024","Louisiana",76.44,294,-1.56,333,-0.33,222,0.23,152,-1.99,349,0.13,173,-0.95,304,1.70964,210,25.37,308,18.34,211,22.19,91,25.1,33,16.54,288,17.68,265,36.2,171,36.89,32,14.55,224,9,253,3.16,342,22.67,268,34.28,6,19.12,189,12.37,324,11.38,300
"2024","Louisiana Monroe",77.8,80,1.51,45,1.27,42,-0.24,217,0.76,79,-0.05,195,1.39,28,1.28978,285,36.46,68,14.06,332,21.45,111,21.88,106,21.51,129,20.9,176,35.79,182,24.28,205,11.93,292,16.18,49,11.61,74,20.24,317,24.75,131,12.46,354,26.33,2,16.02,103
"2024","Louisiana Tech",77.21,165,0.71,97,0.02,163,-0.41,231,-0.57,257,0.55,131,0.36,125,1.99205,139,32.83,159,23.17,71,17.01,272,23.02,75,16.66,283,19.97,207,42.02,96,29.57,115,17.2,169,6.64,316,4.35,313,29.95,67,22.58,198,17.71,234,15.33,238,14.23,173
"2024","Louisville",77.71,89,0.75,93,0.45,119,0.39,131,0.87,66,0.39,148,0.6,89,1.12728,307,26.99,282,16.77,266,20.33,158,18.42,233,23.27,80,21.21,157,40.18,119,24.02,210,18.69,133,10.36,215,6.74,226,28.43,102,20.56,260,19.76,161,19.75,65,11.5,294
"2024","Loyola Chicago",76.77,241,-0.52,236,-0.75,279,-0.54,252,0.41,139,-0.49,232,-0.63,265,2.62472,39,38.03,43,22.98,76,24.27,52,23.91,49,13.84,346,14.97,331,47.17,28,24.03,209,11.68,297,11.26,180,5.79,269,27.39,125,21.31,236,18.02,223,16.76,176,16.48,92
"2024","Loyola Marymount",77.48,128,2.03,18,0.13,150,-0.38,223,-0.31,238,0.22,166,1.08,53,2.62245,40,35.28,100,14.54,322,16.48,285,19.67,190,26.68,23,22.63,110,39.91,120,24.71,199,17.1,175,9.54,236,8.73,156,29.32,78,22.85,189,17.32,252,17.72,136,12.79,237
"2024","Loyola MD",76.31,317,0.59,106,1.31,39,-0.65,267,-1.25,323,-4.18,361,0.95,65,1.70751,211,32.44,167,23.14,72,18.9,217,12.45,359,19.98,173,25.4,51,43.92,62,23.21,231,14.75,221,13.65,106,4.27,318,36.66,6,21.54,230,15.42,312,14.95,257,11.26,306
"2024","LSU",78.43,20,1.76,28,2.85,2,0.85,64,0.72,97,0.25,161,2.3,6,2.32687,83,42.22,13,23.24,70,19.67,185,24.04,45,17.42,261,15.57,320,32.53,231,27.13,161,18.94,128,14.3,92,7.03,214,25.23,176,25.04,126,17.36,250,15.13,248,17.2,78
"2024","Maine",77.46,130,-0.38,210,-0.35,226,-0.6,256,0.76,79,2.15,22,-0.37,230,2.10068,117,28.37,260,16.65,269,26.68,21,19.61,193,15.13,331,21.85,133,31.15,253,37.41,26,9.92,332,10.66,202,10.73,91,31.41,47,32.7,12,8.83,362,11.33,348,15.61,117
"2024","Manhattan",76.38,303,-1.48,330,-0.6,260,-0.89,295,-0.33,241,-0.51,240,-1.04,315,0.754004,346,33.18,147,24.66,36,20.09,167,18.58,228,21.01,143,15.66,317,34.38,205,28.92,128,12.26,286,14.86,77,9.57,131,20.26,315,33.03,10,19.41,174,15.91,214,11.39,299
"2024","Marist",76.46,291,-1.17,307,-1.52,340,-0.64,265,-0.25,232,0.13,173,-1.34,342,1.1911,298,38.35,39,28.73,6,14.09,338,15.46,313,22.54,92,19,232,35.94,179,29.24,123,21.21,88,5.47,336,7.89,183,19.28,330,19.43,288,24.61,43,19.95,60,16.51,91
"2024","Marquette",77.66,100,1.59,37,0.77,83,-0.15,190,0.29,152,0.05,189,1.18,49,2.07473,121,30.37,213,21.12,122,17.83,250,21.82,109,17.41,263,21.68,139,42.71,80,17.79,317,11.87,295,17.93,30,9.51,134,23.83,228,20.94,248,18.38,212,16.96,170,19.75,29
"2024","Marshall",77.74,86,-0.52,235,0.97,58,1.98,10,0.23,160,0.32,156,0.22,145,2.64125,35,24.33,322,21.42,111,16.69,281,20.97,133,20.5,159,20.4,196,22.76,343,17.13,324,35.28,3,17.26,33,7.51,196,24.68,205,23.02,184,28.96,6,13.82,288,9.45,343
"2024","Maryland",77.81,76,-0.14,189,0.24,140,0.71,95,1.76,16,0.78,117,0.05,163,2.5396,47,28.66,252,23.34,66,18.15,240,15.1,325,15.03,332,28.32,19,36.98,164,16.28,338,21.32,87,14.36,89,10.96,85,33.96,24,17.8,322,13.66,339,16.75,177,17.77,61
"2024","Maryland Eastern Shore",76.48,288,-1.39,321,-0.79,284,-0.12,187,-0.23,211,-0.79,267,-1.09,318,0.676524,352,40.03,28,20.71,136,25.42,31,18,242,21.3,136,14.45,340,29.43,282,28.87,130,11.89,293,16.09,52,13.54,50,29.16,83,29.23,36,15.83,300,7.85,361,17.74,63
"2024","Massachusetts",76.58,273,-0.03,177,-0.02,170,-0.72,275,-1.17,305,-0.87,270,-0.02,174,1.34174,274,32.71,160,26.13,19,25.29,34,12.82,356,17.56,256,18.07,254,28.27,299,31.06,94,23.51,53,6.82,309,10.22,107,25.5,172,29.73,30,16,294,12.04,336,16.59,88
"2024","McNeese St.",76,335,-1.04,300,-1.03,307,-1.18,328,-1.62,339,-0.87,270,-1.04,314,2.15576,107,21.43,348,18.76,198,17.68,254,19.61,192,12.55,354,31.35,5,25.34,328,40.01,14,10.76,314,5.92,327,17.92,12,22.81,263,28.49,50,13.89,335,13.44,302,21.32,17
"2024","Memphis",77.83,71,0.04,168,0.68,92,1.01,53,1.39,34,0.33,155,0.36,129,2.56482,44,32.43,169,20.17,149,15.63,304,29.82,3,14.88,334,19.5,224,43.01,74,16.5,332,25.16,40,8.67,266,6.66,231,27.91,114,17.56,326,23.38,65,16.08,207,15.07,141
"2024","Mercer",75.91,341,-0.93,284,-0.39,229,-1.12,309,-1.1,300,-2.65,346,-0.66,270,1.77088,191,40.99,20,23.63,59,27.45,12,20.79,139,18.17,244,9.8,362,30.45,270,22.4,247,16.66,188,14.72,82,15.56,27,30.15,63,24.04,154,16.99,264,18.06,125,10.58,319
"2024","Merrimack",76.68,259,0,173,-0.64,263,-0.22,213,0.24,158,-1.71,309,-0.32,219,1.72419,207,32.07,174,17.04,256,13.92,342,27.01,16,22.43,94,19.53,223,29.14,286,20.99,272,23.76,52,13.97,99,11.98,63,28.55,97,19,301,24.55,46,17.41,148,10.38,324
"2024","Miami FL",77.32,152,-0.74,264,-0.03,174,1.65,23,0.32,149,-0.32,221,-0.39,232,2.26119,91,27.43,276,14.04,334,23.58,66,23.75,53,20.54,158,18.02,258,23.57,342,37.14,30,26.64,25,8.41,275,4.07,323,21.31,297,28.67,47,18.95,193,19.3,84,11.68,288
"2024","Miami OH",76.64,264,-0.28,203,-1.6,342,-0.15,190,0.01,181,-0.5,234,-0.94,301,0.825577,337,34.13,125,22.5,87,20.14,165,19.52,194,21.6,128,16.2,302,45.62,45,18.4,311,14.3,230,10.48,208,11.12,82,21.51,295,20.91,250,25.68,24,17.6,141,14.27,172
"2024","Michigan",78.06,48,0.59,106,1.92,13,2.19,5,1.44,30,-1.57,299,1.25,40,1.77754,186,17.22,361,16.61,270,23.88,61,19.76,187,16.27,299,23.43,89,32.47,232,26.12,176,16.78,185,15.28,69,9.29,140,24.65,206,27.05,75,15.94,296,16.63,183,15.66,114
"2024","Michigan St.",77.15,174,0.83,83,0.12,152,-1.01,300,-0.31,236,0.39,147,0.48,107,2.29984,86,36.74,64,14.54,324,18.59,226,20.87,137,16.84,280,29.16,16,40.69,115,26.38,174,13.13,266,13.06,123,6.75,225,35,12,20.65,258,16.9,268,15.84,218,11.6,291
"2024","Middle Tennessee",77.93,63,1.02,71,0.94,67,0.58,110,1.07,52,0.35,152,0.98,61,1.87366,173,26.2,298,20.95,130,23.44,71,16.31,299,17.5,258,21.8,134,42.19,94,15.66,342,17.17,171,16.01,53,8.96,149,33.65,26,21.27,238,13.81,337,16.79,175,14.48,165
"2024","Milwaukee",76.71,250,-0.44,224,-0.6,258,-0.4,229,-0.12,194,-0.6,247,-0.52,246,0.978559,327,38.77,35,18.51,204,21.53,109,24.13,44,16.06,309,19.69,217,38.58,139,21.13,268,13.43,256,9.13,249,17.6,14,28.03,110,24,155,17.7,235,15.23,241,14.95,146
"2024","Minnesota",77.54,117,0.84,81,1.36,36,1.21,36,-0.19,204,-1.25,286,1.1,52,1.84992,179,34.33,121,23.67,57,21.78,99,22.32,92,16.31,297,15.77,314,31.53,249,34.33,56,10.36,323,15.67,58,7.96,182,24.15,216,25.32,118,17.34,251,17.72,135,15.33,131
"2024","Mississippi",77.73,87,3.64,3,-0.02,172,-0.38,226,0.76,79,-1.1,282,1.81,16,2.74746,26,25.5,306,13.48,344,23.95,57,18.18,236,23.29,79,21,169,38.84,134,30.31,102,17.91,153,9.53,237,3.25,341,26.14,156,26.54,84,18.99,192,16.28,202,11.92,281
"2024","Mississippi St.",76.86,224,0.64,103,-0.03,174,0.54,114,-0.88,284,-1.68,305,0.3,137,2.43059,67,33.38,141,20.69,137,16.37,291,15.95,302,18.72,222,28.13,20,43.6,69,23.45,226,19.15,124,7.92,286,5.67,276,30.39,57,26.21,97,17.51,242,12.39,323,13.34,216
"2024","Mississippi Valley St.",76.44,293,-1.39,320,-0.47,240,0.57,112,-0.63,262,-1.6,302,-0.93,300,0.694701,350,36.08,78,11.34,360,21.28,116,29.51,4,12.2,356,25.53,49,25.85,325,24.92,198,30.91,9,10.06,222,8.13,178,24.22,213,22.81,190,21.11,127,14.63,267,17.08,80
"2024","Missouri",76.7,255,1.79,26,-0.83,292,-0.88,291,-0.39,242,-1.97,321,0.48,106,2.97668,13,34,129,14.86,313,18.63,224,22.63,81,25.41,39,18.35,249,31.02,258,25.36,188,21.47,86,10.41,211,11.52,76,26.88,139,29.01,38,19.91,159,14.57,269,9.45,344
"2024","Missouri St.",77.19,168,-0.95,289,0.97,58,0.72,94,-0.42,243,-0.12,201,0.01,167,2.12967,112,31.76,177,19.13,185,23.48,70,19.63,191,16.53,290,21.16,162,35.94,178,27.9,151,17.24,167,11.72,172,7.12,211,27.41,124,24.64,137,23.42,64,11.69,340,12.76,239
"2024","Monmouth",77.78,83,0.19,147,0.92,72,0.25,147,0.43,135,1.41,63,0.56,95,1.70653,213,24.44,319,19.68,169,21.21,119,16.42,297,25.26,41,17.38,274,40.21,118,15.18,343,24.15,48,13.55,112,6.82,222,30.25,59,14.86,353,24.79,38,16.33,198,13.71,198
"2024","Montana",77,204,-0.44,225,0.58,104,-0.94,298,-0.24,213,0.32,157,0.07,159,2.62065,41,33.52,137,21.25,116,17.23,267,23.38,66,21.76,121,16.38,297,23.8,339,54.5,1,12.5,282,2.81,360,6.38,238,23.35,248,24.71,134,24.75,41,14.96,254,12.22,264
"2024","Montana St.",77.03,194,-1.41,322,0.1,155,1.08,48,0.22,161,-0.59,245,-0.66,269,1.7508,198,28.29,263,13.85,338,26.92,18,23.4,64,14.49,338,21.2,158,4.28,362,16.87,327,35.48,2,21.57,12,21.62,6,13.42,362,21.71,224,16.26,286,15.55,228,32.93,2
"2024","Morehead St.",78,59,0.7,100,-0.03,174,0.16,157,1.31,38,2.16,21,0.33,134,1.87017,175,26.95,283,12.3,354,23.51,68,24.59,39,22.15,104,17.33,275,34.45,204,30.24,104,13.25,263,14.75,80,7.15,210,20.5,309,26.6,82,21.66,118,19.59,74,11.5,295
"2024","Morgan St.",76.47,290,1.46,47,-0.49,243,-0.79,280,-1.07,298,-2.47,340,0.48,105,0.835747,334,36.44,69,15.87,289,20.45,153,17.75,249,27.25,19,18.65,239,35.89,180,16.44,336,25.95,29,10.97,191,10.72,92,29.67,74,19.95,274,23.96,57,16.65,181,9.73,337
"2024","Mount St. Mary's",77.27,158,-0.88,277,-0.34,225,-0.1,185,0.76,79,1.18,85,-0.61,260,2.0145,135,29.54,236,19.54,173,14.37,332,25.79,27,22.13,106,18.04,256,36.4,169,37.49,24,9.65,336,8.74,262,7.54,194,27.45,122,22.05,214,16.36,285,16.18,204,17.81,59
"2024","Murray St.",76.38,304,-1.64,337,-0.95,301,-1.15,313,-0.52,251,0.43,144,-1.3,337,2.41481,71,27.56,273,17.32,246,13.51,345,24.96,35,20.42,162,23.77,83,38.39,143,29.42,119,15.68,207,10.43,210,5.99,262,29.28,80,14.93,350,23.07,76,19.34,80,13.32,218
"2024","N.C. State",77.01,200,0.25,138,-0.02,171,-1.37,337,-0.66,266,1.13,89,0.11,155,2.96627,14,28.39,259,19.67,170,21.36,114,21.46,115,16.22,301,21.22,156,34.34,207,28.83,132,11.35,304,14.27,95,11.09,83,33.11,31,22.29,210,15.47,311,13.74,292,15.24,133
"2024","Navy",74.65,362,-1.97,349,-2.53,361,-2.25,358,-3.03,360,-2.69,348,-2.25,360,0.780354,343,36.89,60,19.49,176,20.97,130,17.73,250,16.53,291,25.11,59,30.04,276,34.21,60,21.2,89,5.3,340,8.96,150,21.98,284,28.9,41,18.23,217,15.58,226,15.1,139
"2024","Nebraska",77.45,131,-0.08,182,0.4,123,0.64,101,0.37,142,0.19,171,0.16,151,2.52982,48,36.82,62,20.69,138,20.17,164,20.95,134,17.2,267,20.85,179,29.89,277,25.08,196,27.12,20,10.2,220,7.53,195,28.12,104,21.88,220,19.29,180,16.54,186,14.01,179
"2024","Nebraska Omaha",77.32,153,-0.29,204,0.62,100,1,57,-0.72,272,0.24,162,0.17,149,1.35193,272,32.56,165,19.81,162,22.05,94,25.84,26,19.07,208,13.2,349,32.82,226,33.21,71,15.85,204,9.75,230,8.32,171,23.33,250,21.26,240,18.69,198,16.5,188,20.19,23
"2024","Nevada",77.99,60,0.42,126,0.33,131,0.85,64,1.42,33,1.21,79,0.37,120,3.14928,6,26.44,293,21.08,124,14.95,318,19.24,203,27.1,22,17.47,272,42.35,90,13.73,350,22.67,64,14.29,94,6.7,228,27.65,121,19.41,290,24.9,35,14.28,278,13.55,205
"2024","New Hampshire",76.19,326,-1.58,335,-1.03,307,-0.22,214,0.16,170,-2.09,325,-1.3,339,1.31624,279,27.04,281,14.61,319,21.22,117,19.44,197,17.48,259,27.2,26,38.8,136,23.26,229,13.37,261,12.86,132,11.6,75,19.41,328,23.45,175,23.79,60,14.96,255,18.31,51
"2024","New Mexico",77.42,138,0.54,113,1.25,43,-0.22,215,-0.46,248,0.27,160,0.9,69,2.39085,76,37.92,44,14.65,318,20.97,132,14.77,333,24.39,57,25.14,58,34.15,210,33.58,66,16.28,192,8.87,257,7.04,213,23.44,247,26.71,80,20.33,149,15.89,216,13.53,206
"2024","New Mexico St.",76.98,208,-0.03,178,-0.28,215,-0.4,228,-1.24,312,1.13,89,-0.15,184,1.94096,158,35.39,98,17.06,255,27.41,13,18.83,216,15.69,318,21.01,168,32.82,227,33.5,67,23.12,57,5.88,331,4.69,304,26.42,148,21.76,221,19.71,163,17.3,154,14.81,151
"2024","New Orleans",76.53,281,-0.49,233,-0.81,286,-1.15,313,-0.82,278,0.21,168,-0.65,268,2.02234,134,32.88,155,16.72,267,13.24,346,15.46,312,19.88,175,34.68,2,28.26,300,22.77,239,21.5,85,24.06,4,3.32,340,25.49,173,21.93,218,23.95,58,11.6,342,16.98,82
"2024","Niagara",76.01,332,0.76,91,-0.66,265,-1.41,339,-1.7,341,-2.66,347,0.05,162,1.96943,148,33.03,152,17.64,238,21.14,123,15.22,319,22.62,91,23.22,97,44.1,60,26.44,173,17.81,154,6.74,311,4.66,306,31.11,50,25.73,107,17.12,256,11.34,347,14.49,164
"2024","Nicholls St.",76.88,220,-0.91,282,-0.72,272,-0.85,288,0.59,109,0.54,132,-0.81,290,1.21561,294,25.69,301,20.75,135,28.3,9,18.78,220,17.18,270,14.87,333,38.69,138,31.1,93,13.77,246,6.57,318,9.73,124,25.65,169,34.66,5,17.57,239,10.05,357,11.93,280
"2024","NJIT",76.32,315,-0.67,253,-2.02,353,-1.15,313,0.13,175,-0.39,223,-1.34,343,1.77748,187,30.02,224,19.42,178,19.94,172,17.08,274,18.63,227,24.93,67,37.52,157,19.37,300,14.29,231,13.34,116,15.48,30,21.07,305,30.9,20,17.05,260,18.24,116,12.73,242
"2024","Norfolk St.",77.13,176,0.04,167,-0.47,241,0.23,154,0.62,105,-0.48,231,-0.22,196,1.9009,167,41.77,15,14.54,323,13.12,348,16.5,294,23.39,76,32.41,4,31,259,26.92,164,20.34,100,12.91,127,8.75,155,19.77,325,24.04,153,26.39,16,12.49,319,17.24,77
"2024","North Alabama",76.71,251,-0.21,198,-0.17,206,-0.63,262,-0.9,289,-0.26,215,-0.19,190,2.00014,138,40.64,22,17.14,253,18.46,229,16.35,298,21.13,140,26.79,33,41.66,102,29.26,122,15.85,203,9.4,241,3.66,333,33.51,28,23.66,167,20.67,139,11.68,341,10.35,325
"2024","North Carolina",77.35,150,1.29,53,0.83,79,0.31,140,-0.71,271,-0.72,262,1.06,55,3.18321,4,27.57,272,24.2,44,16,296,16.51,293,16.2,302,27.05,28,44.79,55,25.12,195,12.03,289,12.83,134,5.16,289,36.54,7,22.93,187,15.33,315,12.41,321,12.72,244
"2024","North Carolina A&T",76.17,327,-0.65,248,-0.73,276,-0.42,232,-0.79,276,-2.29,334,-0.69,275,0.544324,355,31.46,182,13.86,337,19.79,178,17.29,263,28.6,14,20.38,200,35.57,187,28.16,145,12.67,276,14.78,79,8.64,160,33.97,23,20.97,247,16.96,266,13.97,286,13.98,182
"2024","North Carolina Central",75.9,343,-0.87,276,-1.45,336,-1.02,301,-0.24,212,-2.62,344,-1.16,324,1.26806,287,35.57,91,14.68,317,11.4,361,22.59,82,25.57,34,25.77,44,40.95,111,17.34,320,23.1,58,11.76,166,6.85,221,23.89,225,13.36,359,23.36,68,21.86,22,17.53,70
"2024","North Dakota",78.4,21,-0.46,228,0.97,58,1.59,24,1.07,53,3.13,4,0.25,143,1.63449,226,30.57,201,18.12,220,22.98,77,26.43,20,19.04,210,13.3,348,32.83,224,29.48,117,11.7,296,14.45,88,11.35,80,20.26,316,26.09,100,12.57,351,18.59,105,22.36,11
"2024","North Dakota St.",76.79,236,0.5,118,-0.82,291,-0.88,293,-0.09,189,-0.47,229,-0.16,185,1.45821,256,29.73,231,24.39,40,18.25,237,19.32,201,18.48,233,19.56,222,41.2,109,34.31,58,17.69,155,4.96,342,1.84,359,22.53,271,25.6,109,19.34,177,17.62,140,14.9,147
"2024","North Florida",76.59,271,-1.88,344,-0.82,290,0.3,141,0.76,79,-1.11,283,-1.35,344,1.76542,196,37.9,45,18.38,208,16.48,286,14.1,343,28.55,15,22.46,113,30.53,268,34.92,49,17.38,164,10.49,207,6.65,233,20.19,319,24.49,140,17.91,228,21.55,28,15.82,109
"2024","North Texas",76.81,232,-0.43,223,-0.47,242,-0.51,247,0.06,178,-0.29,219,-0.45,240,2.12884,113,30.38,209,12.69,351,21.61,107,18.36,234,17.36,264,29.97,8,57.22,3,22.5,245,11.29,306,6.6,317,2.4,356,40.14,1,23.65,168,13.53,343,12.18,331,10.5,320
"2024","Northeastern",78.13,45,-1.57,334,-0.46,237,0.85,64,2.33,6,3.78,1,-1.01,312,1.9791,144,34.36,118,18.35,210,20.81,137,19.98,176,20.42,161,20.39,198,18.76,356,28.69,136,14.06,239,18.51,26,19.89,7,19.52,327,26.44,87,11.73,357,15.61,225,26.63,3
"2024","Northern Arizona",76.34,310,-0.68,254,-1.3,330,-0.15,190,0.4,140,-2.31,336,-0.99,308,1.0673,311,27.35,277,22.06,101,26.05,25,16.77,286,17.21,266,17.88,262,35.57,186,11.28,357,15.6,208,29.44,1,8.03,179,28.72,94,16.61,341,21.9,106,18.2,118,14.5,163
"2024","Northern Colorado",77.49,126,0.25,137,1.19,45,0.63,103,-0.14,195,-0.25,211,0.72,81,1.3227,278,29.31,238,18.27,215,23.5,69,19.43,198,17.59,255,21.12,163,29.09,287,33.44,68,20.77,91,8.66,267,7.88,185,18.31,345,25.46,113,26.56,15,15.21,242,14.34,170
"2024","Northern Illinois",77.81,77,0.42,124,0.69,90,1.85,12,1.98,12,-1.6,300,0.56,94,1.21855,293,28.74,251,14.19,328,17.81,251,21.89,105,18.07,246,28,22,43.36,71,23.72,219,9.21,341,17.48,32,6.13,256,27.12,130,20.92,249,14.58,324,18.87,96,18.45,47
"2024","Northern Iowa",76.86,225,0.52,116,-1.03,307,0.03,167,0.78,76,-1.75,311,-0.26,205,2.19535,100,27.05,280,19.96,156,18.67,222,21.93,104,16.72,281,22.56,111,27.89,305,35.34,42,14.47,227,12.47,139,9.67,127,17.87,349,25.35,116,26.74,14,15.16,244,14.73,156
"2024","Northern Kentucky",76.71,253,-0.78,265,0.05,160,0.03,168,-0.98,293,-0.5,236,-0.37,231,2.03287,132,24.25,324,18.18,217,15.74,300,19.82,182,28,17,18.19,253,33.68,216,34.03,61,16.16,197,12.89,129,3.11,346,21.25,298,26.23,96,26.36,17,13.49,301,12.58,253
"2024","Northwestern",77.35,149,1.15,64,-0.59,255,-0.49,244,-0.17,202,1.13,89,0.28,140,2.65424,32,23.56,332,14.51,325,20.5,149,20.11,164,19.62,184,25.24,54,42.25,93,30.25,103,11.01,311,7.48,294,8.95,151,21.72,290,23.84,161,20.02,156,18.97,94,15.41,128
"2024","Northwestern St.",75.8,349,-1.58,336,-0.13,201,-0.79,281,-0.46,246,-3.77,358,-0.86,294,0.40071,361,34.58,115,18.39,207,15.14,312,21.3,120,24.49,54,20.63,186,43.33,72,22.91,235,14.65,222,13.81,104,5.2,288,20.39,312,27.93,57,16.76,272,19.64,70,15.24,134
"2024","Notre Dame",77.49,124,0.5,119,1.71,21,0.44,121,0.27,154,-1.19,285,1.11,51,0.527527,358,31.63,179,17.76,234,19.05,210,16.59,291,17.34,265,29.22,13,29.23,284,31.88,87,19.38,118,9.92,226,9.55,132,26.81,142,22.34,208,22.39,91,16.28,201,12.13,270
"2024","Oakland",76.42,296,-1.49,331,-1.18,325,-1.27,333,-0.24,213,0.57,129,-1.33,341,2.10047,118,30.07,223,20.82,132,24.45,43,17.14,269,18.4,237,19.06,231,31.9,242,24.93,197,27.04,22,6.66,314,9.33,138,18.97,336,28.72,44,21.54,122,15.93,212,14.71,157
"2024","Ohio",75.89,345,-0.43,222,-0.8,285,-2.11,356,-2.24,355,-0.69,258,-0.61,263,1.86648,176,30.9,197,15.92,288,19.36,200,19.78,185,20.47,160,24.44,75,30.93,261,20.32,286,24.89,41,13.1,122,10.72,93,24.98,192,17.69,325,22.83,83,16.03,209,18.4,49
"2024","Ohio St.",77.55,114,0.07,161,-0.03,174,0.76,89,0.09,177,1.13,89,0.02,166,2.06682,124,31.07,193,19.88,159,21.01,129,13.82,346,20.66,153,24.49,73,42.49,85,15.91,341,25.95,30,11.47,177,4.05,324,30.08,65,15.57,349,19.22,184,21.04,36,13.95,185
"2024","Oklahoma",77.63,104,0.7,99,-0.32,219,-0.26,218,0.76,79,1.54,53,0.19,148,1.9756,145,31.01,194,21.24,119,18.87,218,23.71,54,14.56,337,21.58,141,53.42,6,28.33,141,13.51,254,2.37,361,2.28,358,25,190,28.71,45,17.16,254,15.13,247,13.9,190
"2024","Oklahoma St.",77.8,79,0.81,85,0.31,134,0.26,144,0.58,115,1.31,71,0.56,93,1.76634,194,36.12,76,19.87,160,19.52,192,18.18,237,19.16,206,23.24,94,39.81,121,19.76,294,19.82,112,13.58,111,6.96,217,28.07,109,23.16,180,16.77,271,14.67,266,17.27,75
"2024","Old Dominion",76.32,316,-2.14,351,-1.77,349,-0.68,271,0.44,132,0.04,191,-1.96,357,1.21472,295,35.51,94,11.37,359,17.11,269,15.02,326,29.48,8,27.03,30,34.94,195,20.67,278,26.6,26,10.92,193,6.86,220,22.34,278,16.21,346,23.29,69,20.2,55,17.96,57
"2024","Oral Roberts",76.68,257,-0.24,201,-0.99,304,-0.63,260,-0.57,259,0.13,173,-0.62,264,2.26413,90,22.31,343,15.39,303,17.68,255,20.67,142,17.05,274,29.19,14,39.57,123,19.72,295,22.66,66,13.77,105,4.17,321,21.08,304,18.48,313,25.33,28,21.76,24,13.31,219
"2024","Oregon",76.41,299,0.31,134,-1.73,347,-1.15,313,-0.62,261,-0.46,228,-0.71,278,1.9366,160,34.99,107,17.68,237,19.62,188,23.31,69,18.43,234,20.91,175,48.03,21,21.29,263,15.34,214,7.88,287,7.37,202,29.71,73,19.77,283,22.09,97,16.36,195,12.02,274
"2024","Oregon St.",78.14,42,1.79,27,1.97,9,0.75,92,-0.57,258,1.02,105,1.88,15,1.2951,283,33.59,134,17.26,247,19.25,203,22.49,86,14.1,343,26.86,32,42.56,81,27.22,159,11.56,300,7.83,288,10.8,88,28.81,93,27.98,54,17.89,229,15.53,229,9.72,339
"2024","Pacific",76.73,247,-0.62,244,-0.49,244,-0.53,251,-0.83,279,0.4,146,-0.56,249,1.52894,247,36.88,61,22.54,85,24.34,48,16.94,283,16.06,310,20.01,205,43.8,65,17.98,315,14.02,240,12.04,153,11.95,65,29.84,69,16.78,338,23.52,62,16.41,193,13.33,217
"2024","Penn",76.69,256,-0.2,196,-1.46,337,-1.15,313,-0.05,186,0.6,128,-0.83,291,1.08578,310,29.18,241,18.38,209,16.23,294,19.77,186,19.61,187,25.89,41,28.76,293,33.68,64,16.54,190,11.24,181,9.61,129,28.1,107,18.39,315,20.67,140,20.28,52,12.4,262
"2024","Penn St.",77.16,173,0.72,96,0.78,82,0.66,100,-0.7,270,-1.4,290,0.75,80,2.45987,59,33.2,145,18.72,200,14.19,337,14.74,335,22.81,86,29.44,10,47.63,25,18.88,306,18.32,144,8.32,278,6.68,229,34.33,17,17.43,327,22.91,80,9.82,359,15.38,129
"2024","Pepperdine",77.5,122,-0.3,206,0.03,162,-0.06,179,1.76,16,0.35,153,-0.14,180,1.53998,242,29.06,243,15.32,306,28.3,10,15.4,314,24.1,62,16.84,286,38.23,148,33.06,74,17.18,170,5.82,333,5.67,275,21.18,302,37.96,2,12.53,352,15.14,246,13.15,225
"2024","Pittsburgh",79.05,6,2.09,16,1.81,14,1.92,11,1.55,28,2.13,26,1.95,13,2.05945,125,31.41,185,18.33,212,25.86,27,14.66,336,21.4,132,19.6,220,34.77,200,21.64,262,21.96,76,5.91,328,15.54,28,20.4,311,16.61,342,21.63,119,20.85,40,20.37,21
"2024","Portland",78.06,49,0.16,151,0.92,71,1,56,1.61,26,0.87,109,0.54,97,2.31995,84,25.08,313,19.79,166,19.7,182,23.61,56,21.61,126,15.16,326,33.95,213,22.68,241,14.51,226,13.39,115,15.31,33,25.89,164,30.14,26,18.14,219,16.12,206,9.59,341
"2024","Portland St.",77.01,197,-1.35,317,-1.03,307,0.24,150,1.13,49,0.36,151,-1.19,330,1.89334,169,32.94,153,15.47,302,25.83,28,19.46,196,18.15,245,20.94,172,31.56,248,32.33,83,19.35,119,8.57,269,7.99,180,18.81,340,28.67,46,22.48,88,15.92,213,13.92,186
"2024","Prairie View A&M",75.15,359,-2.98,361,-2.03,354,-0.61,258,-1.8,344,-2.56,342,-2.51,362,1.08868,309,36.29,72,16.46,276,28.37,8,20.6,147,16.17,303,18.41,246,31.05,257,9.51,362,15.24,215,15.62,60,28.52,2,31.43,46,25.74,106,10.82,360,12.73,311,19.25,37
"2024","Presbyterian",76.14,328,-1.85,342,-1.91,352,-1.15,313,-0.11,192,0.02,193,-1.88,356,1.87637,172,37.85,47,21.09,123,18.56,227,15.26,318,21.77,120,23.17,98,43.89,63,15.16,345,21.82,80,13.62,109,5.33,285,28.9,91,22.5,202,20.55,143,15.47,232,12.42,259
"2024","Princeton",76.41,298,-2.29,355,-0.25,212,-0.83,284,-0.15,198,-0.13,202,-1.27,336,1.33815,275,16.58,362,15.39,304,21.29,115,18.27,235,30.2,4,14.74,336,34.02,211,33.37,69,6.89,357,15.49,62,10.04,113,13.62,361,34.72,4,13.65,340,22.87,10,14.98,145
"2024","Providence",77.73,88,-0.08,180,-0.03,174,0.81,81,0.62,106,1.57,51,-0.05,176,2.12432,114,28.35,262,24.88,32,18.34,235,19.26,202,16.01,312,21.44,149,30.51,269,22.4,248,22.68,63,14.67,84,9.6,130,24.9,194,18.83,307,18.51,207,19.64,71,18.04,55
"2024","Purdue",78.17,39,5.03,1,1.05,49,0.41,126,-0.69,267,-0.69,257,3.04,1,2.34304,81,32.63,163,29.64,4,15.39,307,15.34,315,19.98,174,19.59,221,47.03,32,24.38,203,17.11,174,5.04,341,6.35,240,33.32,29,20.15,269,14.01,331,11.55,343,20.91,18
"2024","Purdue Fort Wayne",74.81,360,-1.41,322,-1.66,344,-2.29,360,-2.38,359,-3.94,360,-1.54,349,0.989779,324,24.95,314,13.06,348,18.02,246,21.2,122,24.51,53,23.16,99,35.62,185,36.74,33,9.77,334,8.7,263,9.06,148,23.02,259,27.8,60,17.78,231,18.59,106,12.74,241
"2024","Queens",76.38,302,-0.46,227,-1.3,331,-1.93,354,-1.24,312,1.13,89,-0.88,297,0.849977,333,27.77,271,20.18,148,13.7,343,18.61,225,21.73,122,25.67,46,31.66,246,29.5,116,16.99,181,7.69,290,13.95,46,31.51,45,22.14,212,17.8,230,13.89,287,14.48,166
"2024","Quinnipiac",77.1,181,-1.11,303,-0.03,173,0.93,60,0.23,159,-0.25,214,-0.57,250,1.64394,225,27.44,275,21.04,126,21.73,102,14.05,344,27.23,20,15.89,311,42.32,91,20.66,279,15.9,201,10.93,192,10.09,112,23.06,258,27.43,69,18.27,216,18.1,122,13.05,228
"2024","Radford",75.89,346,-0.89,279,-0.06,195,-1.14,310,-2,351,-2.21,330,-0.47,242,1.68871,217,26.26,296,13.92,336,18.36,233,19.51,195,25.23,42,22.91,105,52.24,9,37.19,28,3.8,361,3.13,358,3.54,336,29.78,71,27.13,74,18.49,208,17.1,162,7.42,361
"2024","Rhode Island",77.61,106,0.42,125,0.16,147,-0.4,230,0.02,180,2.13,26,0.29,139,1.43237,258,35.25,102,20.8,134,21.18,120,22.11,101,17.07,273,18.79,236,51.65,11,24.36,204,10.02,330,5.46,337,8.41,168,34.37,16,20.35,265,17.11,257,12.56,316,15.55,121
"2024","Rice",78.03,53,1.56,44,1.14,47,0.4,128,0.87,69,0.45,142,1.35,33,2.54934,45,31.2,192,17.12,254,14.43,330,21.08,127,19.24,202,28.13,21,51.05,12,17.68,318,21.83,79,6.5,320,2.95,350,30.38,58,23.82,162,16.51,280,12.4,322,16.89,83
"2024","Richmond",76.83,229,2.12,13,-0.03,174,0.23,151,-1.78,343,-2.13,326,1.04,56,2.75807,24,30.6,200,22.8,79,18.08,242,17.98,243,22.62,90,18.46,244,35.15,192,23.25,230,16.78,184,12.89,130,11.89,67,24.85,196,26.37,90,17.07,258,16,210,15.66,113
"2024","Rider",76.3,318,-0.93,285,-0.51,245,-1.15,313,-1.03,296,-0.58,243,-0.72,280,2.68347,29,21.98,346,20.97,128,30.35,2,17.34,260,15.16,330,16.18,303,36.15,174,30.73,96,16.08,198,8.42,274,8.61,161,24.43,211,23.96,157,25.89,20,10.88,353,14.84,149
"2024","Robert Morris",77.04,192,-1.71,339,-0.57,251,-0.52,249,0.16,167,2.13,26,-1.14,322,1.57159,233,30.31,217,21.99,103,22.24,90,14.95,330,19.27,200,21.55,142,32.24,236,40.27,13,15.38,212,6.67,312,5.43,284,25.67,168,26.29,94,18.47,210,14.82,262,14.75,155
"2024","Rutgers",77.43,136,0.98,73,0.94,68,0.76,91,-0.31,237,-0.95,278,0.96,64,2.03932,128,35.16,103,20.57,141,19.2,207,23.81,51,20.13,170,16.3,298,37.09,163,21.95,257,22.2,72,12.53,138,6.23,249,32.14,40,13.54,358,23.27,72,16.47,190,14.58,161
"2024","Sacramento St.",77.88,66,0.53,115,1,54,1.06,51,0.58,114,0.52,135,0.76,77,1.41431,264,35.01,106,18.72,201,26.61,22,20.03,173,14.22,342,20.39,197,39.37,126,32.92,76,11.36,303,12.14,150,4.13,322,23.95,223,29.6,31,19.18,185,15.85,217,11.37,301
"2024","Sacred Heart",76.79,237,-1.44,329,-0.56,250,0.36,132,0.46,128,-0.61,248,-1,311,2.19,102,37.88,46,22.32,91,17.61,258,24.3,42,18.06,247,17.59,269,59.71,1,13.63,352,13.9,242,8.77,261,3.84,329,26.6,145,26.52,86,21.59,121,14.97,253,10.18,330
"2024","Saint Francis",77.09,183,-1,296,0.05,159,-0.09,181,0.88,65,-0.14,204,-0.47,243,0.440557,359,36.28,73,19.41,181,14.25,335,22.9,77,21.95,114,21.49,144,27.89,304,34.66,50,19.41,116,9.86,228,8.18,174,29.37,76,28.91,40,16.5,281,14.81,263,10.42,323
"2024","Saint Joseph's",77.01,199,0.17,150,-0.34,223,-0.39,227,-1.24,312,1.13,89,-0.08,178,2.13079,111,25.22,311,21.05,125,11.87,356,20.12,163,21.38,133,25.52,50,42.37,89,25.38,187,15.74,206,11.76,168,4.67,305,29.29,79,18.45,314,19.12,186,19.64,72,13.41,212
"2024","Saint Louis",76.62,268,-0.68,257,-1.86,350,-0.15,190,0.56,120,-0.5,238,-1.27,335,2.15285,108,32.85,157,22.37,89,20.4,156,25.23,32,20.31,165,11.69,355,32.74,228,32.73,80,18.6,138,8.97,255,6.96,218,26.26,153,25.89,102,14.61,322,17.81,131,15.42,126
"2024","Saint Mary's",78.57,14,1.27,55,1.14,46,1.42,30,1.16,46,2.14,24,1.21,45,1.81813,182,26.56,291,24,47,19.03,211,15.12,324,20.86,147,20.92,173,47.5,26,22.37,249,14.22,233,13.14,120,2.68,354,25.12,184,29.34,34,21.8,112,12.23,327,11.42,298
"2024","Saint Peter's",77.25,161,-0.48,232,-0.74,278,-0.69,272,0.34,147,2.13,26,-0.61,262,0.969803,328,40.04,27,18.03,225,28.38,7,15.68,306,17.19,269,20.72,182,34.51,203,29.01,127,9.26,340,16.32,47,10.9,86,25.92,163,27.65,62,13.62,341,14.3,277,18.51,46
"2024","Sam Houston St.",76.35,308,-0.42,221,-1.14,322,-0.96,299,0.5,127,-1.92,320,-0.78,288,1.23437,291,36.2,74,18,226,23.88,60,16.91,284,24.26,58,16.96,283,30.92,262,22.62,244,21.59,84,18.86,23,6.01,261,25.36,174,24.72,133,18.13,220,15.35,236,16.44,94
"2024","Samford",75.9,344,0.45,122,-1.13,321,-0.37,222,-2.33,358,-2.86,351,-0.34,224,2.12357,115,46.36,7,25.72,21,19.29,202,26.54,19,16.01,313,12.37,350,41.34,107,22.35,250,19.49,114,7,303,9.72,125,30.18,61,20.78,256,24.75,42,11.5,344,12.68,246
"2024","San Diego",76.99,206,0.15,153,0.58,105,0.8,82,-1.45,332,-0.87,270,0.37,124,0.881753,332,37.54,50,16.39,280,18.35,234,19.8,183,25.45,37,19.91,210,51.96,10,17.33,321,12.75,272,10.36,214,7.42,199,28.11,105,25.57,111,19.27,182,12.26,326,14.64,158
"2024","San Diego St.",77.67,96,-0.16,193,1.32,38,1.06,50,1.66,23,-1.26,287,0.58,91,2.49078,51,28.91,245,22,102,23.27,73,20.66,143,18.26,243,15.69,315,47.13,29,31.6,90,3.71,362,10.79,196,6.54,235,22.88,261,25.19,122,23.97,55,17.58,144,10.24,329
"2024","San Francisco",78.02,56,0.25,139,0.97,58,2.85,1,0.99,58,-0.69,256,0.61,88,1.733,204,34.93,108,23.92,49,15.2,310,17.13,270,22.24,100,21.49,145,47.76,24,12.95,354,17.23,168,12.56,137,9.43,135,37.8,4,19.11,296,13.2,348,16.63,182,13.22,223
"2024","San Jose St.",77.52,119,1.19,59,1.46,29,0.27,142,-1.24,312,0.23,164,1.32,35,1.70012,215,27.83,269,17.95,227,19.62,186,16.62,289,24.02,63,21.78,137,34.77,201,20.8,275,20.26,102,14.21,96,9.97,116,23.53,244,17.84,320,19.43,171,22.63,13,16.57,89
"2024","Santa Clara",79.09,5,2.74,7,2.29,6,1.8,19,2.35,4,0.56,130,2.51,3,1.89098,170,35.37,99,18.07,222,15.03,316,26.21,21,23.97,65,16.59,290,39.26,127,22.2,254,9.94,331,21.19,14,7.19,207,23.78,230,23.69,165,16.07,291,21.1,35,15.21,136
"2024","Seattle",77.26,159,-0.13,187,0.57,106,-0.88,292,-0.24,213,1.29,74,0.22,146,2.25041,94,32.63,162,17.89,230,18.03,244,20.08,167,27.28,18,16.72,289,39.12,131,19.68,296,18.96,127,9.72,231,12.51,60,20.14,321,23.54,172,18.28,215,18.6,104,19.43,33
"2024","Seton Hall",77.69,95,0.85,79,-0.96,302,0.5,118,0.86,70,1.47,58,-0.05,175,3.02122,11,23.23,334,16.42,279,24.03,56,23.31,68,15.48,323,20.67,185,44.83,53,19.18,302,13.88,244,15.66,59,6.27,245,25.21,178,20.81,254,23.38,66,19.06,92,11.43,296
"2024","Siena",78.27,30,1.29,54,1.57,24,-0.05,178,0.76,79,2.04,36,1.43,24,0.416866,360,36.13,75,23.37,65,11.58,359,20.21,160,23.32,78,21.37,150,34.27,208,20.4,285,13.33,262,12.23,146,19.63,9,21.56,292,19.06,300,15.88,297,23.29,7,20.06,25
"2024","SIU Edwardsville",76.72,249,-0.56,241,-0.03,174,0.77,88,-1.5,333,-0.81,269,-0.3,214,2.47858,55,18.03,359,14.23,327,18.93,215,20.18,161,25.16,43,21.47,146,38.36,145,21.91,259,14.89,218,8.13,281,16.62,19,19.41,329,9.83,362,13.95,334,18.05,126,38.74,1
"2024","SMU",77.42,137,-0.89,280,0.44,120,-0.5,245,0.72,96,1.61,47,-0.22,198,2.36925,79,38.34,40,22.1,100,19.08,209,24.77,37,21.72,124,12.17,354,38.13,149,29.57,113,10.89,312,7.47,295,13.77,48,24.46,209,29.73,29,17.53,241,14.96,256,13.16,224
"2024","South Alabama",76.52,283,-0.28,202,-0.21,210,-1.08,305,-0.64,264,-0.94,277,-0.25,202,1.49672,252,34.36,119,19.81,164,12.06,353,22.2,99,25.46,36,20.47,195,20.84,349,34.31,57,25.21,39,15.98,54,3.66,334,24.77,201,26.68,81,15.06,317,15.38,235,18.11,53
"2024","South Carolina",77.38,146,-0.7,258,0.27,137,0.13,159,0.33,148,1.13,89,-0.21,194,2.9029,18,33.78,131,18.18,218,21.08,127,17.87,247,15.19,329,27.68,24,35.85,181,23.68,220,16.78,186,13.2,117,10.49,100,28.5,100,23.56,170,14.4,326,15.77,219,17.77,62
"2024","South Carolina St.",77.03,195,-0.09,185,-0.75,280,-0.51,246,0.04,179,0.71,120,-0.42,235,0.776691,344,50.43,1,15.48,300,21.68,103,21.04,128,19.24,203,22.51,112,30.79,265,35.38,41,14.08,238,12.87,131,6.76,224,25.99,161,25.22,120,16.66,276,19.22,86,12.8,235
"2024","South Dakota",78.02,55,0.41,127,0.39,125,0.32,139,0.76,79,2.53,13,0.4,116,1.16853,301,30.31,215,24.46,39,19.56,189,17,279,17.02,275,21.96,130,52.98,7,15.07,346,7.47,354,14.79,78,9.7,126,35.81,9,19,302,17.94,227,17.37,151,9.88,333
"2024","South Dakota St.",77.49,125,1.13,66,0.81,80,-0.92,296,-0.14,197,0.83,112,0.97,62,1.8837,171,23.01,336,21.4,112,23.8,62,23.24,70,15.63,320,15.9,309,34.77,199,23.91,213,12.54,279,11.82,161,16.92,16,16.83,354,19.77,281,22.72,84,20.84,41,19.81,27
"2024","South Florida",76.63,266,-0.22,200,-1.14,323,-0.54,253,0.76,79,-1.44,292,-0.68,274,2.43426,65,32.25,172,16.54,272,16.83,278,19.22,204,26.47,26,20.87,178,25.82,326,38.48,21,16.86,183,13.03,124,5.73,271,32.37,39,22.51,200,16.38,284,12.2,328,16.43,96
"2024","Southeast Missouri St.",76.36,306,0.68,101,-0.35,227,-0.63,263,-1.19,308,-2.42,338,0.17,150,0.760863,345,42.47,11,21.33,115,21.44,112,18.63,223,17.86,249,20.72,183,28.04,301,33.34,70,23.22,54,4.73,348,10.58,97,26.13,157,21.94,217,21.92,104,21.14,34,8.83,356
"2024","Southeastern Louisiana",75.98,337,0.54,114,-1.26,328,-0.82,283,-1.02,294,-3.3,354,-0.36,228,2.52871,49,25.67,303,21.22,120,27.21,14,17.44,257,18.87,214,15.23,324,29.77,280,25.85,180,17.46,162,16.52,44,10.33,104,23.76,231,30,27,20.48,147,15.89,215,9.82,336
"2024","Southern",75.72,351,-0.99,294,-2.15,359,-1.59,347,-0.86,282,-1.55,298,-1.57,351,0.820169,338,41.17,18,21.45,109,17.42,262,15.17,321,30.9,3,14.85,334,47.94,22,25.51,184,6.89,356,8.55,270,10.76,89,27.76,119,18.94,303,18.92,194,19.34,82,14.83,150
"2024","Southern Illinois",76.84,228,-1.03,299,-0.31,218,0.84,78,-1.24,312,0.22,165,-0.67,272,2.45761,60,26.35,294,25.5,24,14.99,317,12.87,355,11.69,360,34.81,1,48.83,20,22.67,242,12.53,280,7.04,302,8.69,159,31.16,49,17.8,321,25.53,26,7.97,360,17.4,73
"2024","Southern Indiana",76.91,217,-0.02,176,-0.33,220,0.54,113,0.35,146,-1.75,312,-0.18,187,0.817499,339,34.81,111,20.47,142,15.98,297,23.45,61,29.23,11,10.76,359,39.17,130,13.66,351,28.08,16,12.86,133,6.14,254,26.86,140,24.13,151,25.34,27,11.36,346,12.2,266
"2024","Southern Miss",77.16,171,0.3,136,-0.93,299,0.25,149,0.64,103,-0.15,205,-0.32,217,2.18706,104,24.85,315,15.56,295,19.92,173,23.63,55,25.08,45,15.8,313,31.2,252,14.64,347,24.67,44,14.35,90,15.14,34,27.84,117,19.72,284,20.06,153,13.79,290,18.58,44
"2024","Southern Utah",77.49,123,-0.48,231,-0.2,209,-0.66,268,0.76,79,2.32,18,-0.34,221,1.05067,315,17.66,360,23.28,69,18.41,230,22.35,91,20.69,152,15.14,328,37.45,158,28.19,144,9.37,338,8.09,282,16.75,18,19.92,322,23.89,159,18.76,197,18.23,117,19.07,40
"2024","St. Bonaventure",77.29,154,0.9,78,-0.15,205,-1.09,307,-0.24,213,1.34,68,0.37,121,3.54465,1,30.96,195,27.28,12,11.54,360,20.34,157,25.68,32,15.16,325,33.31,219,29.37,121,25.27,38,7.74,289,4.31,316,19.52,326,32.44,13,22.87,82,13.32,303,11.85,286
"2024","St. John's",78.03,52,1.07,68,-0.28,214,0.39,130,0.76,79,2.49,14,0.39,117,3.17912,5,33.37,142,26.2,18,17.41,263,16.07,300,18.92,213,21.3,152,44.79,54,16.38,337,22.31,71,10.15,221,6.24,248,30.72,54,16.94,334,24.47,49,14.97,252,12.8,236
"2024","St. Thomas",77.06,187,-1.11,304,-0.05,194,0.21,155,-0.17,199,0.69,123,-0.58,251,1.3781,268,29.17,242,24.21,43,17.75,252,19.69,189,22.02,112,16.25,301,32.97,223,22.84,236,16.77,187,22.89,9,4.46,312,24.84,197,22.44,204,22.95,79,17.59,143,12.11,271
"2024","Stanford",77.93,64,2.37,8,1.03,51,1.65,22,0.84,73,-1.97,322,1.7,18,2.67662,30,32.84,158,22.28,95,20.08,168,21.41,116,21.44,131,14.69,338,49.84,16,17,325,14.61,223,9.32,243,9.09,145,34.82,13,18.93,304,17.5,243,15.14,245,13.47,208
"2024","Stephen F. Austin",76.87,222,-0.56,240,-0.63,262,-0.15,190,-0.17,200,0.13,173,-0.6,254,1.59822,230,47.84,4,21.44,110,20.43,154,23.42,63,13.97,345,20.6,188,40.35,116,19.47,298,21.92,77,11.76,167,6.3,242,21.83,288,15.74,348,28.05,8,20.3,51,13.9,188
"2024","Stetson",77.69,92,2.13,12,0.64,97,-0.44,236,-0.32,240,0.73,118,1.39,29,1.68003,219,22.92,339,17.02,257,11.73,358,18.82,217,32.44,2,19.85,212,42.99,75,20.68,277,10.74,317,14.63,85,10.75,90,31.28,48,18.63,310,19.42,172,10.69,355,19.84,26
"2024","Stonehill",76.68,260,-1.41,322,0.84,78,0.62,104,-0.21,207,-2.18,328,-0.29,213,0.88532,331,40.34,26,14.78,315,21.95,95,13.17,352,22.09,107,27.98,23,19.35,353,20.22,287,35.63,1,8.39,276,16.38,20,21.83,287,18.25,316,25.06,31,22.85,11,12,275
"2024","Stony Brook",76.88,219,1.91,22,-0.4,232,-1.61,348,-0.96,292,-0.27,217,0.75,79,2.47923,54,31.41,184,23.65,58,14.65,326,21.02,130,19.85,176,20.75,181,42.88,77,29.81,111,8.28,348,11.79,163,7.15,209,22.36,275,29.58,32,13.88,336,12.14,333,21.99,13
"2024","Syracuse",78.36,25,1.71,31,0.07,156,0.85,64,0.85,71,2.59,11,0.89,70,1.23728,289,28.09,267,16.86,263,20.79,139,15.29,316,30.17,5,16.76,288,45.51,46,19.24,301,13.67,249,8.82,259,12.46,61,26.04,160,16.74,339,30.98,2,13.57,298,12.46,257
"2024","Tarleton St.",76.62,267,-3.05,362,-1.03,307,-0.01,173,1.59,27,-0.1,197,-2.04,358,0.651715,353,20.31,354,16.79,265,28.54,5,14.98,328,19.51,193,20.04,204,38.44,142,30.1,107,12.32,285,10.78,198,8.14,175,19.2,333,21.71,223,30.11,4,17.92,129,10.93,313
"2024","TCU",78.23,32,0.4,128,0.98,56,2.07,8,0.81,75,1.13,89,0.69,85,3.30909,3,37.07,58,15.27,308,20.77,140,22.23,96,20.62,155,21.02,167,44.35,58,18.17,313,22.94,60,11.18,184,3.16,343,27.86,115,23.55,171,20.85,132,13.75,291,13.87,193
"2024","Temple",76.53,282,-0.15,191,-1.73,348,-0.84,287,-0.53,253,0.19,170,-0.94,302,2.2392,96,26.11,300,17.84,232,18.63,225,16.94,282,19.85,177,26.69,34,20.95,347,31.14,92,28.23,15,11.91,156,7.68,191,25.03,188,23.49,173,21.99,102,13.51,300,15.9,104
"2024","Tennessee",76.88,218,0.8,87,0,166,0.06,165,-0.17,201,-2.01,324,0.4,115,2.77829,22,30.31,216,21.81,105,20.04,169,23.53,58,18.26,242,16.27,300,42.26,92,25.38,186,13.57,253,11.76,169,6.97,216,27.07,132,27.52,65,18.16,218,14.68,265,12.51,255
"2024","Tennessee Martin",76.63,265,-0.45,226,0.74,85,-0.02,175,-1.37,329,-1.48,294,0.14,154,2.14948,109,33.46,138,17.45,244,25.61,30,14.54,340,12.7,353,29.65,9,38.83,135,26.81,167,20.61,94,3.46,356,10.13,110,26.07,158,26.97,78,18.31,213,12.7,312,15.85,108
"2024","Tennessee St.",76.33,312,-0.55,239,-1.33,332,-1.43,342,-1.22,311,0.48,139,-0.94,303,1.50227,251,34.31,122,14.59,320,25.1,36,21.23,121,18.53,231,20.54,192,26.56,319,28.01,147,16.99,180,13.63,107,14.75,37,18.64,342,12.87,360,23.97,56,19.92,62,24.56,6
"2024","Tennessee Tech",76.96,210,-0.74,263,-1.51,339,-0.45,237,0.69,101,1.1,103,-1.13,320,1.15677,303,28.57,256,12.31,353,20.3,161,25.62,29,23.34,77,18.3,250,27.25,312,28.66,137,25.36,37,5.76,334,12.73,58,24,220,27.9,58,19.22,183,13.08,304,15.63,116
"2024","Texas",76.81,234,0.34,131,0.47,115,0.27,143,-1.9,346,-0.87,270,0.41,113,3.10241,9,28.8,250,23.68,56,16.86,276,15.14,322,19.23,204,25.02,62,27.16,313,37.13,31,22.14,73,10.44,209,3.01,348,21.91,286,32.17,14,16.68,274,16.58,184,12.58,252
"2024","Texas A&M",77.39,143,-0.66,250,-0.03,174,0.95,59,1.19,43,-0.25,213,-0.34,225,2.45165,62,33.03,151,18.78,197,12.25,352,18.59,226,20.88,145,29.41,11,32.04,241,32.55,81,15.86,202,12.98,126,6.33,241,27.35,126,24.35,145,17.13,255,16.37,194,14.63,160
"2024","Texas A&M Commerce",75.67,352,-0.61,243,-0.82,288,-3.15,362,-2.08,352,-0.71,261,-0.72,279,0.941911,329,35.82,84,25.32,28,19.24,204,26.08,22,18.43,235,10.92,358,25.92,323,23.02,233,16.19,195,18.62,24,16.26,21,25.17,180,23.72,164,18.09,221,21.03,37,11.99,276
"2024","Texas A&M Corpus Chris",76.93,216,-0.72,259,0.59,102,-0.65,266,-0.52,250,0.19,169,-0.06,177,0.830109,336,45.43,8,14.88,312,22.74,80,20.08,166,23.4,75,18.75,237,27.01,314,37.15,29,14.18,236,10.39,212,11.12,81,23.56,242,27.58,64,18.48,209,14.08,283,16.1,101
"2024","Texas Southern",76.5,284,0.63,104,-0.08,199,-0.35,221,-1.65,340,-1.76,313,0.27,141,1.57032,234,48.21,3,16.36,282,16.96,274,13.69,347,27.1,21,25.79,42,32.57,230,30.14,106,18.21,147,12.17,148,6.67,230,20.19,320,22.65,197,24.08,54,17,168,15.88,105
"2024","Texas St.",76.96,211,-0.41,211,-0.25,213,-0.73,276,-0.54,255,1,107,-0.33,220,1.17674,300,31.38,186,20.08,150,16.2,295,20.4,155,20.11,171,23.06,101,42.47,87,23.19,232,19.17,123,6.81,310,8.13,177,22.35,276,25.32,119,22.05,99,12.12,335,17.99,56
"2024","Texas Tech",76.58,276,0.71,98,-1.06,320,-1.04,302,-0.89,285,-0.58,242,-0.18,188,2.47541,56,25.67,302,18.74,199,16.86,277,17.94,245,23.66,72,22.67,109,45.39,49,26.81,168,14.88,219,7.2,300,5.54,279,29.8,70,24.24,148,16.22,289,15.41,233,14.19,175
"2024","The Citadel",77.16,172,0.11,157,-0.68,268,-0.63,261,0.76,79,0.52,136,-0.29,212,1.7329,205,23.71,329,17.15,252,17.88,248,20.23,159,21.79,118,22.8,107,38.57,140,34.3,59,10.39,322,10.28,219,6.27,244,27.01,135,24.48,142,13.59,342,18.58,107,16.19,99
"2024","Toledo",76.24,320,-0.92,283,-0.83,293,-1.95,355,-1.24,312,0.44,143,-0.87,296,1.87171,174,26.61,289,15.03,311,20.51,147,23.54,57,24.4,56,16.51,291,31.33,251,22.4,246,16,199,15.6,61,14.59,40,17.71,350,17.95,317,27.69,9,24.73,3,11.89,283
"2024","Towson",77.54,118,-0.94,288,-0.23,211,0.85,64,1.91,13,0.38,149,-0.59,252,1.66119,221,33.76,132,22.64,83,18.04,243,18.68,222,21.78,119,18.87,234,17.62,360,30.65,99,31.2,8,15.89,55,4.64,307,18.83,339,30.83,21,19.6,166,19.33,83,11.42,297
"2024","Troy",77.12,178,-0.98,292,0.51,111,-0.19,210,-0.24,213,0.79,116,-0.24,199,0.815413,340,36.63,66,16.27,284,13.96,341,17.66,251,28.43,16,23.63,88,28.86,290,28.7,135,13.11,267,17.73,31,11.5,77,27.05,134,19.29,293,17.6,237,18.32,114,17.64,68
"2024","Tulane",77.69,93,-1.27,310,-0.76,282,0.85,64,2.18,9,1.74,40,-1.01,313,3.10481,8,18.12,358,21.4,113,18.77,220,19.83,181,18.66,224,21.24,155,20.65,350,23.85,216,19.3,120,10.54,206,25.5,4,29.92,68,19.06,298,16.75,273,15.55,227,18.59,43
"2024","Tulsa",77.14,175,0.19,148,0.54,107,0.35,133,-0.48,249,-0.65,254,0.36,126,1.19803,297,30.42,206,12.33,352,19.91,175,14.85,331,28.8,13,24,81,30.06,275,34.56,51,22.43,69,10.35,217,2.37,357,26.95,137,24.79,129,19.54,168,17.77,133,10.79,316
"2024","UAB",77.02,196,-0.41,211,1.47,28,-1.14,311,-0.85,281,0.32,158,0.53,100,1.69949,216,29.66,234,17.93,228,21.42,113,21.62,111,17.46,260,21.47,147,38.27,147,32.82,77,13.67,250,8.3,279,6.79,223,22.18,282,35.72,3,13.78,338,14.35,273,13.87,192
"2024","UC Davis",76.77,239,-0.2,197,-2.08,357,-1.15,313,0.38,141,1.19,82,-1.14,321,2.62779,37,31.22,190,13.62,341,10.52,362,20.31,158,34.57,1,20.92,174,40.78,112,21.19,265,12.5,281,12.44,141,13.01,57,22.79,266,19.79,280,19.05,190,21.64,26,16.66,87
"2024","UC Irvine",77.12,179,1.73,29,-0.76,281,-1.15,313,0.16,169,-0.11,198,0.49,104,1.76959,192,41.5,16,22.73,81,19.47,195,15.64,308,22.14,105,19.89,211,43.62,68,20.13,290,20.18,105,12.72,135,3.15,345,28.91,90,25.44,114,17.42,246,17.28,156,10.78,317
"2024","UC Riverside",77.34,151,1.15,63,0.59,103,1.13,42,-1.28,325,-0.61,250,0.87,72,1.37347,269,36.63,65,21.76,107,20.67,142,11.59,360,22.9,84,22.98,104,27.72,307,28.54,138,20.4,98,16.58,42,6.62,234,23.53,243,24.73,132,18.6,202,16.16,205,16.85,85
"2024","UC San Diego",77.71,91,-0.16,192,-0.14,204,0.43,123,0.58,112,2.13,26,-0.15,183,1.70711,212,21.04,351,14.06,331,20.46,150,23.79,52,14.37,341,27.32,25,35.72,183,25.44,185,19.4,117,12.35,143,7.08,212,23.68,235,21.02,244,18.06,222,18.67,103,18.58,45
"2024","UC Santa Barbara",78.17,38,0.67,102,-0.03,174,0.41,127,0.97,59,3.13,4,0.32,135,1.52488,248,30.12,222,22.23,98,14.87,321,21.36,119,22.95,83,18.39,247,34.54,202,44.49,4,7.74,352,9.04,252,3.95,326,21.19,301,25.33,117,21.97,103,20.48,48,10.85,315
"2024","UCF",77.75,85,1.94,19,0.67,94,-0.74,277,0.65,102,0.5,137,1.3,36,2.00796,137,33.18,146,17.86,231,20.86,136,13.48,348,26.55,25,21.26,153,37.1,162,24.68,200,13.37,259,19.22,21,5.63,277,34.07,20,23.49,174,15.54,307,13.53,299,13.38,214
"2024","UCLA",78.18,37,1.9,23,0.96,64,1.23,35,-0.24,213,1.33,70,1.43,25,1.00515,321,27.14,278,23.02,75,18.82,219,14.56,339,22.26,99,21.34,151,35.2,190,27.87,152,20.35,99,12.08,151,4.49,311,24.02,219,20.67,257,24.12,53,22.82,12,8.38,358
"2024","UMass Lowell",75.98,336,-1.32,315,-0.03,174,-1.08,306,-1.74,342,-1.67,304,-0.68,273,2.10122,116,24.47,318,24.27,41,21.66,104,14.64,337,15.49,322,23.75,84,41.43,106,22.64,243,7.7,353,17.18,35,10.85,87,24.14,217,27.97,55,15.84,299,17,167,14.8,153
"2024","UMBC",76.73,246,-1.34,316,-1.7,346,-1.04,303,-0.1,191,2.13,26,-1.52,348,1.0222,317,42.31,12,21.8,106,14.33,334,17.52,256,18.01,248,28.33,18,26.51,320,10.08,361,16.93,182,16.18,50,30.3,1,28.02,112,16.78,337,16.68,275,18.74,98,19.78,28
"2024","UMKC",77.57,112,-1.18,308,-0.82,287,0.85,64,1.63,25,1.65,46,-1,310,1.13171,306,37.33,53,18.98,192,19.92,174,22.47,88,20.13,169,18.44,245,39.75,122,21.9,260,10.68,318,23.67,6,3.94,327,20.2,318,22.3,209,23.28,71,20.39,50,13.76,197
"2024","UNC Asheville",77.61,108,0.99,72,-0.14,203,-0.22,216,0.41,138,1.27,75,0.43,112,2.87958,19,30.39,208,30.71,2,18.12,241,21.04,129,16.56,287,13.57,344,23.64,340,34.37,54,17.64,156,14.98,74,9.37,136,29.05,85,27.05,76,17.37,248,12.49,318,14.04,178
"2024","UNC Greensboro",76.68,258,-0.55,237,0.2,144,-0.93,297,-1.15,303,0.13,173,-0.17,186,1.96873,149,35.27,101,13.68,340,26.98,17,17.55,255,21.82,117,19.96,208,42.19,95,32.8,78,13.37,260,6.93,305,4.72,303,26.84,141,28.78,42,14.61,323,16.31,200,13.46,209
"2024","UNC Wilmington",76.85,226,-1.37,318,-0.03,174,1.29,33,-1.24,312,-0.11,200,-0.7,277,2.44611,63,32.66,161,10.64,361,14.85,322,32.89,1,25.47,35,16.06,307,30.72,266,25.67,182,32.05,7,7.44,296,3.96,325,17.07,352,23.31,178,24.85,36,21.96,20,12.67,248
"2024","UNLV",76.87,221,0.36,130,-0.37,228,0.07,163,-0.81,277,-0.64,251,0,171,2.60931,42,28.82,249,25.44,25,18.22,239,17.25,266,17.1,272,21.89,132,33.66,217,32.93,75,26.78,24,1.64,362,4.86,299,25.04,186,27.49,66,21.9,107,12.17,332,13.29,222
"2024","USC",78.93,7,2.2,10,1.79,18,0.78,85,1.76,16,2.38,17,1.99,11,2.0499,127,35.4,97,16.33,283,14,339,18.07,240,24.47,55,27.07,27,41.61,103,30.89,95,13.64,252,9.15,248,4.55,309,23.12,255,24.19,150,22.04,100,11.05,351,19.54,31
"2024","USC Upstate",77.05,188,-1.03,298,-0.68,267,-0.15,190,0.72,95,0.67,125,-0.86,295,1.53541,245,33.61,133,17.61,239,15.58,305,20.94,135,25.14,44,20.57,189,39.23,128,23.75,218,16.19,196,11.36,178,9.25,142,32.49,37,19.49,287,14.37,328,20.66,46,12.84,233
"2024","UT Arlington",76.36,307,-0.61,242,-0.73,275,-0.57,255,-1.24,312,-0.77,266,-0.67,271,1.43891,257,34.04,128,22.12,99,14.37,333,20.41,154,20.82,148,22.27,119,39.11,132,23.55,225,20.61,95,4.75,347,11.98,64,25.14,183,16.48,345,29.16,5,16.45,191,12.78,238
"2024","UT Rio Grande Valley",77.09,182,-0.65,249,0.64,98,1.17,38,0.14,174,-1.54,297,-0.01,172,0.985174,325,28.53,257,23.84,51,12.58,351,21.79,110,21.85,116,19.94,209,30.16,274,24.55,201,27.63,18,11.97,154,5.69,274,24.74,202,23.98,156,24.27,52,13.62,297,13.39,213
"2024","Utah",79.22,2,3.1,4,2.32,4,1.51,28,1.66,24,1.78,39,2.71,2,2.48245,53,30.13,221,23.81,53,23.94,58,20.06,171,18.5,232,13.51,346,26.74,318,43.63,5,7.03,355,14.94,76,7.41,200,24.99,191,28.56,49,16.6,279,16.36,196,13.31,220
"2024","Utah St.",77.37,147,0.79,89,0.6,101,-1.21,329,-0.24,213,1.2,80,0.7,84,2.42562,69,26.15,299,16.58,271,26.91,19,17.93,246,22.82,85,15.68,316,29,288,39.32,17,11.15,310,15.48,63,4.98,296,21.21,300,28.74,43,13.96,333,19.46,77,16.54,90
"2024","Utah Tech",76.74,245,0.33,132,0.87,75,0.34,135,-2.12,353,-1.44,293,0.6,90,1.30633,280,26.26,297,22.51,86,16.82,279,21.01,131,20.19,167,19.4,227,36.18,173,26.96,162,24.06,50,5.44,339,7.27,203,25.69,167,23.12,182,23.06,77,12.98,306,15.07,140
"2024","Utah Valley",77.67,98,1.68,33,0.78,81,0.23,153,1.09,51,-1.17,284,1.23,44,1.2673,288,33.08,149,22.31,92,21.22,118,20.69,141,17.19,268,18.53,243,49.35,17,16.17,340,10.3,326,12.44,140,11.63,73,35.96,8,18.78,308,15.54,308,14.24,279,15.42,127
"2024","UTEP",77.35,148,-0.97,290,-0.55,249,-0.12,186,0.71,99,1.96,38,-0.76,285,1.82388,181,29.25,239,15.48,301,20.73,141,16.45,296,22.74,88,24.6,71,33.71,215,24,211,14.2,234,19.47,20,8.61,162,30.67,55,21.27,239,11.12,358,22.59,14,14.35,169
"2024","UTSA",77.84,70,1.85,25,0.95,66,-0.01,172,0.16,168,0.53,133,1.4,26,1.13285,305,34.83,110,20.07,151,17.85,249,20.98,132,21.44,130,19.63,219,42.48,86,28.53,139,13.47,255,11.69,173,3.75,332,21.92,285,27.02,77,18.68,199,19.71,66,12.62,250
"2024","Valparaiso",76.32,314,-0.09,183,-0.3,217,-1.43,341,-1.56,336,-0.74,263,-0.19,189,0.541332,356,31.52,181,20.95,129,15.31,309,19.33,200,29.65,7,14.7,337,25.89,324,35.75,39,26.85,23,4.89,344,6.5,236,22.31,279,27.18,73,16.85,270,19.56,75,14,180
"2024","Vanderbilt",76.98,207,-1.08,301,0.27,138,0.59,107,-0.42,244,-0.17,208,-0.41,234,2.3922,75,45.05,10,13.53,343,20.41,155,22.45,89,18.59,228,25.03,61,42.38,88,25.12,193,17.99,151,8.69,265,5.82,266,28.52,98,18.86,305,22.59,86,17.36,152,12.67,247
"2024","VCU",77.92,65,0.24,140,0.71,88,1.11,45,1.76,16,0.07,187,0.47,108,1.41251,265,33.08,150,15.36,305,21.94,96,16.96,280,23.86,66,21.79,135,41.07,110,29.89,108,19.29,121,4.1,352,5.51,281,19.05,335,24.79,130,21.43,123,21.27,32,13.35,215
"2024","Vermont",76.83,230,-1.41,322,-0.52,247,-0.46,239,0.7,100,0.09,184,-0.96,306,2.27435,89,36.81,63,20.41,143,19.29,201,20.05,172,23.69,70,16.42,295,29.27,283,27.7,154,18.61,137,9.72,232,14.58,41,20.44,310,20.97,245,20.46,148,21,39,17.02,81
"2024","Villanova",77.83,72,-1.14,305,0.52,109,0.26,145,1.76,16,2.03,37,-0.31,216,2.9308,17,34.64,113,17.47,243,23.92,59,21.83,107,19.01,211,17.78,263,24.42,337,37.6,23,17.62,157,16.13,51,4.24,319,22.81,264,29.04,37,19.33,179,16.83,174,11.99,277
"2024","Virginia",77.86,68,0.3,135,0.45,117,0.33,138,0.92,63,1.58,50,0.38,119,1.99172,140,32.49,166,19.01,191,19.71,181,14.75,334,23.7,69,22.74,108,33.96,212,35.71,40,14.24,232,10.54,204,5.27,286,18.9,337,26.39,88,17.72,233,19.2,87,17.68,65
"2024","Virginia Tech",77.51,121,0.23,141,0.87,74,0.51,117,-0.02,183,0.22,167,0.55,96,2.42485,70,36.35,70,28.95,5,11.86,357,15.78,305,22.2,102,21.11,164,45.1,50,28.3,143,12.57,278,6.11,322,7.78,188,32.56,34,26.11,99,11,359,14.55,270,15.64,115
"2024","VMI",76.45,292,-0.83,270,-0.6,259,-0.03,177,-1.24,312,-0.79,268,-0.72,281,0.565443,354,37.55,49,17.54,242,23.7,64,10.39,362,18.28,241,30.04,7,26.08,322,26.72,169,24.45,46,16.62,41,6.08,257,22.62,269,30.36,25,25.04,32,12.65,314,9.29,349
"2024","Wagner",76.42,297,-1.41,322,-0.94,300,-1.11,308,-0.27,234,0.13,173,-1.18,327,1.13296,304,36,82,13.98,335,23.57,67,22.56,83,24.65,51,15.14,327,38.56,141,26.1,177,12.13,287,13.98,98,9.07,146,26.66,143,22.91,188,17.21,253,17.62,139,15.5,123
"2024","Wake Forest",77.96,62,1.62,36,2.28,7,-0.17,207,0.53,124,-0.19,209,1.95,12,1.91348,164,24.07,327,12.92,349,15.38,308,24.71,38,21.6,127,25.29,52,35.15,191,38.83,19,12.36,284,5.62,335,7.89,184,33.72,25,24.71,135,13.3,347,16.19,203,11.95,278
"2024","Washington",77.43,134,1.68,32,0.72,87,1.44,29,0.36,144,-2.78,349,1.2,46,3.50961,2,28.04,268,18.3,214,20.37,157,22.51,85,16.63,284,22.17,123,41.83,98,18.62,309,18.15,149,10.78,197,10.54,99,32.44,38,20.85,252,22.71,85,12.63,315,11.32,303
"2024","Washington St.",79.11,4,1.38,51,1.6,22,2.71,2,2.77,1,1.36,66,1.49,22,1.29397,284,30.38,210,22.26,96,24.42,44,17.61,254,13.51,348,22.07,127,43.84,64,29.02,126,17.07,177,4.75,346,5.11,290,28.47,101,24.41,144,21.8,110,15.96,211,9.17,352
"2024","Weber St.",77.88,67,1.13,65,-0.39,230,0.78,87,0.58,118,1.59,49,0.37,123,2.50855,50,25.21,312,15.2,309,19.36,199,28.92,5,18.84,216,17.68,264,40.33,117,17.55,319,13.42,258,15.14,72,13.56,49,17.17,351,17.12,333,40.52,1,11.89,338,13.3,221
"2024","West Virginia",78.16,40,0.93,75,1.45,30,1.36,32,0.26,155,1.08,104,1.19,47,1.80739,183,35.61,90,24.54,38,22.88,79,12.56,358,21.72,125,18.26,251,37.77,155,22.15,255,22.83,62,8.54,272,8.61,163,27.06,133,19.51,286,22.41,90,15.2,243,15.77,111
"2024","Western Carolina",75.54,353,0.23,142,-0.19,208,-1.89,353,-2.25,357,-3.89,359,0.02,165,2.46793,57,24.37,321,11.68,357,26.09,24,24.9,36,19.76,180,17.58,270,52.57,8,27.18,160,10.16,328,4.4,350,5.69,273,15.83,356,33.79,7,25.75,21,14.51,271,10.12,332
"2024","Western Illinois",77.54,115,1.35,52,-0.67,266,-0.15,190,1.24,40,0.23,163,0.34,133,1.06561,312,27.54,274,15.55,296,14.7,325,22.55,84,21.9,115,25.25,53,44.93,52,21.08,270,18.69,134,10.72,199,4.52,310,36.72,5,14.27,355,20.55,144,19.04,93,9.36,347
"2024","Western Kentucky",77.04,193,0.03,170,-0.43,235,0.42,125,-0.04,185,-0.5,233,-0.2,191,1.50297,250,39.06,33,20.6,140,20.58,145,17.03,277,20.55,157,21.24,154,48.89,19,12.22,356,18.48,142,11.12,187,9.3,139,22.8,265,21.37,234,27.68,10,16.55,185,11.59,292
"2024","Western Michigan",77.26,160,0,172,0.99,55,-0.88,290,0.76,79,-0.27,216,0.5,103,1.76549,195,34.47,116,22.7,82,18.29,236,17.4,259,19.62,183,22,129,31.85,243,33.14,72,13.22,264,14.08,97,7.71,190,23.48,245,33.61,9,14.35,329,12.75,310,15.81,110
"2024","Wichita St.",78.07,47,1.17,60,0.97,57,0.33,137,0.93,62,1.23,77,1.07,54,2.25256,93,25.31,310,20.04,152,17.52,259,17.34,261,24.12,61,20.87,177,30.39,271,29.81,112,22.67,65,9.28,244,7.72,189,27.22,128,20.36,264,26.75,13,14.34,275,11.19,307
"2024","William & Mary",77.82,74,-0.19,195,0.2,143,0.43,122,1.24,41,1.71,42,0.01,169,0.814876,341,31.26,188,19.96,155,16.42,287,22.21,98,22.21,101,19.19,229,31.39,250,28.76,134,8.66,345,22.59,10,8.6,164,23.29,251,22.99,186,21.68,117,20.13,57,11.91,282
"2024","Winthrop",77.2,167,-0.68,255,-0.03,174,0.59,109,-0.24,213,0.63,126,-0.35,227,2.76319,23,34.13,124,14.1,330,23.14,74,24.53,41,18.35,238,19.81,214,27.51,310,23.57,224,25.67,34,16.99,36,6.14,255,28.1,106,21.29,237,16.63,278,21.18,33,12.68,245
"2024","Wisconsin",78.39,22,2.28,9,1.5,26,0.89,63,0.76,79,0.81,113,1.89,14,2.48832,52,29.69,233,20.61,139,19.47,194,27.07,15,18.31,239,14.43,341,35.99,176,35.03,47,12.7,274,8.63,268,7.48,198,28.52,99,22.39,206,17.42,247,17.14,160,14.37,168
"2024","Wofford",76.73,248,-0.72,260,-0.28,216,-1.15,312,-0.24,213,0.31,159,-0.5,244,1.09216,308,32.91,154,17.92,229,18.95,214,18.79,219,26.33,27,18.02,257,46.28,39,24.14,208,11.49,301,11.86,158,6.22,251,30.76,53,23.4,176,13.97,332,19.67,69,12.19,267
"2024","Wright St.",77.07,186,-0.87,274,0.37,128,0.85,64,0.17,166,-0.87,270,-0.25,204,2.75766,25,23.58,331,21.19,121,18.37,232,23.47,60,12.33,355,24.6,70,44.07,61,20.46,283,21.86,78,9.23,245,4.29,317,20.67,308,25.89,103,21.81,109,21.29,31,10.31,326
"2024","Wyoming",77.79,82,1.06,70,1.42,31,0.34,134,-0.73,273,1.13,89,1.24,43,1.5666,235,22.94,337,21.39,114,16.39,288,18.55,230,21.26,138,22.36,116,45.72,42,30.33,101,13.09,268,5.98,325,4.79,301,28.39,103,24.92,128,19.45,170,16.31,199,10.88,314
"2024","Xavier",77.23,164,0.38,129,0.36,129,1.07,49,-0.53,252,-0.87,270,0.37,122,2.07466,122,30.91,196,17.54,241,13.99,340,22.18,100,29.26,10,17,282,46.61,35,22.96,234,18.72,131,5.9,330,5.75,270,24.44,210,19.95,273,18.44,211,19.63,73,17.51,72
"2024","Yale",78.22,33,1.64,35,-0.71,271,0.85,64,0.87,67,2.72,9,0.47,109,1.63438,227,26.59,290,23.38,64,16.96,273,21.36,118,20.65,154,17.49,271,38.38,144,31.71,89,10.31,325,5.98,326,13.42,51,33.53,27,21.37,233,13.11,349,15.49,231,16.32,98
"2024","Youngstown St.",76.22,323,0.05,164,-0.34,224,-0.29,219,-1.24,312,-2.84,350,-0.14,182,3.01303,12,27.79,270,17.24,250,22.31,89,20.73,140,21.38,134,18.21,252,28.3,297,32.78,79,17.26,166,13.85,102,7.68,192,20.38,313,33.7,8,17.03,263,18.29,115,10.46,321
